{"type":"FeatureCollection","features":[{"type":"Feature","geometry":{"type":"MultiPolygon","coordinates":[[[[-6.268,53.3483],[-6.268,53.3483],[-6.2679,53.3482],[-6.2679,53.3482],[-6.2679,53.348],[-6.2679,53.348],[-6.2678,53.3479],[-6.2678,53.3478],[-6.2678,53.3477],[-6.2677,53.3474],[-6.2677,53.3474],[-6.2677,53.3474],[-6.2677,53.3474],[-6.2678,53.3474],[-6.2677,53.3473],[-6.2677,53.3472],[-6.2677,53.3472],[-6.2677,53.3472],[-6.2677,53.3471],[-6.2677,53.3471],[-6.2676,53.347],[-6.2676,53.3469],[-6.2676,53.3469],[-6.2676,53.3468],[-6.2676,53.3468],[-6.2676,53.3468],[-6.2676,53.3468],[-6.2675,53.3467],[-6.2675,53.3467],[-6.2675,53.3466],[-6.2676,53.3466],[-6.2676,53.3465],[-6.2676,53.3465],[-6.2675,53.3464],[-6.2675,53.3464],[-6.2675,53.3464],[-6.2675,53.3463],[-6.2675,53.3463],[-6.2676,53.3463],[-6.2676,53.3463],[-6.2677,53.3463],[-6.2677,53.3462],[-6.2677,53.3462],[-6.2677,53.3461],[-6.2678,53.3461],[-6.268,53.3461],[-6.2681,53.3461],[-6.2681,53.3461],[-6.2681,53.3461],[-6.2681,53.3461],[-6.2681,53.3461],[-6.2681,53.3461],[-6.2681,53.3461],[-6.2681,53.3461],[-6.2681,53.3461],[-6.2681,53.3461],[-6.2681,53.3461],[-6.2681,53.3461],[-6.2682,53.3461],[-6.2682,53.3461],[-6.2682,53.3461],[-6.2682,53.3462],[-6.2682,53.3462],[-6.2683,53.3462],[-6.2683,53.3462],[-6.2683,53.3463],[-6.2683,53.3463],[-6.2683,53.3463],[-6.2683,53.3463],[-6.2682,53.3463],[-6.2682,53.3463],[-6.2682,53.3463],[-6.2683,53.3464],[-6.2683,53.3464],[-6.2683,53.3464],[-6.2684,53.3464],[-6.2684,53.3465],[-6.2685,53.3466],[-6.2685,53.3466],[-6.2687,53.3466],[-6.2687,53.3467],[-6.2687,53.3468],[-6.2687,53.3468],[-6.2687,53.3468],[-6.2688,53.3469],[-6.2686,53.3469],[-6.2686,53.347],[-6.2686,53.347],[-6.2686,53.3471],[-6.2687,53.3472],[-6.2686,53.3472],[-6.2686,53.3473],[-6.2686,53.3474],[-6.2686,53.3474],[-6.2687,53.3474],[-6.2687,53.3474],[-6.2687,53.3475],[-6.2687,53.3475],[-6.2688,53.3475],[-6.2688,53.3475],[-6.2688,53.3475],[-6.2689,53.3476],[-6.2689,53.3476],[-6.2689,53.3476],[-6.2689,53.3476],[-6.2689,53.3476],[-6.269,53.3477],[-6.269,53.3477],[-6.269,53.3477],[-6.269,53.3478],[-6.269,53.3478],[-6.269,53.3478],[-6.269,53.3478],[-6.269,53.3479],[-6.2689,53.3479],[-6.2689,53.3479],[-6.2689,53.3479],[-6.2689,53.3482],[-6.269,53.3482],[-6.269,53.3483],[-6.269,53.3484],[-6.2692,53.3484],[-6.2695,53.3484],[-6.2695,53.3484],[-6.2695,53.3485],[-6.2695,53.3485],[-6.2695,53.3486],[-6.2695,53.3486],[-6.2696,53.3488],[-6.2696,53.3489],[-6.2696,53.3489],[-6.2697,53.3492],[-6.2697,53.3493],[-6.2698,53.3494],[-6.2699,53.3496],[-6.2699,53.3497],[-6.27,53.3497],[-6.27,53.3497],[-6.27,53.3498],[-6.2698,53.3499],[-6.2698,53.3499],[-6.2698,53.3499],[-6.2698,53.3499],[-6.2697,53.35],[-6.2698,53.35],[-6.2698,53.35],[-6.2698,53.3501],[-6.2698,53.3501],[-6.2698,53.3501],[-6.2699,53.3501],[-6.2699,53.3501],[-6.2699,53.3502],[-6.2698,53.3502],[-6.2698,53.3503],[-6.27,53.3503],[-6.27,53.3502],[-6.2701,53.3502],[-6.2701,53.3503],[-6.27,53.3503],[-6.2701,53.3503],[-6.2701,53.3504],[-6.2701,53.3504],[-6.2701,53.3504],[-6.2701,53.3504],[-6.2701,53.3504],[-6.27,53.3504],[-6.2701,53.3506],[-6.2702,53.3506],[-6.2702,53.3506],[-6.2702,53.3506],[-6.2702,53.3507],[-6.2701,53.3507],[-6.2702,53.3507],[-6.2702,53.3508],[-6.2701,53.3508],[-6.2701,53.3508],[-6.2701,53.3508],[-6.2701,53.3508],[-6.2702,53.3509],[-6.2701,53.351],[-6.2697,53.351],[-6.2696,53.351],[-6.2695,53.351],[-6.2695,53.3509],[-6.2695,53.3509],[-6.2694,53.3509],[-6.2694,53.3509],[-6.2692,53.3508],[-6.2691,53.3507],[-6.2691,53.3507],[-6.269,53.3507],[-6.2689,53.3506],[-6.2688,53.3505],[-6.2693,53.3503],[-6.2692,53.3501],[-6.2688,53.35],[-6.2688,53.35],[-6.2688,53.35],[-6.2689,53.35],[-6.2689,53.35],[-6.269,53.35],[-6.269,53.35],[-6.269,53.35],[-6.269,53.35],[-6.269,53.35],[-6.269,53.35],[-6.269,53.3499],[-6.2689,53.3499],[-6.2689,53.3498],[-6.2689,53.3498],[-6.2689,53.3497],[-6.2686,53.3498],[-6.2685,53.3497],[-6.2685,53.3496],[-6.2685,53.3495],[-6.2684,53.3495],[-6.2684,53.3495],[-6.2684,53.3494],[-6.2684,53.3494],[-6.2684,53.3493],[-6.2683,53.3492],[-6.2683,53.3491],[-6.2683,53.3491],[-6.2683,53.3491],[-6.2683,53.349],[-6.2682,53.3489],[-6.2682,53.3489],[-6.2682,53.3488],[-6.2682,53.3488],[-6.2681,53.3486],[-6.2681,53.3485],[-6.268,53.3484],[-6.268,53.3483]]]]},"properties":{"aca_name":"Capel Street","council":"dublin-city","council_label":"Dublin City Council","ref":"AA01","designation":"Architectural Conservation Area"}},{"type":"Feature","geometry":{"type":"MultiPolygon","coordinates":[[[[-6.2731,53.368],[-6.2731,53.368],[-6.2731,53.368],[-6.2732,53.3681],[-6.2732,53.3681],[-6.2732,53.3681],[-6.2732,53.3681],[-6.2731,53.3682],[-6.273,53.3683],[-6.273,53.3683],[-6.2729,53.3685],[-6.2728,53.3686],[-6.2728,53.3687],[-6.2727,53.3688],[-6.2727,53.3688],[-6.2726,53.3689],[-6.2726,53.369],[-6.2726,53.369],[-6.2727,53.369],[-6.2728,53.369],[-6.2727,53.3691],[-6.2727,53.3692],[-6.2726,53.3693],[-6.2725,53.3694],[-6.2725,53.3694],[-6.2725,53.3694],[-6.2725,53.3694],[-6.2724,53.3695],[-6.2724,53.3696],[-6.2724,53.3696],[-6.2723,53.3696],[-6.2723,53.3696],[-6.2723,53.3696],[-6.2722,53.3696],[-6.2721,53.3696],[-6.2721,53.3696],[-6.272,53.3698],[-6.2718,53.37],[-6.2715,53.3699],[-6.2714,53.3699],[-6.2713,53.3699],[-6.2716,53.3695],[-6.2715,53.3695],[-6.2714,53.3694],[-6.2714,53.3694],[-6.2712,53.3693],[-6.2712,53.3692],[-6.2703,53.369],[-6.2703,53.369],[-6.2704,53.3689],[-6.2704,53.3689],[-6.2704,53.3688],[-6.2705,53.3687],[-6.2705,53.3687],[-6.2706,53.3686],[-6.2706,53.3686],[-6.2706,53.3686],[-6.2706,53.3686],[-6.2707,53.3685],[-6.2707,53.3685],[-6.2708,53.3685],[-6.2708,53.3685],[-6.2709,53.3684],[-6.2709,53.3684],[-6.2709,53.3684],[-6.271,53.3685],[-6.2711,53.3685],[-6.2712,53.3685],[-6.2713,53.3685],[-6.2713,53.3685],[-6.2714,53.3686],[-6.2714,53.3686],[-6.2714,53.3686],[-6.2714,53.3686],[-6.2714,53.3685],[-6.2714,53.3685],[-6.2714,53.3684],[-6.2713,53.3684],[-6.2713,53.3684],[-6.2712,53.3684],[-6.2712,53.3684],[-6.2711,53.3684],[-6.2711,53.3684],[-6.271,53.3684],[-6.271,53.3683],[-6.2709,53.3683],[-6.2708,53.3683],[-6.2708,53.3683],[-6.2708,53.3683],[-6.2709,53.3682],[-6.2709,53.3682],[-6.2709,53.3682],[-6.2709,53.3681],[-6.2709,53.3681],[-6.2708,53.3681],[-6.2708,53.368],[-6.2708,53.368],[-6.2709,53.3679],[-6.2709,53.3679],[-6.271,53.3678],[-6.271,53.3678],[-6.271,53.3677],[-6.2711,53.3676],[-6.2711,53.3676],[-6.2713,53.3676],[-6.2713,53.3676],[-6.2713,53.3675],[-6.2713,53.3675],[-6.2713,53.3674],[-6.2715,53.3675],[-6.2717,53.3675],[-6.2719,53.3675],[-6.2722,53.3675],[-6.2723,53.3675],[-6.2724,53.3675],[-6.2725,53.3676],[-6.2725,53.3676],[-6.2726,53.3676],[-6.2727,53.3676],[-6.2727,53.3676],[-6.2728,53.3677],[-6.2728,53.3677],[-6.2729,53.3678],[-6.2729,53.3678],[-6.273,53.3679],[-6.2731,53.368]]]]},"properties":{"aca_name":"Prospect-DeCourcy Squa","council":"dublin-city","council_label":"Dublin City Council","ref":"AA04","designation":"Architectural Conservation Area"}},{"type":"Feature","geometry":{"type":"MultiPolygon","coordinates":[[[[-6.2507,53.3356],[-6.2502,53.3354],[-6.2495,53.3351],[-6.2494,53.3351],[-6.2497,53.3347],[-6.2497,53.3347],[-6.2503,53.3341],[-6.2503,53.3341],[-6.2504,53.334],[-6.2504,53.334],[-6.2509,53.3335],[-6.251,53.3336],[-6.2516,53.3338],[-6.2516,53.3338],[-6.2516,53.3338],[-6.2518,53.3339],[-6.2518,53.3339],[-6.2521,53.334],[-6.2529,53.3343],[-6.2531,53.3344],[-6.2532,53.3343],[-6.2533,53.3343],[-6.2534,53.3344],[-6.2533,53.3345],[-6.2534,53.3345],[-6.2536,53.3347],[-6.2537,53.3347],[-6.2538,53.3348],[-6.254,53.335],[-6.2541,53.3351],[-6.2542,53.3351],[-6.2545,53.3354],[-6.2545,53.3355],[-6.2546,53.3356],[-6.2545,53.3356],[-6.2544,53.3358],[-6.2544,53.3358],[-6.2544,53.3359],[-6.2544,53.3359],[-6.2539,53.3362],[-6.2538,53.3363],[-6.2535,53.3364],[-6.2534,53.3365],[-6.2534,53.3365],[-6.2529,53.3364],[-6.2527,53.3363],[-6.2527,53.3363],[-6.2525,53.3362],[-6.2523,53.3362],[-6.2521,53.3364],[-6.252,53.3365],[-6.2519,53.3365],[-6.2518,53.3366],[-6.2518,53.3366],[-6.252,53.3367],[-6.252,53.3367],[-6.252,53.3368],[-6.2518,53.3367],[-6.2517,53.3367],[-6.2515,53.3366],[-6.2511,53.3365],[-6.251,53.3364],[-6.2509,53.3364],[-6.2504,53.3362],[-6.2505,53.3361],[-6.2507,53.3359],[-6.2506,53.3359],[-6.2507,53.3358],[-6.2506,53.3358],[-6.2506,53.3358],[-6.2507,53.3357],[-6.2507,53.3357],[-6.2507,53.3357],[-6.2507,53.3357],[-6.2506,53.3357],[-6.2506,53.3356],[-6.2506,53.3356],[-6.2507,53.3356],[-6.2507,53.3356]]]]},"properties":{"aca_name":"Fitzwilliam Square","council":"dublin-city","council_label":"Dublin City Council","ref":"AA05","designation":"Architectural Conservation Area"}},{"type":"Feature","geometry":{"type":"MultiPolygon","coordinates":[[[[-6.341,53.3485],[-6.3414,53.3482],[-6.3415,53.3481],[-6.3417,53.348],[-6.3407,53.3476],[-6.3405,53.3474],[-6.3402,53.3473],[-6.34,53.3473],[-6.3397,53.3472],[-6.3394,53.3471],[-6.3391,53.347],[-6.3388,53.347],[-6.3386,53.347],[-6.3381,53.3469],[-6.3381,53.3468],[-6.3382,53.3467],[-6.3382,53.3466],[-6.3383,53.3466],[-6.3384,53.3465],[-6.3385,53.3465],[-6.3385,53.3465],[-6.3386,53.3465],[-6.3387,53.3465],[-6.3387,53.3465],[-6.3394,53.3465],[-6.3395,53.3465],[-6.3395,53.3465],[-6.3397,53.3466],[-6.3397,53.3466],[-6.3398,53.3467],[-6.3398,53.3467],[-6.34,53.3468],[-6.34,53.3468],[-6.3404,53.347],[-6.3407,53.3471],[-6.3407,53.3471],[-6.3407,53.3471],[-6.3407,53.3471],[-6.3407,53.3471],[-6.341,53.3473],[-6.3409,53.3473],[-6.3409,53.3474],[-6.3409,53.3474],[-6.3408,53.3474],[-6.3411,53.3475],[-6.3417,53.3478],[-6.3422,53.348],[-6.3425,53.3481],[-6.3426,53.3482],[-6.3426,53.3482],[-6.3427,53.3482],[-6.3428,53.3482],[-6.3429,53.3482],[-6.3431,53.3482],[-6.3434,53.3482],[-6.3439,53.3481],[-6.3442,53.3481],[-6.3447,53.348],[-6.3453,53.348],[-6.3453,53.3479],[-6.3454,53.3479],[-6.3458,53.3478],[-6.3457,53.3477],[-6.3454,53.3475],[-6.3452,53.3473],[-6.3452,53.3472],[-6.3449,53.3471],[-6.3448,53.347],[-6.3447,53.347],[-6.3447,53.3469],[-6.3446,53.3468],[-6.3446,53.3468],[-6.3445,53.3468],[-6.3445,53.3468],[-6.3446,53.3466],[-6.3449,53.3464],[-6.345,53.3464],[-6.345,53.3465],[-6.3451,53.3465],[-6.3453,53.3466],[-6.3454,53.3467],[-6.3454,53.3467],[-6.3456,53.3468],[-6.3457,53.3469],[-6.3458,53.3469],[-6.346,53.347],[-6.346,53.347],[-6.3461,53.3471],[-6.3462,53.3472],[-6.3463,53.3473],[-6.3462,53.3473],[-6.3463,53.3474],[-6.3464,53.3474],[-6.3464,53.3474],[-6.3465,53.3474],[-6.3466,53.3474],[-6.3467,53.3473],[-6.3468,53.3472],[-6.3468,53.3473],[-6.347,53.3472],[-6.3471,53.3471],[-6.3472,53.3472],[-6.3473,53.3472],[-6.3474,53.3473],[-6.3473,53.3474],[-6.3471,53.3475],[-6.3471,53.3475],[-6.3469,53.3476],[-6.3468,53.3477],[-6.3466,53.3478],[-6.3466,53.3478],[-6.3466,53.3479],[-6.3466,53.3479],[-6.3466,53.3479],[-6.3469,53.3482],[-6.3468,53.3483],[-6.3472,53.3486],[-6.3473,53.3486],[-6.3473,53.3486],[-6.3474,53.3486],[-6.3476,53.3485],[-6.3478,53.3484],[-6.3479,53.3484],[-6.3482,53.3482],[-6.3483,53.3482],[-6.3484,53.3483],[-6.3485,53.3484],[-6.3486,53.3485],[-6.3486,53.3486],[-6.3487,53.3487],[-6.3488,53.3488],[-6.3489,53.3489],[-6.3488,53.3489],[-6.3487,53.349],[-6.3486,53.349],[-6.3485,53.3491],[-6.3485,53.3491],[-6.3485,53.3491],[-6.3484,53.3492],[-6.3483,53.3493],[-6.3481,53.3494],[-6.348,53.3493],[-6.3479,53.3493],[-6.3478,53.3492],[-6.3476,53.349],[-6.3474,53.3489],[-6.3474,53.3489],[-6.3473,53.3489],[-6.3473,53.3488],[-6.3471,53.3487],[-6.347,53.3486],[-6.3469,53.3485],[-6.3468,53.3484],[-6.3467,53.3483],[-6.3464,53.3481],[-6.3463,53.348],[-6.3462,53.348],[-6.3462,53.348],[-6.3461,53.3479],[-6.3459,53.3479],[-6.3459,53.3479],[-6.3458,53.3479],[-6.3458,53.3479],[-6.3457,53.3479],[-6.3456,53.3479],[-6.3454,53.348],[-6.3453,53.348],[-6.3453,53.3481],[-6.3453,53.3481],[-6.3453,53.3481],[-6.3454,53.3481],[-6.3454,53.3481],[-6.3455,53.3481],[-6.3455,53.3481],[-6.3456,53.3481],[-6.3457,53.3482],[-6.3458,53.3484],[-6.3459,53.3485],[-6.346,53.3486],[-6.3461,53.3488],[-6.3462,53.3489],[-6.3463,53.3491],[-6.3464,53.3493],[-6.3465,53.3494],[-6.3466,53.3496],[-6.3468,53.3498],[-6.3468,53.3499],[-6.3469,53.3499],[-6.3469,53.35],[-6.3469,53.35],[-6.3467,53.3501],[-6.3468,53.3502],[-6.3467,53.3502],[-6.3468,53.3503],[-6.3468,53.3503],[-6.347,53.3504],[-6.3471,53.3505],[-6.3472,53.3506],[-6.3474,53.3507],[-6.3474,53.3508],[-6.3474,53.3508],[-6.3475,53.3509],[-6.3476,53.351],[-6.3477,53.351],[-6.3478,53.3511],[-6.3478,53.3511],[-6.348,53.3512],[-6.348,53.3512],[-6.3481,53.3511],[-6.3481,53.3512],[-6.3483,53.3511],[-6.3483,53.3511],[-6.3484,53.3511],[-6.3485,53.3512],[-6.3487,53.3514],[-6.3488,53.3515],[-6.3489,53.3517],[-6.3485,53.3518],[-6.3485,53.3518],[-6.3486,53.3519],[-6.3486,53.3519],[-6.3486,53.352],[-6.3486,53.352],[-6.3487,53.352],[-6.3487,53.3521],[-6.3487,53.3521],[-6.3487,53.3521],[-6.3487,53.3522],[-6.3488,53.3523],[-6.3489,53.3523],[-6.3489,53.3524],[-6.3489,53.3524],[-6.3489,53.3525],[-6.3489,53.3525],[-6.3489,53.3525],[-6.3489,53.3526],[-6.3489,53.3526],[-6.349,53.3527],[-6.349,53.3527],[-6.349,53.3527],[-6.349,53.3527],[-6.349,53.3528],[-6.3491,53.3528],[-6.3491,53.3528],[-6.3491,53.3529],[-6.3491,53.3529],[-6.3491,53.3529],[-6.3492,53.353],[-6.3492,53.3531],[-6.3494,53.3533],[-6.3496,53.3534],[-6.3498,53.3535],[-6.35,53.3536],[-6.3501,53.3537],[-6.3504,53.3538],[-6.3505,53.3538],[-6.3505,53.3538],[-6.3506,53.3538],[-6.3506,53.3538],[-6.3506,53.3538],[-6.3506,53.3538],[-6.3507,53.3538],[-6.3507,53.3539],[-6.3508,53.3539],[-6.3509,53.3539],[-6.3512,53.3539],[-6.3513,53.3539],[-6.3514,53.3539],[-6.3515,53.3539],[-6.3515,53.3539],[-6.3516,53.354],[-6.3517,53.354],[-6.3517,53.354],[-6.3518,53.354],[-6.3519,53.3539],[-6.3521,53.3539],[-6.3522,53.3539],[-6.3523,53.3539],[-6.3523,53.354],[-6.3523,53.3541],[-6.3522,53.3541],[-6.3521,53.3542],[-6.352,53.3542],[-6.352,53.3543],[-6.352,53.3544],[-6.3519,53.3544],[-6.3519,53.3544],[-6.3518,53.3545],[-6.3518,53.3545],[-6.3517,53.3546],[-6.3516,53.3547],[-6.3512,53.3549],[-6.351,53.3547],[-6.3507,53.3546],[-6.3506,53.3545],[-6.3505,53.3545],[-6.3504,53.3543],[-6.3499,53.3541],[-6.3495,53.3538],[-6.3493,53.3537],[-6.3491,53.3536],[-6.349,53.3534],[-6.3487,53.3533],[-6.3486,53.3532],[-6.3484,53.3531],[-6.3483,53.353],[-6.3481,53.3529],[-6.348,53.3528],[-6.3476,53.3525],[-6.3474,53.3524],[-6.3472,53.3523],[-6.3467,53.352],[-6.3465,53.3518],[-6.3469,53.3516],[-6.3472,53.3515],[-6.3474,53.3514],[-6.3473,53.3512],[-6.3471,53.3511],[-6.347,53.351],[-6.3466,53.3508],[-6.3464,53.3507],[-6.3463,53.3506],[-6.3463,53.3507],[-6.3462,53.3507],[-6.346,53.3508],[-6.3459,53.3509],[-6.3459,53.3509],[-6.3458,53.3509],[-6.3457,53.3508],[-6.3453,53.3511],[-6.3451,53.3509],[-6.3444,53.3505],[-6.3437,53.35],[-6.3435,53.3499],[-6.3433,53.3498],[-6.3432,53.3498],[-6.3432,53.3497],[-6.3429,53.3496],[-6.3425,53.3493],[-6.3421,53.3491],[-6.3417,53.3489],[-6.3414,53.3487],[-6.3412,53.3486],[-6.3411,53.3486],[-6.341,53.3485]]]]},"properties":{"aca_name":"Chapelizod","council":"dublin-city","council_label":"Dublin City Council","ref":"AA02","designation":"Architectural Conservation Area"}},{"type":"Feature","geometry":{"type":"MultiPolygon","coordinates":[[[[-6.2576,53.3308],[-6.2573,53.3309],[-6.2571,53.3309],[-6.2571,53.3309],[-6.2569,53.331],[-6.2569,53.3309],[-6.2569,53.3309],[-6.2568,53.3307],[-6.2567,53.3307],[-6.2567,53.3307],[-6.2566,53.3307],[-6.2564,53.3307],[-6.2563,53.3308],[-6.2562,53.3308],[-6.2561,53.3308],[-6.256,53.3308],[-6.2557,53.3309],[-6.2554,53.3309],[-6.2551,53.331],[-6.2547,53.3311],[-6.2547,53.3311],[-6.2547,53.3312],[-6.2548,53.3313],[-6.2548,53.3314],[-6.2548,53.3314],[-6.2549,53.3314],[-6.2547,53.3315],[-6.2547,53.3315],[-6.2545,53.3315],[-6.2542,53.3316],[-6.2542,53.3315],[-6.2542,53.3314],[-6.2541,53.3313],[-6.2541,53.3313],[-6.2541,53.3313],[-6.2541,53.3312],[-6.254,53.3311],[-6.2539,53.3309],[-6.2538,53.3308],[-6.2538,53.3308],[-6.254,53.3308],[-6.2539,53.3306],[-6.2538,53.3305],[-6.2538,53.3305],[-6.2538,53.3304],[-6.2537,53.3302],[-6.2536,53.3303],[-6.2533,53.3303],[-6.2532,53.3303],[-6.2532,53.3303],[-6.2532,53.3303],[-6.2531,53.3302],[-6.2533,53.3302],[-6.2535,53.3301],[-6.2538,53.3301],[-6.2539,53.33],[-6.254,53.33],[-6.254,53.33],[-6.2542,53.3299],[-6.2545,53.3299],[-6.2548,53.3298],[-6.2551,53.3298],[-6.2554,53.3297],[-6.2558,53.3296],[-6.2561,53.3295],[-6.2561,53.3296],[-6.2563,53.3295],[-6.2565,53.3295],[-6.2567,53.3294],[-6.2567,53.3294],[-6.2567,53.3295],[-6.2568,53.3296],[-6.2568,53.3296],[-6.2569,53.3297],[-6.257,53.3299],[-6.2571,53.3301],[-6.2573,53.3304],[-6.2574,53.3304],[-6.2574,53.3306],[-6.2575,53.3307],[-6.2576,53.3308]]]]},"properties":{"aca_name":"Dartmouth Square","council":"dublin-city","council_label":"Dublin City Council","ref":"AA03","designation":"Architectural Conservation Area"}},{"type":"Feature","geometry":{"type":"MultiPolygon","coordinates":[[[[-6.2614,53.3408],[-6.2613,53.3408],[-6.2613,53.3408],[-6.2611,53.3407],[-6.2611,53.3407],[-6.2612,53.3407],[-6.2612,53.3406],[-6.2613,53.3406],[-6.2614,53.3407],[-6.2615,53.3407],[-6.2614,53.3408]]]]},"properties":{"aca_name":"Grafton Street","council":"dublin-city","council_label":"Dublin City Council","ref":"AA09","designation":"Architectural Conservation Area"}},{"type":"Feature","geometry":{"type":"MultiPolygon","coordinates":[[[[-6.2622,53.3415],[-6.2623,53.3413],[-6.2625,53.3414],[-6.2625,53.3413],[-6.2625,53.3413],[-6.2625,53.3413],[-6.2626,53.3413],[-6.2626,53.3413],[-6.2627,53.3412],[-6.2628,53.3412],[-6.2629,53.3411],[-6.2629,53.3411],[-6.2629,53.3411],[-6.263,53.3411],[-6.263,53.341],[-6.2631,53.341],[-6.2631,53.3409],[-6.2633,53.341],[-6.2633,53.341],[-6.2636,53.3411],[-6.2639,53.3412],[-6.2641,53.3413],[-6.2641,53.3413],[-6.2638,53.3416],[-6.2638,53.3417],[-6.2638,53.3417],[-6.264,53.3417],[-6.2643,53.3418],[-6.2644,53.3418],[-6.2645,53.3418],[-6.2646,53.3417],[-6.2647,53.3418],[-6.2651,53.3414],[-6.2653,53.3414],[-6.2655,53.3415],[-6.2656,53.3415],[-6.2658,53.3415],[-6.2659,53.3415],[-6.266,53.3415],[-6.266,53.3416],[-6.2662,53.3419],[-6.2661,53.342],[-6.266,53.342],[-6.2659,53.3421],[-6.2659,53.3421],[-6.2658,53.3421],[-6.2658,53.3422],[-6.2657,53.3422],[-6.2657,53.3423],[-6.2657,53.3426],[-6.2656,53.3425],[-6.2655,53.3425],[-6.2655,53.3425],[-6.2654,53.3426],[-6.2654,53.3426],[-6.2653,53.3426],[-6.2653,53.3427],[-6.2652,53.3428],[-6.2651,53.3429],[-6.2648,53.3429],[-6.2645,53.3429],[-6.2644,53.3429],[-6.2644,53.343],[-6.2644,53.3432],[-6.2644,53.3433],[-6.2644,53.3436],[-6.2644,53.3438],[-6.2643,53.3438],[-6.2641,53.3438],[-6.2641,53.3438],[-6.2641,53.3438],[-6.2641,53.3437],[-6.2641,53.3437],[-6.2641,53.3436],[-6.264,53.3436],[-6.264,53.3435],[-6.2641,53.3435],[-6.2641,53.3435],[-6.2641,53.3435],[-6.2641,53.3434],[-6.264,53.3434],[-6.264,53.3434],[-6.264,53.3434],[-6.2638,53.3434],[-6.2638,53.3434],[-6.2637,53.3432],[-6.2636,53.3432],[-6.2634,53.3432],[-6.2634,53.3432],[-6.2634,53.3432],[-6.2634,53.3433],[-6.2634,53.3433],[-6.2633,53.3433],[-6.2631,53.3433],[-6.2631,53.3432],[-6.2629,53.3432],[-6.2629,53.3432],[-6.2629,53.3432],[-6.2627,53.3432],[-6.2626,53.3432],[-6.2626,53.3433],[-6.2626,53.3433],[-6.2624,53.3433],[-6.2624,53.3433],[-6.262,53.3432],[-6.2619,53.3432],[-6.2618,53.3435],[-6.2616,53.3435],[-6.2613,53.3437],[-6.2612,53.3437],[-6.2609,53.3438],[-6.2609,53.3443],[-6.2609,53.3443],[-6.2597,53.3443],[-6.2597,53.3443],[-6.2597,53.3442],[-6.2597,53.344],[-6.2596,53.344],[-6.2597,53.344],[-6.2598,53.3439],[-6.26,53.3438],[-6.2597,53.3437],[-6.2597,53.3436],[-6.2597,53.3436],[-6.2597,53.3436],[-6.2596,53.3435],[-6.2597,53.3435],[-6.2597,53.3435],[-6.2597,53.3435],[-6.2596,53.3435],[-6.2596,53.3434],[-6.2596,53.3434],[-6.2596,53.3433],[-6.2597,53.3432],[-6.2597,53.3432],[-6.2599,53.3432],[-6.26,53.3431],[-6.2601,53.343],[-6.2602,53.3428],[-6.2602,53.3428],[-6.2606,53.3429],[-6.2607,53.3427],[-6.2609,53.3425],[-6.2608,53.3425],[-6.2604,53.3424],[-6.2605,53.3423],[-6.2606,53.3421],[-6.2604,53.3421],[-6.2604,53.342],[-6.2604,53.342],[-6.2605,53.3419],[-6.2605,53.3418],[-6.2606,53.3418],[-6.2606,53.3418],[-6.2608,53.3418],[-6.2609,53.3419],[-6.261,53.3419],[-6.2612,53.3419],[-6.2613,53.342],[-6.2615,53.3419],[-6.2615,53.3419],[-6.2616,53.3418],[-6.2616,53.3418],[-6.2618,53.3418],[-6.2619,53.3419],[-6.262,53.3419],[-6.2621,53.3419],[-6.2621,53.3418],[-6.2621,53.3418],[-6.2622,53.3417],[-6.2623,53.3415],[-6.2624,53.3415],[-6.2623,53.3415],[-6.2622,53.3415]]]]},"properties":{"aca_name":"South City Retail Quarter","council":"dublin-city","council_label":"Dublin City Council","ref":"AA06","designation":"Architectural Conservation Area"}},{"type":"Feature","geometry":{"type":"MultiPolygon","coordinates":[[[[-6.2597,53.3443],[-6.2594,53.3444],[-6.2594,53.3443],[-6.2594,53.3443],[-6.2594,53.3442],[-6.2593,53.3441],[-6.2592,53.344],[-6.2592,53.344],[-6.2592,53.3438],[-6.2593,53.3432],[-6.259,53.3432],[-6.259,53.3431],[-6.2591,53.343],[-6.2591,53.3429],[-6.2592,53.3428],[-6.2592,53.3428],[-6.2592,53.3428],[-6.2593,53.3428],[-6.2592,53.3428],[-6.2591,53.3428],[-6.2591,53.3427],[-6.2591,53.3427],[-6.259,53.3427],[-6.2589,53.3426],[-6.2589,53.3426],[-6.2587,53.3426],[-6.2587,53.3425],[-6.2588,53.3424],[-6.2588,53.3423],[-6.2589,53.3421],[-6.2589,53.3419],[-6.2589,53.3419],[-6.2596,53.342],[-6.2597,53.3419],[-6.2597,53.3419],[-6.2597,53.3418],[-6.2597,53.3418],[-6.2596,53.3418],[-6.2596,53.3418],[-6.2596,53.3418],[-6.2596,53.3418],[-6.2596,53.3417],[-6.2596,53.3417],[-6.2596,53.3417],[-6.2596,53.3417],[-6.2596,53.3416],[-6.2597,53.3416],[-6.2597,53.3415],[-6.2595,53.3415],[-6.2596,53.3413],[-6.2597,53.3413],[-6.2598,53.3414],[-6.2598,53.3413],[-6.2599,53.3413],[-6.2599,53.3414],[-6.2599,53.3414],[-6.2599,53.3413],[-6.26,53.3413],[-6.26,53.3413],[-6.2601,53.3413],[-6.2601,53.3413],[-6.2602,53.3413],[-6.2602,53.3412],[-6.2603,53.3411],[-6.2603,53.3411],[-6.2602,53.3411],[-6.2603,53.341],[-6.2603,53.341],[-6.2603,53.341],[-6.2602,53.341],[-6.2601,53.341],[-6.2601,53.3409],[-6.2601,53.3409],[-6.2602,53.3408],[-6.2599,53.3408],[-6.2599,53.3407],[-6.2599,53.3407],[-6.26,53.3405],[-6.2601,53.3404],[-6.2601,53.3404],[-6.2601,53.3404],[-6.2601,53.3404],[-6.2601,53.3404],[-6.26,53.3403],[-6.2598,53.3403],[-6.2595,53.3403],[-6.2594,53.3403],[-6.2595,53.3401],[-6.2593,53.3401],[-6.2592,53.3403],[-6.259,53.3402],[-6.259,53.3402],[-6.259,53.3402],[-6.259,53.3401],[-6.2589,53.3401],[-6.259,53.34],[-6.259,53.34],[-6.259,53.34],[-6.259,53.34],[-6.2591,53.3399],[-6.2589,53.3399],[-6.2588,53.3399],[-6.2589,53.3397],[-6.2589,53.3397],[-6.2589,53.3397],[-6.2588,53.3397],[-6.2588,53.3397],[-6.2587,53.3397],[-6.2588,53.3395],[-6.2594,53.3396],[-6.2599,53.3398],[-6.2608,53.34],[-6.2608,53.34],[-6.2608,53.34],[-6.2609,53.3401],[-6.2609,53.3401],[-6.261,53.3401],[-6.261,53.3401],[-6.2611,53.3401],[-6.2611,53.3401],[-6.2612,53.3401],[-6.2613,53.3401],[-6.2613,53.3401],[-6.2614,53.3401],[-6.2615,53.3402],[-6.2614,53.3402],[-6.2613,53.3404],[-6.2613,53.3404],[-6.2613,53.3405],[-6.2612,53.3406],[-6.2612,53.3406],[-6.2612,53.3406],[-6.2612,53.3407],[-6.2611,53.3407],[-6.2611,53.3407],[-6.2611,53.3408],[-6.2613,53.3409],[-6.2612,53.341],[-6.2612,53.341],[-6.2611,53.3412],[-6.2609,53.3411],[-6.2609,53.3412],[-6.2609,53.3412],[-6.2609,53.3412],[-6.2608,53.3412],[-6.2608,53.3413],[-6.2607,53.3414],[-6.2609,53.3414],[-6.2608,53.3415],[-6.2608,53.3417],[-6.2607,53.3416],[-6.2607,53.3417],[-6.2607,53.3417],[-6.2607,53.3417],[-6.2606,53.3418],[-6.2605,53.3418],[-6.2605,53.3419],[-6.2604,53.342],[-6.2604,53.342],[-6.2604,53.3421],[-6.2606,53.3421],[-6.2606,53.3421],[-6.2605,53.3422],[-6.2604,53.3424],[-6.2607,53.3425],[-6.2608,53.3425],[-6.2609,53.3425],[-6.2606,53.3429],[-6.2602,53.3428],[-6.2602,53.3428],[-6.2601,53.3429],[-6.2601,53.343],[-6.26,53.3431],[-6.2599,53.3432],[-6.2598,53.3432],[-6.2597,53.3432],[-6.2597,53.3432],[-6.2596,53.3433],[-6.2596,53.3434],[-6.2596,53.3434],[-6.2596,53.3435],[-6.2597,53.3435],[-6.2597,53.3435],[-6.2597,53.3435],[-6.2596,53.3435],[-6.2597,53.3436],[-6.2597,53.3436],[-6.2597,53.3436],[-6.2597,53.3436],[-6.2597,53.3437],[-6.26,53.3438],[-6.2599,53.3438],[-6.2598,53.3439],[-6.2597,53.344],[-6.2596,53.344],[-6.2597,53.344],[-6.2597,53.3441],[-6.2597,53.3442],[-6.2597,53.3443],[-6.2597,53.3443]]]]},"properties":{"aca_name":"Grafton Street","council":"dublin-city","council_label":"Dublin City Council","ref":"AA07","designation":"Architectural Conservation Area"}},{"type":"Feature","geometry":{"type":"MultiPolygon","coordinates":[[[[-6.2587,53.3397],[-6.2588,53.3397],[-6.2588,53.3397],[-6.2589,53.3397],[-6.2589,53.3397],[-6.2588,53.3399],[-6.2589,53.3399],[-6.2591,53.3399],[-6.259,53.34],[-6.259,53.34],[-6.259,53.34],[-6.259,53.34],[-6.2589,53.3401],[-6.259,53.3401],[-6.259,53.3402],[-6.259,53.3402],[-6.259,53.3402],[-6.2592,53.3403],[-6.2593,53.3401],[-6.2595,53.3401],[-6.2594,53.3403],[-6.2595,53.3403],[-6.2597,53.3403],[-6.2597,53.3404],[-6.2596,53.3407],[-6.2599,53.3407],[-6.2599,53.3408],[-6.2602,53.3408],[-6.2601,53.3409],[-6.2601,53.3409],[-6.2601,53.341],[-6.2602,53.341],[-6.2603,53.341],[-6.2603,53.341],[-6.2603,53.341],[-6.2602,53.3411],[-6.2603,53.3411],[-6.2603,53.3411],[-6.2602,53.3412],[-6.2601,53.3413],[-6.2601,53.3413],[-6.26,53.3413],[-6.2599,53.3413],[-6.2599,53.3414],[-6.2599,53.3414],[-6.2599,53.3413],[-6.2598,53.3413],[-6.2598,53.3414],[-6.2597,53.3413],[-6.2596,53.3413],[-6.2595,53.3415],[-6.2597,53.3415],[-6.2597,53.3416],[-6.2596,53.3416],[-6.2596,53.3417],[-6.2596,53.3417],[-6.2596,53.3417],[-6.2596,53.3417],[-6.2596,53.3418],[-6.2596,53.3418],[-6.2596,53.3418],[-6.2597,53.3418],[-6.2597,53.3418],[-6.2597,53.3419],[-6.2597,53.3419],[-6.2596,53.342],[-6.2594,53.3419],[-6.2589,53.3419],[-6.2589,53.3419],[-6.2587,53.3424],[-6.2587,53.3424],[-6.2583,53.3423],[-6.2583,53.3423],[-6.2582,53.3423],[-6.2581,53.3426],[-6.2577,53.3426],[-6.2575,53.3426],[-6.2574,53.3425],[-6.2572,53.3425],[-6.2572,53.3424],[-6.2572,53.3423],[-6.2572,53.3423],[-6.2572,53.3422],[-6.2572,53.3422],[-6.2572,53.3422],[-6.2572,53.3421],[-6.2572,53.3421],[-6.2572,53.342],[-6.2573,53.342],[-6.2578,53.342],[-6.2579,53.3417],[-6.2581,53.3411],[-6.2573,53.341],[-6.2575,53.3405],[-6.2571,53.3404],[-6.257,53.3404],[-6.2571,53.3403],[-6.2571,53.3403],[-6.2571,53.3403],[-6.2571,53.3403],[-6.2572,53.34],[-6.2576,53.3401],[-6.2578,53.3401],[-6.2582,53.3402],[-6.2583,53.3398],[-6.2584,53.3398],[-6.2585,53.3396],[-6.2586,53.3396],[-6.2587,53.3396],[-6.2587,53.3397]]]]},"properties":{"aca_name":"South City Retail Quarter","council":"dublin-city","council_label":"Dublin City Council","ref":"AA08","designation":"Architectural Conservation Area"}},{"type":"Feature","geometry":{"type":"MultiPolygon","coordinates":[[[[-6.2331,53.3708],[-6.2323,53.3715],[-6.2306,53.3709],[-6.2304,53.3713],[-6.2304,53.3715],[-6.23,53.3715],[-6.2298,53.3726],[-6.2309,53.3727],[-6.2317,53.3733],[-6.2318,53.3733],[-6.2319,53.3734],[-6.2318,53.3735],[-6.2316,53.3734],[-6.2276,53.3744],[-6.2275,53.3743],[-6.227,53.3737],[-6.2268,53.3737],[-6.2268,53.3735],[-6.2268,53.3735],[-6.2266,53.3731],[-6.2263,53.373],[-6.2258,53.3728],[-6.2258,53.3728],[-6.2254,53.3727],[-6.2252,53.3727],[-6.2251,53.3727],[-6.2244,53.3726],[-6.2242,53.3726],[-6.2239,53.3726],[-6.2237,53.3725],[-6.2234,53.3724],[-6.2232,53.3723],[-6.2228,53.3722],[-6.2228,53.3721],[-6.223,53.372],[-6.223,53.372],[-6.223,53.372],[-6.223,53.372],[-6.223,53.372],[-6.2237,53.3723],[-6.2245,53.3721],[-6.2252,53.3718],[-6.2261,53.3708],[-6.226,53.3707],[-6.2258,53.3706],[-6.2256,53.3705],[-6.2255,53.3705],[-6.2253,53.3703],[-6.2252,53.3702],[-6.225,53.37],[-6.2249,53.37],[-6.225,53.3698],[-6.2257,53.3692],[-6.2262,53.3688],[-6.2264,53.3685],[-6.2265,53.3685],[-6.2267,53.3686],[-6.227,53.3686],[-6.2272,53.3686],[-6.2274,53.3686],[-6.2277,53.3686],[-6.2279,53.3686],[-6.2281,53.3687],[-6.2301,53.3694],[-6.2333,53.3706],[-6.2333,53.3706],[-6.2333,53.3706],[-6.2332,53.3707],[-6.2332,53.3707],[-6.2331,53.3708]]]]},"properties":{"aca_name":"Marino","council":"dublin-city","council_label":"Dublin City Council","ref":"AA10","designation":"Architectural Conservation Area"}},{"type":"Feature","geometry":{"type":"MultiPolygon","coordinates":[[[[-6.2631,53.3519],[-6.2637,53.3523],[-6.2635,53.3524],[-6.2631,53.3526],[-6.2626,53.3529],[-6.2625,53.3529],[-6.2625,53.3529],[-6.2626,53.353],[-6.2625,53.353],[-6.2625,53.353],[-6.2623,53.3531],[-6.2624,53.3532],[-6.2621,53.3533],[-6.2615,53.3528],[-6.2614,53.3529],[-6.2611,53.353],[-6.261,53.353],[-6.2611,53.3531],[-6.2611,53.3532],[-6.2611,53.3532],[-6.2606,53.3534],[-6.2606,53.3534],[-6.2605,53.3535],[-6.2604,53.3535],[-6.2603,53.3534],[-6.2603,53.3534],[-6.2602,53.3535],[-6.2602,53.3535],[-6.2601,53.3536],[-6.2602,53.3537],[-6.2601,53.3537],[-6.26,53.3538],[-6.2598,53.3538],[-6.2594,53.3535],[-6.2596,53.3534],[-6.2591,53.3523],[-6.2587,53.3513],[-6.2586,53.3513],[-6.2579,53.3514],[-6.2576,53.3508],[-6.2576,53.3506],[-6.2575,53.3505],[-6.2577,53.3505],[-6.2577,53.3504],[-6.2582,53.3504],[-6.2583,53.3504],[-6.2582,53.3503],[-6.2578,53.3492],[-6.2576,53.3487],[-6.257,53.3488],[-6.2569,53.3487],[-6.2569,53.3486],[-6.2568,53.3486],[-6.2568,53.3486],[-6.2567,53.3484],[-6.2575,53.3483],[-6.2573,53.3479],[-6.2573,53.3473],[-6.2572,53.3468],[-6.257,53.3462],[-6.2569,53.3459],[-6.2568,53.3459],[-6.2567,53.3456],[-6.2576,53.3456],[-6.2585,53.3453],[-6.2592,53.3453],[-6.2591,53.3452],[-6.2595,53.3452],[-6.2596,53.3454],[-6.2596,53.3454],[-6.2596,53.3455],[-6.2596,53.3456],[-6.2596,53.3457],[-6.2597,53.3458],[-6.2599,53.3458],[-6.26,53.3463],[-6.26,53.3466],[-6.26,53.3473],[-6.2601,53.3475],[-6.2602,53.348],[-6.2602,53.348],[-6.2603,53.3483],[-6.2607,53.3483],[-6.2607,53.3484],[-6.2607,53.3485],[-6.2608,53.3486],[-6.261,53.3487],[-6.2611,53.3489],[-6.2611,53.349],[-6.2618,53.3489],[-6.2619,53.3489],[-6.2621,53.3492],[-6.2618,53.3492],[-6.2619,53.3493],[-6.2619,53.3493],[-6.2619,53.3493],[-6.262,53.3495],[-6.2621,53.3495],[-6.2622,53.3495],[-6.2623,53.3496],[-6.2625,53.3498],[-6.2626,53.3497],[-6.2628,53.3499],[-6.2626,53.3499],[-6.2627,53.3501],[-6.2623,53.3501],[-6.2618,53.3502],[-6.2622,53.3512],[-6.2626,53.352],[-6.2631,53.3519]]]]},"properties":{"aca_name":"O'Connell Street","council":"dublin-city","council_label":"Dublin City Council","ref":"AA11","designation":"Architectural Conservation Area"}},{"type":"Feature","geometry":{"type":"MultiPolygon","coordinates":[[[[-6.2822,53.3433],[-6.2817,53.3432],[-6.2817,53.3432],[-6.2817,53.3432],[-6.2817,53.3432],[-6.2817,53.3432],[-6.2817,53.3433],[-6.2812,53.3432],[-6.2812,53.3432],[-6.2811,53.3436],[-6.2805,53.3436],[-6.2805,53.3435],[-6.2798,53.3434],[-6.2795,53.3434],[-6.2793,53.3435],[-6.2794,53.3439],[-6.2795,53.344],[-6.278,53.3442],[-6.277,53.3441],[-6.2765,53.3435],[-6.2761,53.3437],[-6.276,53.3436],[-6.276,53.3436],[-6.2759,53.3436],[-6.2757,53.3436],[-6.2756,53.3437],[-6.2755,53.3436],[-6.2752,53.3433],[-6.275,53.3431],[-6.2749,53.343],[-6.275,53.3429],[-6.2744,53.3427],[-6.2744,53.3427],[-6.2742,53.3426],[-6.2739,53.3424],[-6.2734,53.3426],[-6.273,53.3424],[-6.2732,53.3422],[-6.2731,53.3421],[-6.2732,53.3421],[-6.2727,53.3418],[-6.2727,53.3417],[-6.2727,53.3415],[-6.2727,53.3415],[-6.2727,53.3411],[-6.2726,53.3411],[-6.2726,53.341],[-6.2727,53.3409],[-6.2727,53.3406],[-6.2728,53.3405],[-6.2727,53.3404],[-6.2728,53.3403],[-6.2727,53.3402],[-6.2732,53.3402],[-6.2735,53.34],[-6.2734,53.3399],[-6.2733,53.3399],[-6.2733,53.3398],[-6.2732,53.3398],[-6.2732,53.3397],[-6.2734,53.3397],[-6.2735,53.3397],[-6.2734,53.3396],[-6.2732,53.3396],[-6.2731,53.3395],[-6.2731,53.3394],[-6.2733,53.3391],[-6.2754,53.3396],[-6.276,53.3397],[-6.278,53.3399],[-6.2787,53.3398],[-6.2788,53.3398],[-6.2787,53.3397],[-6.2787,53.3396],[-6.2787,53.3395],[-6.2787,53.3394],[-6.2789,53.3393],[-6.2793,53.3392],[-6.2793,53.3391],[-6.2797,53.339],[-6.2802,53.3396],[-6.281,53.3406],[-6.2811,53.3407],[-6.2813,53.3407],[-6.2818,53.3406],[-6.2819,53.3408],[-6.2821,53.3409],[-6.282,53.341],[-6.2812,53.341],[-6.2811,53.3408],[-6.2805,53.3409],[-6.2805,53.3409],[-6.2805,53.341],[-6.2806,53.341],[-6.2806,53.3412],[-6.2806,53.3412],[-6.2806,53.3415],[-6.2821,53.3415],[-6.2821,53.3415],[-6.2821,53.3418],[-6.2821,53.3418],[-6.2821,53.342],[-6.2821,53.342],[-6.282,53.342],[-6.282,53.3422],[-6.2821,53.3422],[-6.2821,53.3423],[-6.2825,53.3423],[-6.2825,53.3427],[-6.2825,53.3427],[-6.2825,53.3427],[-6.2825,53.3427],[-6.2824,53.3427],[-6.2824,53.3427],[-6.282,53.3427],[-6.282,53.3428],[-6.2819,53.3428],[-6.2818,53.3428],[-6.2818,53.343],[-6.2819,53.343],[-6.2824,53.343],[-6.2827,53.343],[-6.2837,53.343],[-6.2837,53.3433],[-6.2837,53.3433],[-6.2831,53.3433],[-6.283,53.3433],[-6.2822,53.3433]]]]},"properties":{"aca_name":"Thomas Street","council":"dublin-city","council_label":"Dublin City Council","ref":"AA12","designation":"Architectural Conservation Area"}},{"type":"Feature","geometry":{"type":"MultiPolygon","coordinates":[[[[-6.2576,53.3583],[-6.2576,53.3583],[-6.2575,53.3583],[-6.2574,53.3584],[-6.2571,53.3585],[-6.2571,53.3585],[-6.2571,53.3585],[-6.2567,53.3582],[-6.2567,53.3582],[-6.2567,53.3582],[-6.2566,53.3582],[-6.2565,53.3581],[-6.2565,53.358],[-6.2564,53.358],[-6.2563,53.3579],[-6.2563,53.3579],[-6.2563,53.3579],[-6.2563,53.3579],[-6.2563,53.3579],[-6.2562,53.3579],[-6.2562,53.3579],[-6.256,53.358],[-6.2558,53.3578],[-6.2558,53.3578],[-6.2557,53.3577],[-6.2557,53.3577],[-6.2556,53.3576],[-6.2556,53.3576],[-6.2556,53.3575],[-6.2555,53.3575],[-6.2555,53.3575],[-6.2554,53.3575],[-6.2554,53.3575],[-6.2554,53.3575],[-6.2554,53.3575],[-6.2553,53.3575],[-6.2553,53.3575],[-6.2553,53.3575],[-6.2553,53.3576],[-6.2552,53.3576],[-6.2552,53.3576],[-6.2551,53.3576],[-6.2551,53.3576],[-6.2551,53.3575],[-6.2551,53.3575],[-6.2551,53.3575],[-6.255,53.3575],[-6.255,53.3575],[-6.255,53.3575],[-6.255,53.3574],[-6.255,53.3574],[-6.2551,53.3574],[-6.2551,53.3574],[-6.2551,53.3575],[-6.2551,53.3575],[-6.2551,53.3574],[-6.2553,53.3574],[-6.2554,53.3573],[-6.255,53.3569],[-6.2549,53.3567],[-6.2548,53.3567],[-6.2548,53.3567],[-6.2548,53.3567],[-6.2548,53.3566],[-6.2547,53.3566],[-6.2545,53.3564],[-6.2545,53.3564],[-6.2543,53.3562],[-6.2545,53.3562],[-6.2548,53.3561],[-6.2549,53.356],[-6.2552,53.3559],[-6.2552,53.3559],[-6.2552,53.3559],[-6.2553,53.3559],[-6.2553,53.3558],[-6.2559,53.3556],[-6.2563,53.3554],[-6.2564,53.3554],[-6.2566,53.3554],[-6.2568,53.3553],[-6.257,53.3552],[-6.2571,53.3552],[-6.2573,53.3551],[-6.2575,53.355],[-6.2574,53.355],[-6.2578,53.3549],[-6.258,53.3551],[-6.2581,53.3551],[-6.2582,53.3553],[-6.2582,53.3553],[-6.2584,53.3554],[-6.2584,53.3554],[-6.2584,53.3554],[-6.2584,53.3554],[-6.2584,53.3554],[-6.2584,53.3554],[-6.2585,53.3554],[-6.2585,53.3555],[-6.2585,53.3555],[-6.2585,53.3555],[-6.2584,53.3555],[-6.2585,53.3556],[-6.2586,53.3557],[-6.2586,53.3557],[-6.2587,53.3558],[-6.2587,53.3558],[-6.2587,53.3558],[-6.2587,53.3558],[-6.2588,53.3558],[-6.2588,53.3559],[-6.2589,53.3558],[-6.2589,53.3558],[-6.2592,53.3557],[-6.2596,53.356],[-6.2598,53.3561],[-6.2599,53.3562],[-6.26,53.3563],[-6.2601,53.3563],[-6.2601,53.3564],[-6.2602,53.3564],[-6.2603,53.3564],[-6.2605,53.3566],[-6.2606,53.3567],[-6.2608,53.3568],[-6.2608,53.3568],[-6.2609,53.3569],[-6.2607,53.357],[-6.2604,53.3571],[-6.2606,53.3573],[-6.2607,53.3574],[-6.2608,53.3575],[-6.2607,53.3575],[-6.2607,53.3575],[-6.2606,53.3575],[-6.2606,53.3576],[-6.2604,53.3576],[-6.2602,53.3577],[-6.2602,53.3577],[-6.26,53.3577],[-6.2598,53.3575],[-6.2595,53.3576],[-6.2592,53.3577],[-6.2585,53.358],[-6.258,53.3581],[-6.2579,53.3582],[-6.2576,53.3583]]]]},"properties":{"aca_name":"Mountjoy Square","council":"dublin-city","council_label":"Dublin City Council","ref":"AA13","designation":"Architectural Conservation Area"}},{"type":"Feature","geometry":{"type":"MultiPolygon","coordinates":[[[[-6.2537,53.3256],[-6.2536,53.3256],[-6.2536,53.3255],[-6.2532,53.3257],[-6.2531,53.3256],[-6.2531,53.3256],[-6.2531,53.3256],[-6.2538,53.3253],[-6.2539,53.3253],[-6.2539,53.3254],[-6.2539,53.3255],[-6.2539,53.3255],[-6.254,53.3255],[-6.254,53.3255],[-6.2539,53.3256],[-6.2538,53.3256],[-6.2538,53.3256],[-6.2537,53.3256]]]]},"properties":{"aca_name":"Westmoreland Park","council":"dublin-city","council_label":"Dublin City Council","ref":"AA14","designation":"Architectural Conservation Area"}},{"type":"Feature","geometry":{"type":"MultiPolygon","coordinates":[[[[-6.2165,53.3327],[-6.2167,53.3328],[-6.217,53.3331],[-6.2167,53.3332],[-6.2165,53.3333],[-6.2162,53.3334],[-6.2162,53.3335],[-6.216,53.3337],[-6.2157,53.3334],[-6.2149,53.3338],[-6.2148,53.3338],[-6.2146,53.3337],[-6.2146,53.3338],[-6.2144,53.3338],[-6.2144,53.3339],[-6.2144,53.334],[-6.2144,53.3341],[-6.2144,53.3343],[-6.2145,53.3344],[-6.2145,53.3344],[-6.2145,53.3344],[-6.2143,53.3345],[-6.2144,53.3345],[-6.2143,53.3345],[-6.2143,53.3346],[-6.2143,53.3346],[-6.2139,53.3347],[-6.2137,53.3345],[-6.2126,53.3338],[-6.2126,53.3338],[-6.2123,53.3337],[-6.2123,53.3337],[-6.2122,53.3337],[-6.2122,53.3337],[-6.2122,53.3337],[-6.2122,53.3337],[-6.2119,53.3335],[-6.2119,53.3335],[-6.2122,53.3334],[-6.2126,53.3333],[-6.2126,53.3333],[-6.2131,53.3332],[-6.2137,53.333],[-6.2137,53.333],[-6.2139,53.333],[-6.214,53.3329],[-6.214,53.3329],[-6.2142,53.3328],[-6.2137,53.3326],[-6.2128,53.3323],[-6.2127,53.3323],[-6.2127,53.3323],[-6.2128,53.3321],[-6.2126,53.332],[-6.2123,53.3319],[-6.2122,53.3318],[-6.2126,53.3316],[-6.2126,53.3315],[-6.2126,53.3315],[-6.2125,53.3314],[-6.2121,53.3313],[-6.2121,53.3313],[-6.2123,53.3313],[-6.2125,53.3312],[-6.2127,53.3312],[-6.2128,53.3311],[-6.2128,53.3312],[-6.2129,53.3313],[-6.2129,53.3314],[-6.213,53.3314],[-6.213,53.3314],[-6.213,53.3313],[-6.2132,53.3313],[-6.2135,53.3313],[-6.2136,53.3313],[-6.2136,53.3313],[-6.2137,53.3313],[-6.2138,53.3313],[-6.2138,53.3313],[-6.2138,53.3313],[-6.2137,53.3315],[-6.2137,53.3315],[-6.2137,53.3315],[-6.2142,53.3315],[-6.2142,53.3312],[-6.2146,53.3312],[-6.2147,53.3313],[-6.2151,53.3312],[-6.2151,53.3313],[-6.2151,53.3313],[-6.2152,53.3313],[-6.2152,53.3313],[-6.2153,53.3312],[-6.2155,53.3312],[-6.2156,53.3312],[-6.2157,53.3312],[-6.2158,53.331],[-6.2158,53.3308],[-6.2159,53.3308],[-6.2162,53.3308],[-6.2163,53.3308],[-6.2167,53.3308],[-6.2168,53.3309],[-6.2168,53.3309],[-6.2168,53.3309],[-6.2167,53.3309],[-6.2167,53.3309],[-6.2166,53.331],[-6.2166,53.331],[-6.2166,53.3312],[-6.2167,53.3312],[-6.2167,53.3313],[-6.2164,53.3313],[-6.2164,53.3313],[-6.2164,53.3316],[-6.2166,53.3316],[-6.2166,53.3315],[-6.2168,53.3315],[-6.217,53.3315],[-6.2169,53.3314],[-6.2173,53.3313],[-6.2173,53.3313],[-6.2175,53.3314],[-6.2175,53.3314],[-6.2177,53.3315],[-6.2178,53.3316],[-6.2178,53.3316],[-6.2177,53.3317],[-6.2176,53.3317],[-6.2176,53.3317],[-6.2176,53.3318],[-6.2174,53.3318],[-6.2175,53.332],[-6.2173,53.3321],[-6.217,53.3322],[-6.217,53.3322],[-6.2169,53.3323],[-6.2169,53.3323],[-6.2167,53.3324],[-6.2167,53.3324],[-6.2167,53.3324],[-6.2167,53.3325],[-6.2167,53.3325],[-6.2167,53.3325],[-6.2168,53.3326],[-6.2167,53.3326],[-6.2167,53.3326],[-6.2165,53.3327]]]]},"properties":{"aca_name":"Sandymount Village","council":"dublin-city","council_label":"Dublin City Council","ref":"AA15","designation":"Architectural Conservation Area"}},{"type":"Feature","geometry":{"type":"MultiPolygon","coordinates":[[[[-6.2538,53.3264],[-6.2547,53.326],[-6.2549,53.326],[-6.2549,53.3261],[-6.2549,53.3261],[-6.255,53.3261],[-6.255,53.3261],[-6.255,53.3261],[-6.255,53.3261],[-6.2542,53.3264],[-6.2541,53.3263],[-6.2539,53.3264],[-6.2538,53.3264],[-6.2538,53.3264]]]]},"properties":{"aca_name":"Temple Place","council":"dublin-city","council_label":"Dublin City Council","ref":"AA16","designation":"Architectural Conservation Area"}},{"type":"Feature","geometry":{"type":"MultiPolygon","coordinates":[[[[-6.251,53.322],[-6.2504,53.3226],[-6.25,53.323],[-6.2498,53.323],[-6.2498,53.3229],[-6.2507,53.322],[-6.251,53.322]]]]},"properties":{"aca_name":"Collier's Avenue","council":"dublin-city","council_label":"Dublin City Council","ref":"AA17","designation":"Architectural Conservation Area"}},{"type":"Feature","geometry":{"type":"MultiPolygon","coordinates":[[[[-6.2554,53.3239],[-6.2556,53.3244],[-6.2552,53.3245],[-6.2555,53.3248],[-6.2552,53.3249],[-6.255,53.325],[-6.2548,53.3249],[-6.2542,53.3246],[-6.2539,53.3245],[-6.2545,53.3239],[-6.2548,53.3238],[-6.2549,53.3239],[-6.255,53.324],[-6.255,53.324],[-6.2548,53.3234],[-6.255,53.323],[-6.2551,53.323],[-6.2551,53.3231],[-6.2554,53.3239]]]]},"properties":{"aca_name":"Elmwood, ElmPark Ave","council":"dublin-city","council_label":"Dublin City Council","ref":"AA18","designation":"Architectural Conservation Area"}},{"type":"Feature","geometry":{"type":"MultiPolygon","coordinates":[[[[-6.317,53.3192],[-6.3163,53.3199],[-6.3163,53.3199],[-6.3163,53.3199],[-6.3163,53.3199],[-6.3164,53.3199],[-6.3163,53.3199],[-6.3164,53.32],[-6.3164,53.32],[-6.3164,53.3201],[-6.3166,53.3202],[-6.3167,53.3202],[-6.3168,53.3204],[-6.3171,53.3204],[-6.3173,53.3204],[-6.3174,53.3206],[-6.3173,53.3206],[-6.3173,53.3206],[-6.3173,53.3207],[-6.3173,53.3207],[-6.3173,53.3207],[-6.3174,53.3207],[-6.3175,53.3206],[-6.3175,53.3206],[-6.3176,53.3207],[-6.3176,53.3207],[-6.3176,53.3207],[-6.3176,53.3207],[-6.3177,53.3207],[-6.3179,53.3208],[-6.3178,53.3208],[-6.3179,53.3208],[-6.3179,53.3208],[-6.318,53.3209],[-6.318,53.3209],[-6.3179,53.321],[-6.3179,53.321],[-6.3179,53.3211],[-6.3179,53.3211],[-6.3179,53.3211],[-6.3179,53.3211],[-6.3178,53.3212],[-6.3179,53.3212],[-6.318,53.3212],[-6.3181,53.3212],[-6.3181,53.3211],[-6.3182,53.321],[-6.3184,53.3209],[-6.3186,53.3207],[-6.3186,53.3207],[-6.3187,53.3206],[-6.3192,53.3208],[-6.319,53.321],[-6.319,53.321],[-6.3188,53.3211],[-6.3188,53.3211],[-6.3188,53.3212],[-6.3188,53.3212],[-6.3188,53.3212],[-6.3189,53.3213],[-6.319,53.3213],[-6.319,53.3214],[-6.319,53.3214],[-6.3192,53.3214],[-6.3191,53.3215],[-6.3192,53.3216],[-6.3191,53.3216],[-6.319,53.3217],[-6.3191,53.3218],[-6.3194,53.3216],[-6.3196,53.3217],[-6.3196,53.3217],[-6.3196,53.3217],[-6.3196,53.3217],[-6.3196,53.3218],[-6.3196,53.3218],[-6.3196,53.3218],[-6.3196,53.3218],[-6.3195,53.3219],[-6.3199,53.3221],[-6.32,53.3221],[-6.3201,53.3222],[-6.3201,53.3222],[-6.32,53.3222],[-6.3202,53.3224],[-6.32,53.3224],[-6.3201,53.3225],[-6.3202,53.3225],[-6.3205,53.3224],[-6.3206,53.3225],[-6.3203,53.3226],[-6.3197,53.3229],[-6.3196,53.3229],[-6.3196,53.323],[-6.3195,53.323],[-6.3195,53.323],[-6.3192,53.3231],[-6.319,53.3233],[-6.3189,53.3234],[-6.3188,53.3234],[-6.3187,53.3234],[-6.3182,53.3232],[-6.3182,53.3231],[-6.3185,53.3228],[-6.3185,53.3228],[-6.319,53.3225],[-6.3188,53.3223],[-6.3187,53.3223],[-6.3187,53.3222],[-6.3187,53.3222],[-6.3186,53.3222],[-6.3186,53.3222],[-6.3185,53.3222],[-6.3183,53.3221],[-6.3182,53.322],[-6.3179,53.3218],[-6.3177,53.3218],[-6.3177,53.3217],[-6.3176,53.3217],[-6.3176,53.3217],[-6.3174,53.3217],[-6.3173,53.3216],[-6.3171,53.3216],[-6.3172,53.3215],[-6.3169,53.3213],[-6.3168,53.3213],[-6.3168,53.3213],[-6.3168,53.3212],[-6.3169,53.3212],[-6.3169,53.3212],[-6.3167,53.3212],[-6.3166,53.3212],[-6.3164,53.3213],[-6.3164,53.3213],[-6.3161,53.3212],[-6.316,53.3212],[-6.316,53.3212],[-6.3157,53.3211],[-6.3156,53.3211],[-6.3158,53.3208],[-6.3152,53.3207],[-6.3154,53.3204],[-6.3155,53.3203],[-6.3154,53.3202],[-6.3153,53.3202],[-6.3153,53.3202],[-6.3152,53.3202],[-6.315,53.3199],[-6.315,53.3199],[-6.3149,53.3199],[-6.3149,53.3199],[-6.3145,53.3197],[-6.3144,53.3193],[-6.3144,53.3193],[-6.3144,53.3191],[-6.3144,53.3189],[-6.3144,53.3189],[-6.3142,53.3189],[-6.3142,53.3187],[-6.3143,53.3185],[-6.3143,53.3185],[-6.3143,53.3184],[-6.3144,53.3183],[-6.3144,53.3182],[-6.3144,53.3182],[-6.3145,53.3181],[-6.3145,53.318],[-6.3145,53.3179],[-6.3146,53.3178],[-6.3146,53.3177],[-6.3147,53.3177],[-6.3147,53.3176],[-6.3147,53.3176],[-6.3148,53.3176],[-6.3148,53.3175],[-6.3148,53.3175],[-6.3149,53.3175],[-6.3149,53.3174],[-6.3149,53.3174],[-6.315,53.3173],[-6.315,53.3173],[-6.3151,53.3172],[-6.3151,53.3172],[-6.3151,53.3172],[-6.3151,53.3172],[-6.3152,53.3171],[-6.3154,53.3172],[-6.3155,53.3173],[-6.3157,53.3174],[-6.3158,53.3174],[-6.3161,53.3177],[-6.3161,53.3177],[-6.3162,53.3178],[-6.3162,53.3178],[-6.3162,53.3178],[-6.3163,53.3179],[-6.3164,53.318],[-6.3166,53.3181],[-6.3168,53.3182],[-6.3169,53.3183],[-6.317,53.3184],[-6.3169,53.3185],[-6.3169,53.3185],[-6.3173,53.3189],[-6.3173,53.3189],[-6.317,53.3192]]]]},"properties":{"aca_name":"Crumlin Village","council":"dublin-city","council_label":"Dublin City Council","ref":"AA19","designation":"Architectural Conservation Area"}},{"type":"Feature","geometry":{"type":"MultiPolygon","coordinates":[[[[-6.2384,53.3226],[-6.2384,53.3225],[-6.2383,53.3225],[-6.2379,53.3222],[-6.2379,53.3222],[-6.2379,53.3221],[-6.2378,53.3221],[-6.2377,53.322],[-6.2379,53.3219],[-6.2379,53.3219],[-6.2381,53.3218],[-6.2383,53.322],[-6.2384,53.322],[-6.2387,53.3216],[-6.2386,53.3214],[-6.2387,53.3213],[-6.2387,53.3213],[-6.2388,53.3213],[-6.2388,53.3213],[-6.2389,53.3213],[-6.239,53.3212],[-6.2392,53.3211],[-6.2394,53.3211],[-6.2393,53.321],[-6.2395,53.3209],[-6.2396,53.3209],[-6.2397,53.3208],[-6.24,53.3207],[-6.2402,53.3206],[-6.2404,53.3205],[-6.2405,53.3205],[-6.2408,53.3204],[-6.241,53.3203],[-6.2409,53.3203],[-6.2409,53.3203],[-6.241,53.3202],[-6.2409,53.3202],[-6.2408,53.3202],[-6.2408,53.3202],[-6.241,53.3201],[-6.241,53.32],[-6.2411,53.32],[-6.2412,53.3199],[-6.2414,53.32],[-6.2415,53.32],[-6.2415,53.3201],[-6.2416,53.3201],[-6.2417,53.32],[-6.2419,53.32],[-6.242,53.3199],[-6.2422,53.3197],[-6.2424,53.3198],[-6.2424,53.3198],[-6.2424,53.3198],[-6.2425,53.3198],[-6.2428,53.3196],[-6.2429,53.3197],[-6.2431,53.3197],[-6.2433,53.3199],[-6.2432,53.3199],[-6.2433,53.3201],[-6.243,53.3204],[-6.2428,53.3204],[-6.2428,53.3204],[-6.2428,53.3205],[-6.2427,53.3205],[-6.2426,53.3206],[-6.2425,53.3206],[-6.2425,53.3207],[-6.2425,53.3207],[-6.2424,53.3207],[-6.2424,53.3207],[-6.2424,53.3207],[-6.2424,53.3207],[-6.2424,53.3207],[-6.2423,53.3207],[-6.2423,53.3207],[-6.2421,53.3208],[-6.242,53.3208],[-6.2419,53.3209],[-6.2418,53.3209],[-6.2418,53.3209],[-6.2418,53.3209],[-6.2418,53.3209],[-6.2418,53.3209],[-6.2409,53.3213],[-6.2406,53.3214],[-6.2401,53.3218],[-6.2401,53.3218],[-6.2402,53.3218],[-6.2403,53.3218],[-6.2405,53.3218],[-6.2406,53.3218],[-6.2407,53.3218],[-6.2408,53.3219],[-6.2407,53.3221],[-6.2407,53.3222],[-6.2406,53.3222],[-6.2406,53.3222],[-6.2405,53.3223],[-6.2405,53.3224],[-6.2405,53.3226],[-6.2404,53.3227],[-6.2403,53.3229],[-6.2403,53.323],[-6.2402,53.323],[-6.2409,53.3232],[-6.2408,53.3233],[-6.2407,53.3233],[-6.2406,53.3235],[-6.2403,53.3237],[-6.2401,53.3235],[-6.24,53.3235],[-6.24,53.3235],[-6.2395,53.3237],[-6.2391,53.3234],[-6.2396,53.3231],[-6.2396,53.3231],[-6.2393,53.3229],[-6.2394,53.3228],[-6.2394,53.3228],[-6.2394,53.3228],[-6.2394,53.3228],[-6.2396,53.3227],[-6.2395,53.3227],[-6.2394,53.3226],[-6.2394,53.3226],[-6.2394,53.3226],[-6.2395,53.3225],[-6.2395,53.3224],[-6.2396,53.3223],[-6.2396,53.3223],[-6.2393,53.3223],[-6.2393,53.3223],[-6.2391,53.3225],[-6.239,53.3225],[-6.2387,53.3228],[-6.2384,53.3227],[-6.2384,53.3228],[-6.2382,53.3227],[-6.2383,53.3227],[-6.2383,53.3226],[-6.2384,53.3226]]]]},"properties":{"aca_name":"Belmount-Mount Eden","council":"dublin-city","council_label":"Dublin City Council","ref":"AA20","designation":"Architectural Conservation Area"}},{"type":"Feature","geometry":{"type":"MultiPolygon","coordinates":[[[[-6.254,53.3255],[-6.2541,53.3256],[-6.2542,53.3256],[-6.2543,53.3257],[-6.2542,53.3257],[-6.2543,53.3258],[-6.2545,53.326],[-6.2544,53.326],[-6.2539,53.3262],[-6.2537,53.3261],[-6.2536,53.3261],[-6.2535,53.3261],[-6.2534,53.3261],[-6.2533,53.3261],[-6.2534,53.326],[-6.2533,53.3259],[-6.2534,53.3259],[-6.2533,53.3258],[-6.2534,53.3257],[-6.2535,53.3258],[-6.2535,53.3258],[-6.2538,53.3257],[-6.2537,53.3256],[-6.2538,53.3256],[-6.2538,53.3256],[-6.2539,53.3256],[-6.254,53.3255]]]]},"properties":{"aca_name":"Ranelagh Avenue","council":"dublin-city","council_label":"Dublin City Council","ref":"AA21","designation":"Architectural Conservation Area"}},{"type":"Feature","geometry":{"type":"MultiPolygon","coordinates":[[[[-6.2769,53.3612],[-6.2768,53.3612],[-6.2768,53.3612],[-6.2767,53.3612],[-6.2767,53.3612],[-6.2767,53.3613],[-6.2766,53.3613],[-6.2766,53.3613],[-6.2766,53.3613],[-6.2766,53.3613],[-6.2766,53.3613],[-6.2765,53.3613],[-6.2765,53.3614],[-6.2765,53.3614],[-6.2764,53.3614],[-6.2764,53.3615],[-6.2764,53.3615],[-6.2763,53.3614],[-6.2763,53.3615],[-6.2762,53.3614],[-6.2761,53.3614],[-6.276,53.3614],[-6.2759,53.3614],[-6.2758,53.3614],[-6.2757,53.3614],[-6.2757,53.3614],[-6.2756,53.3614],[-6.2756,53.3614],[-6.2755,53.3614],[-6.2754,53.3614],[-6.2753,53.3614],[-6.2753,53.3614],[-6.2752,53.3614],[-6.2751,53.3613],[-6.2751,53.3613],[-6.275,53.3613],[-6.2749,53.3613],[-6.2749,53.3613],[-6.2748,53.3613],[-6.2747,53.3613],[-6.2747,53.3613],[-6.2747,53.3613],[-6.2747,53.3613],[-6.2746,53.3613],[-6.2746,53.3613],[-6.2745,53.3613],[-6.2744,53.3613],[-6.2743,53.3613],[-6.2742,53.3613],[-6.2742,53.3612],[-6.2741,53.3612],[-6.2741,53.3612],[-6.274,53.3612],[-6.274,53.3612],[-6.2738,53.3612],[-6.2739,53.3611],[-6.2739,53.3611],[-6.2737,53.3611],[-6.2732,53.361],[-6.2732,53.3611],[-6.2731,53.3611],[-6.2731,53.3612],[-6.2731,53.3612],[-6.2731,53.3612],[-6.2729,53.3612],[-6.2728,53.3612],[-6.2726,53.3612],[-6.2726,53.3612],[-6.2726,53.3611],[-6.2726,53.3611],[-6.2723,53.3611],[-6.2722,53.3611],[-6.2722,53.3611],[-6.2721,53.3611],[-6.2721,53.3611],[-6.272,53.361],[-6.272,53.361],[-6.2719,53.361],[-6.2718,53.361],[-6.2717,53.361],[-6.2717,53.361],[-6.2717,53.361],[-6.2717,53.361],[-6.2717,53.361],[-6.2716,53.361],[-6.2716,53.361],[-6.2715,53.361],[-6.2714,53.361],[-6.2714,53.361],[-6.2714,53.361],[-6.2713,53.361],[-6.2713,53.361],[-6.2713,53.361],[-6.2713,53.361],[-6.2713,53.361],[-6.2713,53.3611],[-6.2713,53.3611],[-6.2713,53.3611],[-6.2712,53.3612],[-6.2712,53.3612],[-6.2712,53.3612],[-6.2712,53.3612],[-6.2712,53.3612],[-6.2712,53.3612],[-6.2708,53.3612],[-6.2708,53.3612],[-6.2708,53.361],[-6.2708,53.361],[-6.2709,53.3609],[-6.2709,53.3609],[-6.2708,53.3609],[-6.2708,53.3609],[-6.2708,53.3609],[-6.2707,53.3609],[-6.2707,53.3609],[-6.2707,53.3609],[-6.2707,53.3609],[-6.2707,53.3609],[-6.2706,53.3609],[-6.2706,53.3608],[-6.2706,53.3607],[-6.2705,53.3607],[-6.2704,53.3607],[-6.2703,53.3607],[-6.2702,53.3607],[-6.2701,53.3607],[-6.27,53.3607],[-6.2699,53.3607],[-6.2698,53.3607],[-6.2698,53.3607],[-6.2698,53.3604],[-6.2698,53.3604],[-6.2699,53.3604],[-6.27,53.3604],[-6.27,53.3604],[-6.27,53.3604],[-6.27,53.3604],[-6.27,53.3604],[-6.27,53.3604],[-6.27,53.3603],[-6.27,53.3603],[-6.2701,53.3603],[-6.2701,53.3603],[-6.2701,53.3603],[-6.2701,53.3603],[-6.2702,53.3603],[-6.2702,53.3603],[-6.2703,53.3603],[-6.2704,53.3603],[-6.2705,53.3603],[-6.2705,53.3603],[-6.2707,53.3603],[-6.2708,53.3604],[-6.2708,53.3604],[-6.2709,53.3604],[-6.2709,53.3604],[-6.2709,53.3604],[-6.271,53.3603],[-6.271,53.3603],[-6.271,53.3603],[-6.2712,53.3603],[-6.2713,53.3603],[-6.2714,53.3603],[-6.2714,53.3603],[-6.2714,53.3602],[-6.2716,53.3602],[-6.2716,53.3602],[-6.2718,53.3602],[-6.2718,53.3602],[-6.272,53.3602],[-6.2722,53.3602],[-6.2722,53.3601],[-6.2721,53.3601],[-6.272,53.3601],[-6.2721,53.3601],[-6.2721,53.36],[-6.2721,53.36],[-6.2721,53.36],[-6.2721,53.36],[-6.2721,53.3599],[-6.2721,53.3599],[-6.2721,53.3598],[-6.2722,53.3599],[-6.2722,53.3598],[-6.2722,53.3597],[-6.2723,53.3597],[-6.2723,53.3597],[-6.2724,53.3597],[-6.2725,53.3597],[-6.2725,53.3597],[-6.2726,53.3597],[-6.2727,53.3597],[-6.2727,53.3597],[-6.2727,53.3598],[-6.2727,53.3598],[-6.2727,53.3599],[-6.2727,53.3599],[-6.2727,53.36],[-6.2727,53.36],[-6.2727,53.3601],[-6.2727,53.3602],[-6.2727,53.3603],[-6.2728,53.3603],[-6.2729,53.3603],[-6.273,53.3603],[-6.273,53.3603],[-6.2732,53.3604],[-6.2734,53.3604],[-6.2735,53.3604],[-6.2735,53.3604],[-6.2737,53.3604],[-6.2737,53.3605],[-6.2737,53.3605],[-6.2738,53.3605],[-6.2739,53.3605],[-6.2739,53.3605],[-6.274,53.3605],[-6.274,53.3604],[-6.274,53.3603],[-6.274,53.3603],[-6.274,53.3603],[-6.2742,53.3603],[-6.2743,53.3603],[-6.2743,53.3603],[-6.2744,53.3603],[-6.2745,53.3603],[-6.2746,53.3603],[-6.2747,53.3604],[-6.2748,53.3604],[-6.2748,53.3604],[-6.2748,53.3604],[-6.2749,53.3604],[-6.2751,53.3604],[-6.2751,53.3604],[-6.2751,53.3604],[-6.2751,53.3603],[-6.2751,53.3603],[-6.2752,53.3602],[-6.2752,53.3602],[-6.2752,53.3601],[-6.2752,53.3601],[-6.2752,53.3601],[-6.2752,53.36],[-6.2753,53.3599],[-6.2753,53.3599],[-6.2752,53.3599],[-6.2753,53.3599],[-6.2753,53.3599],[-6.2754,53.3599],[-6.2754,53.3599],[-6.2755,53.3599],[-6.2755,53.3599],[-6.2755,53.3599],[-6.2756,53.3599],[-6.2756,53.36],[-6.2757,53.36],[-6.2757,53.36],[-6.2757,53.36],[-6.2757,53.36],[-6.2758,53.36],[-6.2759,53.36],[-6.2759,53.36],[-6.276,53.36],[-6.2761,53.36],[-6.2761,53.3601],[-6.2762,53.3601],[-6.2762,53.3601],[-6.2763,53.3601],[-6.2765,53.3601],[-6.2766,53.3601],[-6.2766,53.3602],[-6.2767,53.3601],[-6.2768,53.3601],[-6.2768,53.3602],[-6.2768,53.3602],[-6.2775,53.36],[-6.2777,53.3603],[-6.2777,53.3602],[-6.2778,53.3603],[-6.2779,53.3603],[-6.2779,53.3604],[-6.2779,53.3605],[-6.2779,53.3605],[-6.2779,53.3606],[-6.2778,53.3606],[-6.2778,53.3606],[-6.2778,53.3606],[-6.2778,53.3606],[-6.2778,53.3606],[-6.2778,53.3607],[-6.2778,53.3607],[-6.2778,53.3607],[-6.2778,53.3607],[-6.2778,53.3608],[-6.2778,53.3609],[-6.277,53.3608],[-6.2769,53.3612]]]]},"properties":{"aca_name":"Phibsborough","council":"dublin-city","council_label":"Dublin City Council","ref":"AA22","designation":"Architectural Conservation Area"}},{"type":"Feature","geometry":{"type":"MultiPolygon","coordinates":[[[[-6.2768,53.3581],[-6.2769,53.3582],[-6.2769,53.3583],[-6.277,53.3584],[-6.2771,53.3585],[-6.2771,53.3585],[-6.2772,53.3585],[-6.2773,53.3587],[-6.2773,53.3587],[-6.2774,53.3588],[-6.2775,53.359],[-6.2778,53.3592],[-6.2778,53.3593],[-6.2776,53.3594],[-6.2774,53.3594],[-6.2773,53.3595],[-6.2772,53.3595],[-6.277,53.3595],[-6.2769,53.3596],[-6.2767,53.3596],[-6.2766,53.3597],[-6.2764,53.3597],[-6.2764,53.3596],[-6.2761,53.3593],[-6.2759,53.3591],[-6.2756,53.359],[-6.2755,53.359],[-6.2755,53.3587],[-6.2755,53.3586],[-6.2755,53.3585],[-6.2756,53.3585],[-6.2756,53.3585],[-6.2757,53.3584],[-6.2758,53.3584],[-6.2759,53.3584],[-6.276,53.3584],[-6.2761,53.3583],[-6.2763,53.3583],[-6.2764,53.3582],[-6.2766,53.3582],[-6.2767,53.3581],[-6.2768,53.3581],[-6.2768,53.3581]]]]},"properties":{"aca_name":"Great Western Square","council":"dublin-city","council_label":"Dublin City Council","ref":"AA23","designation":"Architectural Conservation Area"}},{"type":"Feature","geometry":{"type":"Polygon","coordinates":[[[-6.231082,53.619679],[-6.231068,53.619689],[-6.231052,53.619692],[-6.23098,53.619719],[-6.230947,53.619727],[-6.230876,53.619724],[-6.230839,53.619721],[-6.230807,53.619714],[-6.230768,53.619705],[-6.230674,53.619692],[-6.230586,53.619672],[-6.230498,53.61964],[-6.230466,53.619629],[-6.23038,53.619591],[-6.230342,53.61957],[-6.230284,53.61953],[-6.23025,53.619493],[-6.230188,53.619433],[-6.230176,53.619421],[-6.230146,53.61939],[-6.230141,53.619373],[-6.230088,53.619393],[-6.230037,53.61941],[-6.229991,53.619421],[-6.22993,53.61942],[-6.229878,53.61942],[-6.229837,53.619419],[-6.229806,53.619412],[-6.229791,53.619406],[-6.22974,53.619349],[-6.229724,53.619324],[-6.229721,53.619302],[-6.22972,53.619289],[-6.229734,53.619267],[-6.229755,53.619252],[-6.229796,53.619225],[-6.229823,53.61921],[-6.229828,53.619204],[-6.22983,53.619201],[-6.229829,53.619194],[-6.229784,53.619165],[-6.229782,53.619143],[-6.229777,53.619121],[-6.229768,53.619089],[-6.22975,53.619051],[-6.22973,53.619017],[-6.229702,53.618977],[-6.229676,53.61894],[-6.229641,53.618903],[-6.229626,53.618887],[-6.229555,53.618822],[-6.229508,53.618791],[-6.229496,53.618786],[-6.229858,53.61868],[-6.229867,53.618631],[-6.229877,53.618601],[-6.229878,53.618596],[-6.229889,53.618555],[-6.229886,53.618533],[-6.229886,53.618501],[-6.22989,53.618487],[-6.22989,53.618467],[-6.229891,53.61845],[-6.229891,53.618439],[-6.229882,53.618418],[-6.229872,53.618392],[-6.229868,53.618386],[-6.229864,53.618377],[-6.229835,53.618332],[-6.229804,53.618281],[-6.229795,53.61826],[-6.229782,53.618227],[-6.22976,53.618174],[-6.22984,53.618168],[-6.229922,53.61815],[-6.230009,53.618126],[-6.230098,53.618095],[-6.230212,53.618058],[-6.230282,53.618038],[-6.230343,53.618023],[-6.230401,53.618019],[-6.230464,53.618017],[-6.23053,53.618026],[-6.230628,53.618047],[-6.230779,53.618078],[-6.230774,53.618097],[-6.230836,53.618098],[-6.230999,53.618029],[-6.231177,53.617981],[-6.231196,53.617933],[-6.2313,53.617853],[-6.23134,53.617818],[-6.231437,53.617716],[-6.231509,53.617732],[-6.231502,53.617754],[-6.231496,53.617787],[-6.2315,53.617851],[-6.231566,53.617999],[-6.231576,53.618019],[-6.231668,53.618132],[-6.231731,53.618164],[-6.231854,53.618271],[-6.231856,53.618273],[-6.232101,53.618472],[-6.232133,53.618503],[-6.232144,53.618514],[-6.232202,53.618619],[-6.232206,53.618652],[-6.232195,53.618694],[-6.232119,53.61876],[-6.232065,53.61877],[-6.232047,53.618769],[-6.232077,53.618803],[-6.232203,53.618957],[-6.232208,53.618967],[-6.232222,53.619027],[-6.232223,53.619065],[-6.232237,53.619239],[-6.232226,53.619241],[-6.232194,53.619271],[-6.232193,53.619273],[-6.232187,53.619273],[-6.232176,53.619273],[-6.232154,53.619279],[-6.232133,53.619295],[-6.231687,53.619311],[-6.231662,53.619309],[-6.231636,53.619303],[-6.231204,53.619596],[-6.231135,53.619643],[-6.231093,53.619672],[-6.231082,53.619679]]]},"properties":{"aca_name":"Balscadden ACA","council":"fingal","council_label":"Fingal County Council","ref":"","designation":"Architectural Conservation Area"}},{"type":"Feature","geometry":{"type":"Polygon","coordinates":[[[-6.306425,53.492322],[-6.305889,53.492381],[-6.305841,53.492369],[-6.30581,53.492352],[-6.30581,53.492348],[-6.305677,53.492319],[-6.305671,53.492319],[-6.305424,53.492326],[-6.305309,53.492328],[-6.304959,53.492337],[-6.3049,53.492145],[-6.305016,53.49204],[-6.304421,53.491997],[-6.3044,53.491689],[-6.304381,53.491456],[-6.302694,53.491598],[-6.302664,53.491596],[-6.302847,53.490722],[-6.302855,53.490624],[-6.30288,53.490623],[-6.3029,53.490346],[-6.302901,53.490332],[-6.302835,53.490213],[-6.302834,53.490197],[-6.302805,53.490189],[-6.302317,53.49017],[-6.301809,53.490152],[-6.3014,53.490139],[-6.300952,53.490124],[-6.300678,53.490094],[-6.300237,53.490052],[-6.300251,53.489922],[-6.300275,53.489888],[-6.30031,53.489775],[-6.300315,53.489749],[-6.300361,53.489592],[-6.3004,53.489343],[-6.300456,53.489256],[-6.300592,53.489],[-6.300723,53.489012],[-6.300734,53.489025],[-6.300742,53.489046],[-6.300759,53.489058],[-6.300799,53.489071],[-6.30082,53.489075],[-6.300854,53.489087],[-6.300963,53.489144],[-6.301095,53.489206],[-6.301198,53.489243],[-6.301256,53.489257],[-6.301367,53.489262],[-6.301398,53.489263],[-6.301506,53.489265],[-6.30171,53.489275],[-6.301983,53.489278],[-6.302196,53.489283],[-6.302383,53.489288],[-6.302384,53.489288],[-6.302437,53.489289],[-6.302434,53.489328],[-6.302476,53.489443],[-6.302492,53.489484],[-6.30251,53.489505],[-6.302564,53.489551],[-6.302627,53.48959],[-6.302672,53.489594],[-6.302971,53.489584],[-6.303133,53.489589],[-6.303129,53.489703],[-6.303685,53.489698],[-6.303705,53.489643],[-6.303734,53.489512],[-6.303717,53.489494],[-6.303736,53.489455],[-6.303759,53.489446],[-6.303815,53.489282],[-6.303867,53.489139],[-6.303892,53.489052],[-6.3039,53.488967],[-6.3039,53.488966],[-6.3039,53.488932],[-6.303995,53.488656],[-6.304004,53.488626],[-6.304056,53.488485],[-6.304066,53.488477],[-6.304076,53.488453],[-6.304117,53.488354],[-6.304344,53.48836],[-6.304406,53.488354],[-6.30446,53.488353],[-6.304503,53.488357],[-6.304558,53.48837],[-6.304601,53.488388],[-6.304642,53.488408],[-6.304681,53.488431],[-6.304726,53.488466],[-6.304762,53.4885],[-6.304785,53.488529],[-6.304807,53.488572],[-6.304807,53.488607],[-6.304796,53.488648],[-6.304773,53.488687],[-6.304661,53.48875],[-6.304661,53.48875],[-6.304873,53.488739],[-6.30496,53.488808],[-6.304975,53.488822],[-6.305013,53.48889],[-6.305138,53.488833],[-6.30522,53.488813],[-6.305244,53.488781],[-6.305481,53.488695],[-6.305612,53.488675],[-6.305765,53.488651],[-6.305873,53.488634],[-6.306013,53.48864],[-6.306063,53.488642],[-6.306236,53.488657],[-6.306245,53.488682],[-6.306073,53.488891],[-6.305893,53.489105],[-6.305844,53.489162],[-6.305885,53.489175],[-6.305864,53.489199],[-6.305822,53.489186],[-6.305797,53.489217],[-6.305709,53.489326],[-6.305566,53.489506],[-6.3056,53.489523],[-6.305618,53.489532],[-6.305712,53.489579],[-6.305834,53.489632],[-6.305934,53.489674],[-6.305966,53.4901],[-6.305955,53.490275],[-6.305997,53.490273],[-6.306071,53.490279],[-6.306053,53.490329],[-6.306042,53.490432],[-6.305888,53.490435],[-6.305967,53.490854],[-6.306002,53.491021],[-6.306043,53.491174],[-6.306078,53.491287],[-6.306132,53.491456],[-6.3062,53.491629],[-6.306253,53.491764],[-6.306351,53.492103],[-6.306429,53.492322],[-6.306428,53.492322],[-6.306425,53.492322]]]},"properties":{"aca_name":"Rowlestown ACA","council":"fingal","council_label":"Fingal County Council","ref":"","designation":"Architectural Conservation Area"}},{"type":"Feature","geometry":{"type":"Polygon","coordinates":[[[-6.156888,53.450166],[-6.156859,53.450174],[-6.156867,53.450082],[-6.156893,53.449945],[-6.156895,53.449905],[-6.15692,53.449737],[-6.157026,53.44909],[-6.157026,53.449088],[-6.157067,53.448845],[-6.157094,53.448646],[-6.157184,53.44822],[-6.157165,53.448224],[-6.157181,53.448127],[-6.157325,53.447061],[-6.15734,53.447033],[-6.15741,53.446713],[-6.157438,53.446068],[-6.157438,53.445338],[-6.157414,53.445179],[-6.157384,53.445132],[-6.157237,53.444168],[-6.157226,53.444121],[-6.157195,53.44401],[-6.157171,53.443926],[-6.157155,53.443864],[-6.157112,53.443809],[-6.157089,53.44375],[-6.157082,53.443731],[-6.156933,53.443002],[-6.156953,53.442984],[-6.156966,53.44298],[-6.156937,53.44286],[-6.156918,53.442804],[-6.156945,53.442788],[-6.157133,53.442725],[-6.157161,53.442726],[-6.157176,53.442732],[-6.157192,53.442735],[-6.157209,53.44274],[-6.157225,53.442741],[-6.157243,53.442738],[-6.157255,53.442735],[-6.1573,53.442719],[-6.157332,53.442698],[-6.157423,53.442656],[-6.15743,53.442635],[-6.157433,53.442606],[-6.157436,53.442561],[-6.157485,53.442535],[-6.157508,53.442521],[-6.157631,53.442446],[-6.157857,53.442318],[-6.158037,53.442218],[-6.158202,53.442134],[-6.158365,53.442047],[-6.158483,53.441992],[-6.158696,53.441887],[-6.158824,53.441825],[-6.158977,53.441754],[-6.159225,53.441644],[-6.159411,53.441561],[-6.159582,53.441488],[-6.159719,53.441431],[-6.159996,53.441313],[-6.160203,53.441226],[-6.160373,53.441157],[-6.16053,53.44109],[-6.160683,53.441026],[-6.160836,53.44096],[-6.160849,53.440955],[-6.160859,53.44095],[-6.161137,53.440833],[-6.1613,53.440759],[-6.161415,53.440713],[-6.16163,53.440637],[-6.161885,53.440544],[-6.162015,53.440497],[-6.162132,53.440457],[-6.162376,53.440376],[-6.162603,53.440308],[-6.162922,53.440207],[-6.16302,53.440186],[-6.163151,53.440158],[-6.16328,53.440132],[-6.163556,53.44008],[-6.163859,53.440022],[-6.164222,53.439954],[-6.164525,53.439899],[-6.164539,53.439911],[-6.164646,53.439973],[-6.164675,53.439971],[-6.164741,53.439962],[-6.164762,53.43996],[-6.164826,53.439951],[-6.164936,53.439941],[-6.165053,53.439814],[-6.165169,53.439789],[-6.165392,53.439745],[-6.165665,53.439687],[-6.165995,53.439626],[-6.166355,53.439555],[-6.166738,53.439479],[-6.167143,53.439401],[-6.167448,53.439338],[-6.167873,53.439256],[-6.168284,53.439179],[-6.168435,53.43915],[-6.168527,53.439133],[-6.168807,53.439089],[-6.169146,53.439035],[-6.169551,53.438971],[-6.169857,53.438923],[-6.169985,53.438905],[-6.170079,53.438901],[-6.170117,53.438897],[-6.170192,53.438888],[-6.170272,53.438887],[-6.170417,53.438891],[-6.17053,53.438894],[-6.170685,53.438915],[-6.170978,53.438948],[-6.171295,53.438985],[-6.171608,53.43902],[-6.171908,53.439053],[-6.17226,53.439092],[-6.172598,53.439132],[-6.172988,53.439177],[-6.173419,53.439223],[-6.173692,53.439254],[-6.173878,53.439272],[-6.173945,53.439278],[-6.173981,53.43929],[-6.174162,53.43936],[-6.174478,53.439488],[-6.174701,53.439576],[-6.174979,53.439688],[-6.175263,53.439809],[-6.175525,53.439924],[-6.175615,53.439962],[-6.17578,53.440035],[-6.175917,53.440087],[-6.175951,53.440102],[-6.17601,53.440123],[-6.176018,53.440127],[-6.176049,53.440142],[-6.176071,53.440159],[-6.176098,53.440185],[-6.176111,53.440206],[-6.176136,53.440243],[-6.176148,53.440259],[-6.176176,53.440297],[-6.176188,53.44031],[-6.176196,53.44032],[-6.176233,53.440377],[-6.176254,53.440403],[-6.17626,53.44042],[-6.176251,53.440432],[-6.176207,53.440483],[-6.176168,53.440533],[-6.176086,53.440631],[-6.175996,53.440761],[-6.175897,53.440894],[-6.175834,53.440977],[-6.175726,53.441062],[-6.175638,53.441121],[-6.175574,53.441167],[-6.175408,53.441273],[-6.175332,53.441329],[-6.175191,53.441423],[-6.175097,53.441479],[-6.174916,53.441606],[-6.174771,53.441718],[-6.174672,53.441784],[-6.174592,53.441877],[-6.174467,53.442018],[-6.174417,53.442071],[-6.174408,53.442088],[-6.174304,53.442249],[-6.174224,53.442394],[-6.174153,53.442508],[-6.17403,53.442676],[-6.173913,53.442857],[-6.1738,53.443016],[-6.17375,53.443118],[-6.173694,53.443196],[-6.173677,53.443217],[-6.173652,53.443256],[-6.173623,53.443299],[-6.173596,53.443342],[-6.173582,53.443358],[-6.173573,53.443372],[-6.173564,53.443386],[-6.173551,53.443401],[-6.173533,53.443425],[-6.173524,53.443437],[-6.173496,53.443482],[-6.173481,53.44351],[-6.173469,53.443529],[-6.173456,53.443552],[-6.17344,53.443579],[-6.173424,53.443606],[-6.1734,53.443648],[-6.173377,53.443687],[-6.173355,53.443723],[-6.173341,53.443745],[-6.173333,53.443764],[-6.173326,53.44378],[-6.173317,53.443798],[-6.173306,53.443825],[-6.173282,53.443877],[-6.173244,53.443959],[-6.173232,53.443986],[-6.173223,53.444008],[-6.17321,53.444049],[-6.173201,53.444074],[-6.173193,53.444104],[-6.173184,53.444134],[-6.173175,53.444172],[-6.173168,53.4442],[-6.173161,53.444236],[-6.173155,53.444267],[-6.173148,53.444297],[-6.173145,53.444309],[-6.173143,53.444336],[-6.173139,53.444365],[-6.173135,53.4444],[-6.173131,53.444424],[-6.173129,53.444447],[-6.173128,53.444463],[-6.173128,53.44449],[-6.173129,53.444535],[-6.173128,53.444591],[-6.17314,53.444588],[-6.173126,53.444758],[-6.173126,53.44482],[-6.173126,53.444859],[-6.173126,53.444876],[-6.173152,53.444897],[-6.173147,53.444901],[-6.173135,53.444909],[-6.173193,53.44488],[-6.173202,53.444881],[-6.173207,53.444883],[-6.173213,53.444885],[-6.17322,53.444891],[-6.173225,53.444896],[-6.173229,53.4449],[-6.173232,53.444904],[-6.173235,53.444908],[-6.173235,53.444911],[-6.173233,53.445023],[-6.173236,53.445027],[-6.17324,53.445029],[-6.173243,53.44503],[-6.173246,53.445068],[-6.173247,53.445097],[-6.173248,53.445121],[-6.173247,53.445137],[-6.173246,53.445152],[-6.173246,53.445167],[-6.173243,53.445183],[-6.173242,53.445193],[-6.17324,53.4452],[-6.173239,53.445208],[-6.173237,53.445218],[-6.173236,53.445225],[-6.173235,53.445234],[-6.173232,53.445243],[-6.173221,53.44526],[-6.173202,53.44529],[-6.173166,53.445339],[-6.173156,53.44535],[-6.17315,53.445357],[-6.173144,53.445364],[-6.173129,53.445383],[-6.173083,53.445437],[-6.173053,53.445474],[-6.172997,53.445541],[-6.172953,53.445594],[-6.172913,53.445643],[-6.172894,53.445664],[-6.172824,53.445744],[-6.172811,53.445754],[-6.172804,53.445759],[-6.172798,53.445764],[-6.17279,53.445766],[-6.172781,53.445768],[-6.172768,53.445769],[-6.172757,53.445769],[-6.172747,53.445769],[-6.172738,53.445768],[-6.172732,53.445768],[-6.172726,53.445769],[-6.172719,53.44577],[-6.172714,53.445774],[-6.172707,53.44578],[-6.172679,53.445815],[-6.172677,53.44582],[-6.172678,53.445822],[-6.172685,53.445898],[-6.172675,53.44591],[-6.172658,53.445929],[-6.172647,53.445942],[-6.172629,53.445964],[-6.172614,53.445982],[-6.172594,53.446003],[-6.172575,53.446025],[-6.172562,53.446041],[-6.172548,53.446056],[-6.172532,53.446071],[-6.172516,53.446088],[-6.172498,53.446107],[-6.172479,53.446128],[-6.172458,53.446148],[-6.17244,53.446165],[-6.172389,53.446214],[-6.172309,53.446282],[-6.172254,53.44633],[-6.172217,53.44636],[-6.172188,53.446384],[-6.172148,53.446414],[-6.17207,53.446475],[-6.171977,53.446543],[-6.171884,53.446612],[-6.17178,53.446689],[-6.171688,53.446756],[-6.171583,53.446832],[-6.171429,53.446944],[-6.171302,53.447031],[-6.171255,53.447063],[-6.171164,53.44712],[-6.171097,53.447159],[-6.17099,53.447222],[-6.170948,53.447245],[-6.170926,53.447256],[-6.170862,53.44729],[-6.170797,53.447325],[-6.170745,53.447355],[-6.170689,53.447389],[-6.170657,53.447411],[-6.170616,53.447439],[-6.170521,53.447515],[-6.170454,53.447569],[-6.170323,53.447679],[-6.170176,53.447808],[-6.169983,53.447977],[-6.169888,53.44806],[-6.169863,53.44808],[-6.169754,53.448154],[-6.169706,53.448182],[-6.169613,53.448228],[-6.169582,53.448242],[-6.169553,53.448254],[-6.169535,53.44826],[-6.169516,53.448268],[-6.169506,53.44827],[-6.169499,53.448272],[-6.169485,53.448275],[-6.169427,53.448287],[-6.169366,53.448299],[-6.169289,53.448313],[-6.169189,53.448329],[-6.169065,53.448348],[-6.168739,53.448398],[-6.168536,53.44843],[-6.16816,53.448483],[-6.167986,53.448508],[-6.167732,53.448545],[-6.165018,53.448956],[-6.164169,53.449084],[-6.163801,53.44914],[-6.163749,53.449135],[-6.163658,53.449157],[-6.163377,53.449198],[-6.163103,53.449239],[-6.162721,53.449295],[-6.162423,53.44934],[-6.162118,53.449385],[-6.161802,53.449432],[-6.161663,53.449452],[-6.161561,53.449451],[-6.161558,53.449449],[-6.161548,53.449444],[-6.161499,53.449483],[-6.161349,53.449508],[-6.161135,53.449545],[-6.16113,53.449546],[-6.161088,53.449552],[-6.160838,53.44959],[-6.160198,53.449688],[-6.15964,53.449772],[-6.159595,53.449779],[-6.159121,53.449849],[-6.159115,53.44985],[-6.158695,53.449907],[-6.157977,53.450029],[-6.157007,53.450172],[-6.156888,53.450166]]]},"properties":{"aca_name":"Malahide Castle Demesne ACA","council":"fingal","council_label":"Fingal County Council","ref":"","designation":"Architectural Conservation Area"}},{"type":"Feature","geometry":{"type":"Polygon","coordinates":[[[-6.292868,53.588005],[-6.292659,53.58808],[-6.292415,53.588167],[-6.292141,53.588197],[-6.292136,53.588188],[-6.292029,53.588196],[-6.291993,53.588211],[-6.291947,53.588221],[-6.291894,53.58823],[-6.291811,53.58825],[-6.291732,53.588258],[-6.291649,53.588266],[-6.291558,53.588276],[-6.291523,53.588306],[-6.291412,53.588342],[-6.291302,53.58837],[-6.291142,53.588368],[-6.291075,53.588359],[-6.291034,53.588342],[-6.291013,53.588306],[-6.290907,53.588298],[-6.29083,53.588289],[-6.290775,53.588279],[-6.290631,53.588312],[-6.290511,53.588342],[-6.29039,53.588394],[-6.290259,53.588433],[-6.290181,53.588452],[-6.290113,53.588464],[-6.289986,53.588468],[-6.289868,53.588469],[-6.289814,53.588461],[-6.289728,53.588448],[-6.289679,53.588436],[-6.289574,53.588411],[-6.289493,53.588397],[-6.28946,53.588399],[-6.289393,53.588373],[-6.289329,53.588342],[-6.289317,53.588292],[-6.289317,53.588261],[-6.289315,53.588216],[-6.289334,53.588153],[-6.289397,53.588097],[-6.289451,53.588059],[-6.289482,53.588004],[-6.289479,53.587961],[-6.289448,53.587931],[-6.289432,53.587916],[-6.289359,53.587873],[-6.289267,53.587852],[-6.289144,53.587834],[-6.289138,53.587797],[-6.289139,53.58769],[-6.289067,53.58768],[-6.28904,53.587607],[-6.289002,53.587529],[-6.28891,53.587339],[-6.288888,53.587286],[-6.288855,53.587206],[-6.288812,53.587105],[-6.288775,53.587029],[-6.28872,53.586936],[-6.288672,53.586843],[-6.288729,53.586829],[-6.288817,53.586807],[-6.288961,53.586768],[-6.288971,53.586764],[-6.288732,53.586437],[-6.288731,53.586434],[-6.288633,53.5863],[-6.288422,53.586031],[-6.288433,53.586016],[-6.288411,53.585965],[-6.288386,53.58597],[-6.288261,53.585757],[-6.288245,53.585759],[-6.288106,53.585539],[-6.288106,53.585539],[-6.288103,53.585533],[-6.288093,53.585517],[-6.287958,53.585378],[-6.287914,53.585318],[-6.287846,53.585236],[-6.28775,53.585119],[-6.28769,53.585046],[-6.287686,53.585041],[-6.287393,53.584626],[-6.288112,53.584474],[-6.288471,53.584405],[-6.288243,53.584113],[-6.288378,53.584072],[-6.288428,53.584056],[-6.288468,53.584046],[-6.288512,53.584031],[-6.288552,53.584005],[-6.288611,53.583973],[-6.288679,53.583933],[-6.288791,53.583879],[-6.288977,53.58381],[-6.289247,53.583749],[-6.289533,53.583694],[-6.289699,53.583684],[-6.289738,53.58369],[-6.289767,53.583698],[-6.289813,53.583761],[-6.289907,53.583945],[-6.28995,53.584036],[-6.289964,53.584066],[-6.289996,53.584156],[-6.290102,53.584261],[-6.290092,53.584263],[-6.290243,53.584392],[-6.290294,53.584433],[-6.29047,53.584384],[-6.290494,53.584381],[-6.290518,53.58445],[-6.290525,53.58448],[-6.290608,53.584719],[-6.290616,53.584758],[-6.290615,53.584804],[-6.290608,53.584869],[-6.290601,53.584924],[-6.290603,53.584975],[-6.290618,53.585011],[-6.290634,53.585041],[-6.29065,53.585058],[-6.291385,53.584792],[-6.291386,53.584792],[-6.291442,53.584804],[-6.291504,53.584818],[-6.2916,53.584862],[-6.291654,53.584887],[-6.291702,53.584946],[-6.291737,53.585008],[-6.291733,53.585061],[-6.291713,53.585127],[-6.291712,53.585129],[-6.291704,53.585147],[-6.291684,53.585175],[-6.291623,53.585218],[-6.291501,53.585288],[-6.291419,53.585343],[-6.291367,53.585394],[-6.291339,53.58544],[-6.291336,53.585487],[-6.291338,53.585533],[-6.29135,53.585563],[-6.291545,53.585728],[-6.291569,53.585748],[-6.291574,53.585755],[-6.291585,53.585774],[-6.29159,53.585809],[-6.291577,53.585858],[-6.291562,53.585888],[-6.291551,53.5859],[-6.291487,53.585953],[-6.291455,53.585978],[-6.29139,53.586038],[-6.291291,53.586083],[-6.291214,53.586105],[-6.29125,53.586171],[-6.291329,53.586293],[-6.291427,53.586434],[-6.29148,53.586513],[-6.291532,53.58657],[-6.291656,53.586708],[-6.291871,53.586926],[-6.292041,53.587087],[-6.292108,53.587135],[-6.292143,53.587143],[-6.292219,53.587153],[-6.292263,53.587147],[-6.29257,53.587405],[-6.292565,53.587408],[-6.292636,53.587525],[-6.292664,53.587602],[-6.292703,53.587597],[-6.292724,53.587653],[-6.292706,53.587658],[-6.292783,53.587809],[-6.292809,53.58785],[-6.292858,53.587945],[-6.29289,53.587997],[-6.292868,53.588005]]]},"properties":{"aca_name":"Naul ACA","council":"fingal","council_label":"Fingal County Council","ref":"","designation":"Architectural Conservation Area"}},{"type":"Feature","geometry":{"type":"Polygon","coordinates":[[[-6.38492,53.568731],[-6.384919,53.568735],[-6.384815,53.568699],[-6.384728,53.568672],[-6.384449,53.568625],[-6.3844,53.568619],[-6.384154,53.56858],[-6.383932,53.568545],[-6.383757,53.568517],[-6.383745,53.568512],[-6.383717,53.56851],[-6.38371,53.568515],[-6.383365,53.568486],[-6.382919,53.568452],[-6.382462,53.568445],[-6.38229,53.568432],[-6.382269,53.56843],[-6.382269,53.568426],[-6.382253,53.568425],[-6.382143,53.568421],[-6.381921,53.568396],[-6.381873,53.568389],[-6.381779,53.568384],[-6.381665,53.568365],[-6.38143,53.568327],[-6.381087,53.568265],[-6.381043,53.568245],[-6.380892,53.568184],[-6.38058,53.568053],[-6.380488,53.568016],[-6.380423,53.567984],[-6.380422,53.567904],[-6.380386,53.567869],[-6.38053,53.56786],[-6.380817,53.567847],[-6.381024,53.567826],[-6.381148,53.567815],[-6.381243,53.567806],[-6.381241,53.56775],[-6.381231,53.567732],[-6.38124,53.567725],[-6.381268,53.567722],[-6.381264,53.567705],[-6.381276,53.5677],[-6.381267,53.567663],[-6.381273,53.567635],[-6.381254,53.567635],[-6.381256,53.567625],[-6.381229,53.567625],[-6.381192,53.567626],[-6.381217,53.567523],[-6.381218,53.567516],[-6.381247,53.56747],[-6.381285,53.567451],[-6.38131,53.567449],[-6.38132,53.567409],[-6.381356,53.567361],[-6.381394,53.567337],[-6.381424,53.56732],[-6.381439,53.567272],[-6.38153,53.56726],[-6.38165,53.567271],[-6.381855,53.567276],[-6.38186,53.56731],[-6.382175,53.567318],[-6.38221,53.567322],[-6.382222,53.567317],[-6.382375,53.567309],[-6.382416,53.56733],[-6.38249,53.567314],[-6.382597,53.567296],[-6.382576,53.567233],[-6.382555,53.567184],[-6.382512,53.567102],[-6.382475,53.567039],[-6.382456,53.567009],[-6.382542,53.566991],[-6.382612,53.566975],[-6.382678,53.566966],[-6.382744,53.566953],[-6.382738,53.566938],[-6.382696,53.566894],[-6.382689,53.566886],[-6.38265,53.566827],[-6.382626,53.56675],[-6.382631,53.566594],[-6.382628,53.566575],[-6.382663,53.566562],[-6.382726,53.566554],[-6.382765,53.566551],[-6.382718,53.566449],[-6.382711,53.566434],[-6.382685,53.566389],[-6.382683,53.566376],[-6.382686,53.566363],[-6.382721,53.56634],[-6.382738,53.566306],[-6.383583,53.56641],[-6.383608,53.566413],[-6.383693,53.56642],[-6.383728,53.566311],[-6.38385,53.566041],[-6.384078,53.566056],[-6.384194,53.566083],[-6.384345,53.566094],[-6.384381,53.566094],[-6.384423,53.566094],[-6.384503,53.566094],[-6.384632,53.566092],[-6.384688,53.566091],[-6.384697,53.566091],[-6.3847,53.566222],[-6.384712,53.566299],[-6.384715,53.566439],[-6.384709,53.566464],[-6.384709,53.566526],[-6.384711,53.566643],[-6.384713,53.566649],[-6.384715,53.566665],[-6.384723,53.566787],[-6.384699,53.56679],[-6.384703,53.566815],[-6.384713,53.566963],[-6.384717,53.567023],[-6.384719,53.567049],[-6.384637,53.567058],[-6.384445,53.567074],[-6.384246,53.567094],[-6.384259,53.56713],[-6.384287,53.567409],[-6.384292,53.567458],[-6.384292,53.567459],[-6.384299,53.567542],[-6.384324,53.567826],[-6.384674,53.567811],[-6.384669,53.568012],[-6.38478,53.568013],[-6.384758,53.56805],[-6.384749,53.568067],[-6.384778,53.568071],[-6.384813,53.568073],[-6.384875,53.568076],[-6.38498,53.568083],[-6.38492,53.568731]]]},"properties":{"aca_name":"Garristown ACA","council":"fingal","council_label":"Fingal County Council","ref":"","designation":"Architectural Conservation Area"}},{"type":"Feature","geometry":{"type":"Polygon","coordinates":[[[-6.317582,53.524693],[-6.31759,53.524698],[-6.317551,53.524701],[-6.317372,53.524728],[-6.317167,53.524754],[-6.316984,53.524778],[-6.31674,53.524789],[-6.316655,53.524793],[-6.31646,53.524802],[-6.316431,53.524868],[-6.316411,53.524972],[-6.316392,53.525072],[-6.316067,53.525123],[-6.316002,53.525131],[-6.315714,53.525189],[-6.315724,53.525223],[-6.315622,53.525237],[-6.315611,53.525207],[-6.315468,53.525219],[-6.315395,53.525183],[-6.31534,53.525183],[-6.315089,53.525194],[-6.314913,53.525187],[-6.314848,53.525223],[-6.314795,53.525267],[-6.31476,53.52529],[-6.31476,53.52529],[-6.314728,53.525312],[-6.314657,53.525373],[-6.314592,53.525428],[-6.314516,53.525479],[-6.314208,53.525414],[-6.314291,53.525337],[-6.314323,53.525279],[-6.314343,53.525222],[-6.314359,53.525176],[-6.314407,53.525126],[-6.314413,53.525122],[-6.314416,53.525124],[-6.314644,53.525016],[-6.314641,53.525004],[-6.314639,53.524994],[-6.314644,53.524977],[-6.314658,53.524957],[-6.314666,53.524942],[-6.314731,53.524863],[-6.314756,53.524827],[-6.314789,53.524783],[-6.314829,53.524723],[-6.314883,53.524673],[-6.314569,53.52458],[-6.314517,53.524574],[-6.314464,53.524565],[-6.314431,53.524547],[-6.314383,53.524514],[-6.314317,53.52446],[-6.314264,53.524411],[-6.314175,53.524412],[-6.314002,53.524408],[-6.314,53.524408],[-6.314064,53.524131],[-6.314128,53.524133],[-6.31414,53.524037],[-6.314355,53.524046],[-6.31435,53.523998],[-6.314355,53.523965],[-6.314361,53.523957],[-6.314561,53.52396],[-6.314559,53.523955],[-6.314528,53.523758],[-6.314604,53.523758],[-6.314542,53.523462],[-6.314574,53.523375],[-6.314584,53.523353],[-6.314599,53.523332],[-6.314535,53.523324],[-6.314605,53.522986],[-6.313996,53.522873],[-6.314159,53.522562],[-6.314772,53.522678],[-6.315289,53.522777],[-6.315422,53.522805],[-6.315365,53.522907],[-6.315331,53.522975],[-6.315902,53.523053],[-6.315787,53.523507],[-6.316022,53.523785],[-6.31594,53.524054],[-6.316077,53.524088],[-6.316115,53.524072],[-6.316275,53.524114],[-6.316465,53.524165],[-6.316636,53.524213],[-6.316949,53.524299],[-6.317231,53.52438],[-6.317235,53.524381],[-6.317289,53.524394],[-6.317317,53.524373],[-6.317442,53.524571],[-6.317468,53.524603],[-6.317557,53.524673],[-6.317567,53.524682],[-6.317582,53.524693]]]},"properties":{"aca_name":"Oldtown ACA","council":"fingal","council_label":"Fingal County Council","ref":"","designation":"Architectural Conservation Area"}},{"type":"Feature","geometry":{"type":"Polygon","coordinates":[[[-6.156072,53.575702],[-6.15568,53.575566],[-6.155184,53.575403],[-6.154791,53.575269],[-6.154463,53.575158],[-6.154216,53.575082],[-6.153922,53.575009],[-6.153618,53.574945],[-6.153618,53.574947],[-6.153513,53.574927],[-6.153511,53.574927],[-6.153434,53.574908],[-6.153428,53.574907],[-6.153085,53.574845],[-6.152754,53.574779],[-6.152521,53.574731],[-6.152192,53.574662],[-6.15197,53.574619],[-6.151577,53.574545],[-6.151127,53.574472],[-6.150781,53.57441],[-6.150388,53.574333],[-6.150305,53.57432],[-6.150292,53.574317],[-6.150273,53.574314],[-6.150179,53.574299],[-6.150145,53.574295],[-6.150031,53.574279],[-6.149733,53.574219],[-6.14949,53.574183],[-6.149131,53.57412],[-6.148878,53.574076],[-6.148865,53.574074],[-6.148738,53.574052],[-6.148421,53.573993],[-6.148272,53.573964],[-6.147938,53.573886],[-6.147653,53.573821],[-6.147269,53.573727],[-6.147103,53.573686],[-6.146777,53.573613],[-6.14662,53.573588],[-6.146535,53.57357],[-6.146434,53.573549],[-6.146434,53.573549],[-6.146296,53.573527],[-6.146228,53.573515],[-6.146159,53.573506],[-6.146086,53.573497],[-6.14605,53.57349],[-6.145998,53.573484],[-6.145959,53.573472],[-6.145904,53.573459],[-6.145879,53.573452],[-6.145872,53.57345],[-6.145868,53.573454],[-6.145838,53.573447],[-6.145805,53.57344],[-6.145786,53.573451],[-6.145733,53.573468],[-6.14572,53.57347],[-6.145688,53.573473],[-6.145354,53.573579],[-6.145283,53.573595],[-6.14503,53.573607],[-6.144544,53.573622],[-6.144189,53.573639],[-6.143638,53.573681],[-6.143599,53.573685],[-6.143575,53.573684],[-6.14353,53.573665],[-6.143504,53.573668],[-6.14349,53.573672],[-6.143473,53.573676],[-6.143453,53.573683],[-6.143431,53.57369],[-6.143393,53.573698],[-6.143376,53.573735],[-6.143224,53.573785],[-6.143042,53.57384],[-6.142802,53.573918],[-6.142683,53.573956],[-6.142654,53.573979],[-6.142641,53.573983],[-6.142346,53.574068],[-6.142133,53.574122],[-6.142004,53.574148],[-6.141856,53.574181],[-6.141604,53.574215],[-6.141282,53.574257],[-6.140844,53.574306],[-6.14083,53.574308],[-6.140805,53.574311],[-6.140657,53.574329],[-6.140217,53.574363],[-6.140014,53.574379],[-6.139591,53.574407],[-6.139383,53.574418],[-6.139226,53.574428],[-6.138945,53.574439],[-6.13872,53.57445],[-6.138639,53.574448],[-6.138392,53.574441],[-6.138188,53.574432],[-6.138041,53.574418],[-6.137882,53.574408],[-6.137752,53.574406],[-6.137655,53.574399],[-6.137537,53.574364],[-6.137391,53.574329],[-6.137196,53.574281],[-6.137063,53.574256],[-6.136943,53.574228],[-6.136552,53.57413],[-6.136164,53.574032],[-6.136059,53.574003],[-6.135891,53.573956],[-6.135768,53.573919],[-6.135492,53.57383],[-6.135339,53.573781],[-6.135275,53.573753],[-6.134916,53.573602],[-6.134647,53.573484],[-6.13422,53.573274],[-6.134058,53.573196],[-6.133863,53.573075],[-6.133826,53.573044],[-6.133703,53.572955],[-6.133535,53.572834],[-6.133413,53.572741],[-6.133398,53.57273],[-6.133288,53.572647],[-6.133054,53.572471],[-6.132902,53.572356],[-6.132707,53.572211],[-6.132484,53.572048],[-6.132415,53.572002],[-6.132408,53.571996],[-6.132334,53.571941],[-6.132289,53.571888],[-6.1322,53.57177],[-6.132199,53.571762],[-6.132245,53.571512],[-6.132305,53.571225],[-6.132356,53.570949],[-6.13243,53.570547],[-6.132483,53.570263],[-6.132546,53.569987],[-6.13256,53.569892],[-6.132578,53.56989],[-6.13261,53.569887],[-6.132636,53.569874],[-6.132664,53.56985],[-6.132683,53.56982],[-6.132694,53.569801],[-6.132702,53.569769],[-6.132707,53.569749],[-6.132699,53.569732],[-6.132674,53.569716],[-6.132631,53.569709],[-6.132626,53.569698],[-6.13266,53.569643],[-6.132649,53.569608],[-6.132687,53.569507],[-6.132733,53.569385],[-6.13275,53.569324],[-6.132836,53.569059],[-6.132893,53.568913],[-6.132945,53.568819],[-6.133071,53.568596],[-6.133229,53.56833],[-6.133365,53.568109],[-6.133488,53.56791],[-6.133548,53.567803],[-6.133674,53.567619],[-6.133801,53.567436],[-6.133871,53.567339],[-6.133958,53.567231],[-6.134011,53.567161],[-6.134055,53.567109],[-6.1341,53.567061],[-6.134135,53.567029],[-6.134219,53.566958],[-6.134296,53.566895],[-6.134342,53.566859],[-6.134438,53.566786],[-6.134445,53.566781],[-6.134488,53.566757],[-6.134592,53.566702],[-6.134657,53.566675],[-6.134693,53.566655],[-6.134739,53.566631],[-6.134821,53.566606],[-6.134996,53.566557],[-6.135151,53.56653],[-6.135376,53.566499],[-6.135633,53.566457],[-6.135894,53.566422],[-6.136176,53.566386],[-6.136321,53.566373],[-6.136744,53.56634],[-6.1372,53.566304],[-6.137683,53.566268],[-6.138117,53.566238],[-6.138362,53.566221],[-6.138521,53.566214],[-6.138578,53.566221],[-6.138595,53.56623],[-6.138625,53.566244],[-6.138633,53.566247],[-6.13867,53.566263],[-6.138691,53.566263],[-6.138715,53.566263],[-6.138785,53.566198],[-6.13918,53.566169],[-6.139526,53.566143],[-6.139738,53.566109],[-6.140096,53.566051],[-6.140146,53.566042],[-6.140163,53.566041],[-6.14018,53.56604],[-6.140303,53.566011],[-6.140497,53.565969],[-6.140713,53.565925],[-6.140871,53.565888],[-6.141227,53.565785],[-6.141227,53.565777],[-6.141236,53.565754],[-6.141382,53.565704],[-6.14162,53.56562],[-6.14174,53.565575],[-6.141789,53.565557],[-6.141893,53.565513],[-6.142042,53.565451],[-6.142168,53.56539],[-6.142282,53.565334],[-6.142406,53.565265],[-6.142551,53.565186],[-6.142682,53.565108],[-6.142824,53.565018],[-6.142895,53.564969],[-6.142975,53.564915],[-6.143046,53.564862],[-6.143084,53.564835],[-6.143109,53.564814],[-6.143126,53.564802],[-6.143414,53.564593],[-6.143427,53.564577],[-6.143641,53.564373],[-6.144182,53.563856],[-6.144237,53.563796],[-6.144286,53.563746],[-6.144393,53.563641],[-6.144537,53.563497],[-6.144689,53.563352],[-6.144792,53.563245],[-6.14493,53.563116],[-6.145103,53.562944],[-6.145175,53.56287],[-6.145213,53.56283],[-6.145272,53.562783],[-6.145377,53.562708],[-6.145507,53.562614],[-6.14557,53.562574],[-6.145621,53.562587],[-6.145647,53.562596],[-6.145765,53.562705],[-6.145976,53.562917],[-6.146174,53.563105],[-6.14636,53.563281],[-6.146412,53.563327],[-6.146477,53.563384],[-6.146455,53.563396],[-6.146731,53.563651],[-6.146861,53.563766],[-6.147056,53.563962],[-6.147261,53.564155],[-6.1475,53.56441],[-6.147529,53.564437],[-6.147545,53.56445],[-6.147661,53.564571],[-6.147651,53.564575],[-6.147697,53.564622],[-6.147717,53.564616],[-6.147815,53.564718],[-6.147881,53.564786],[-6.147948,53.564844],[-6.148124,53.565009],[-6.148255,53.565147],[-6.14835,53.565235],[-6.148625,53.565501],[-6.148811,53.565694],[-6.14905,53.56592],[-6.149235,53.566121],[-6.149317,53.566196],[-6.149311,53.566234],[-6.149322,53.566242],[-6.149378,53.566274],[-6.149435,53.566286],[-6.149511,53.566354],[-6.149541,53.566378],[-6.149642,53.566467],[-6.149709,53.566516],[-6.149794,53.566606],[-6.14989,53.566708],[-6.149946,53.56676],[-6.149986,53.566798],[-6.150098,53.566913],[-6.150302,53.56712],[-6.150394,53.567208],[-6.150455,53.567278],[-6.150548,53.567383],[-6.150656,53.567502],[-6.15076,53.567616],[-6.150869,53.567734],[-6.150961,53.567829],[-6.150981,53.567851],[-6.151046,53.567906],[-6.151158,53.568002],[-6.1513,53.568123],[-6.15144,53.568242],[-6.151601,53.56838],[-6.151769,53.568527],[-6.151947,53.568678],[-6.152129,53.568826],[-6.152346,53.568996],[-6.152356,53.569004],[-6.152373,53.569017],[-6.152537,53.569141],[-6.15254,53.569142],[-6.152621,53.5692],[-6.152624,53.569202],[-6.152718,53.56927],[-6.152716,53.569282],[-6.152743,53.569333],[-6.152788,53.56937],[-6.152861,53.569435],[-6.152863,53.569437],[-6.153151,53.569656],[-6.153152,53.569656],[-6.153252,53.569729],[-6.153253,53.569729],[-6.153293,53.569767],[-6.153333,53.569814],[-6.153361,53.569844],[-6.153388,53.569886],[-6.153432,53.569968],[-6.153509,53.570104],[-6.153566,53.570206],[-6.15362,53.5703],[-6.153664,53.570376],[-6.153718,53.570444],[-6.153782,53.570519],[-6.153839,53.570575],[-6.153913,53.570657],[-6.154076,53.570822],[-6.154203,53.570935],[-6.154762,53.571452],[-6.155092,53.571755],[-6.155504,53.572132],[-6.1558,53.572382],[-6.156073,53.57263],[-6.156097,53.572651],[-6.15611,53.572663],[-6.156103,53.57273],[-6.156104,53.57273],[-6.156119,53.572746],[-6.156187,53.572755],[-6.156242,53.572833],[-6.156299,53.572951],[-6.156333,53.573104],[-6.156454,53.573535],[-6.156548,53.573842],[-6.15657,53.573962],[-6.156561,53.574082],[-6.156545,53.574259],[-6.156528,53.574405],[-6.156487,53.574557],[-6.156371,53.575005],[-6.1563,53.575241],[-6.156163,53.575687],[-6.156072,53.575702]]]},"properties":{"aca_name":"Milverton Demesne ACA","council":"fingal","council_label":"Fingal County Council","ref":"","designation":"Architectural Conservation Area"}},{"type":"Feature","geometry":{"type":"Polygon","coordinates":[[[-6.172611,53.527398],[-6.172518,53.52739],[-6.172509,53.527547],[-6.173281,53.528422],[-6.173687,53.528828],[-6.173856,53.528914],[-6.17396,53.52902],[-6.17413,53.529236],[-6.174128,53.529243],[-6.174172,53.529314],[-6.174234,53.529368],[-6.17423,53.529391],[-6.174835,53.529563],[-6.174966,53.52963],[-6.175136,53.52975],[-6.175327,53.529822],[-6.175464,53.529869],[-6.175264,53.530013],[-6.175019,53.530184],[-6.174758,53.530357],[-6.174407,53.53058],[-6.174204,53.530711],[-6.173839,53.530932],[-6.17383,53.530927],[-6.173698,53.530971],[-6.173862,53.531122],[-6.173899,53.531152],[-6.173969,53.531216],[-6.174017,53.531271],[-6.174114,53.531367],[-6.17419,53.531438],[-6.174313,53.531547],[-6.174402,53.531609],[-6.174539,53.531691],[-6.174677,53.531788],[-6.17483,53.531898],[-6.174899,53.531952],[-6.174891,53.531956],[-6.17439,53.532219],[-6.174126,53.532363],[-6.174117,53.53236],[-6.174033,53.532333],[-6.173939,53.53232],[-6.173714,53.532278],[-6.173538,53.53224],[-6.173365,53.532204],[-6.173282,53.532198],[-6.173283,53.532163],[-6.17329,53.532137],[-6.173357,53.532017],[-6.173422,53.531915],[-6.173487,53.531805],[-6.17353,53.531733],[-6.173718,53.531443],[-6.173806,53.531306],[-6.173325,53.53116],[-6.173333,53.531146],[-6.172969,53.531078],[-6.172919,53.531072],[-6.172878,53.531093],[-6.172821,53.531086],[-6.172802,53.531061],[-6.172551,53.531036],[-6.172138,53.530999],[-6.17171,53.530959],[-6.171713,53.530948],[-6.171754,53.530793],[-6.171765,53.53075],[-6.171782,53.530688],[-6.17182,53.53055],[-6.171833,53.530484],[-6.171812,53.530457],[-6.171828,53.53041],[-6.171846,53.530342],[-6.171867,53.53031],[-6.171713,53.530279],[-6.171665,53.53027],[-6.171637,53.530249],[-6.171635,53.530227],[-6.171662,53.530162],[-6.171683,53.530132],[-6.171602,53.530114],[-6.171536,53.530098],[-6.171525,53.530089],[-6.1715,53.530089],[-6.171445,53.530099],[-6.171369,53.530121],[-6.171307,53.530147],[-6.17124,53.530172],[-6.171214,53.530186],[-6.1712,53.5302],[-6.171187,53.530217],[-6.171112,53.530221],[-6.171102,53.530198],[-6.171045,53.530198],[-6.171008,53.530206],[-6.171019,53.530179],[-6.17103,53.530153],[-6.171038,53.530139],[-6.170501,53.530122],[-6.170428,53.530121],[-6.170249,53.530116],[-6.170123,53.530111],[-6.169555,53.530084],[-6.169554,53.530087],[-6.16953,53.530179],[-6.167019,53.529577],[-6.167231,53.529385],[-6.167287,53.529335],[-6.167321,53.529307],[-6.16719,53.529311],[-6.166983,53.529317],[-6.166674,53.529316],[-6.166492,53.529317],[-6.166277,53.529316],[-6.166083,53.529266],[-6.166016,53.529254],[-6.165959,53.52925],[-6.165901,53.529246],[-6.165856,53.529246],[-6.165812,53.529251],[-6.165757,53.529243],[-6.165702,53.529237],[-6.165665,53.529229],[-6.165615,53.529215],[-6.165577,53.529204],[-6.1655,53.529175],[-6.165501,53.52915],[-6.165506,53.529103],[-6.165587,53.528955],[-6.165589,53.528946],[-6.165593,53.528917],[-6.165637,53.528727],[-6.165753,53.528436],[-6.165497,53.528403],[-6.165526,53.528242],[-6.165379,53.528087],[-6.165657,53.527826],[-6.165675,53.527823],[-6.165686,53.527829],[-6.16574,53.527824],[-6.165461,53.527661],[-6.16538,53.527651],[-6.165303,53.527627],[-6.165218,53.527592],[-6.165155,53.527551],[-6.165104,53.527479],[-6.165085,53.527478],[-6.164829,53.527362],[-6.164555,53.527291],[-6.164387,53.527248],[-6.164338,53.527223],[-6.164353,53.527082],[-6.164354,53.527078],[-6.164377,53.526857],[-6.164387,53.526654],[-6.163875,53.526651],[-6.163886,53.526581],[-6.163893,53.526538],[-6.163917,53.526385],[-6.163934,53.526292],[-6.163909,53.526224],[-6.163869,53.526152],[-6.163761,53.52612],[-6.163596,53.526071],[-6.163415,53.526039],[-6.163421,53.526012],[-6.163306,53.526001],[-6.163226,53.525997],[-6.163229,53.525982],[-6.163299,53.525739],[-6.163306,53.525655],[-6.163312,53.525574],[-6.163318,53.525475],[-6.163328,53.525414],[-6.163348,53.525366],[-6.163371,53.525323],[-6.163449,53.525209],[-6.163482,53.525162],[-6.163672,53.524997],[-6.163935,53.525068],[-6.163997,53.524936],[-6.164,53.52493],[-6.164015,53.524898],[-6.164037,53.5249],[-6.16406,53.524783],[-6.164091,53.524628],[-6.164132,53.524486],[-6.164149,53.524415],[-6.164159,53.524409],[-6.16421,53.524364],[-6.164376,53.524371],[-6.164726,53.524384],[-6.165201,53.524404],[-6.165627,53.524426],[-6.165698,53.524428],[-6.165757,53.52443],[-6.16581,53.524424],[-6.165859,53.524411],[-6.165884,53.524399],[-6.165907,53.524387],[-6.166016,53.524297],[-6.16606,53.524263],[-6.166228,53.524141],[-6.166336,53.524072],[-6.166402,53.524038],[-6.166245,53.523932],[-6.166175,53.523885],[-6.1661,53.523836],[-6.16603,53.523788],[-6.165958,53.523739],[-6.165885,53.523692],[-6.165825,53.523651],[-6.165761,53.523608],[-6.165699,53.523567],[-6.165853,53.523478],[-6.165905,53.523451],[-6.165969,53.523404],[-6.165983,53.523403],[-6.166069,53.523328],[-6.166096,53.523303],[-6.166086,53.523296],[-6.166208,53.52319],[-6.166213,53.523172],[-6.166265,53.523114],[-6.166309,53.523074],[-6.16643,53.522983],[-6.166514,53.522919],[-6.166821,53.522711],[-6.167348,53.522794],[-6.167483,53.52275],[-6.167657,53.522758],[-6.167728,53.522788],[-6.167732,53.522777],[-6.167976,53.522786],[-6.167948,53.522901],[-6.167933,53.523005],[-6.167942,53.523046],[-6.16797,53.52308],[-6.168004,53.523115],[-6.168063,53.52314],[-6.168156,53.523164],[-6.16829,53.523191],[-6.168471,53.523222],[-6.169189,53.523356],[-6.169314,53.523379],[-6.169382,53.523391],[-6.169431,53.523397],[-6.169403,53.523431],[-6.169344,53.523465],[-6.169241,53.523511],[-6.169114,53.523548],[-6.168991,53.523579],[-6.168895,53.523608],[-6.168847,53.52363],[-6.168642,53.523692],[-6.168558,53.523718],[-6.168515,53.52374],[-6.168416,53.523809],[-6.16841,53.523848],[-6.168381,53.523894],[-6.168376,53.523941],[-6.168379,53.523958],[-6.168411,53.524017],[-6.168417,53.524039],[-6.168391,53.524083],[-6.168364,53.524136],[-6.168346,53.524187],[-6.168354,53.524219],[-6.168343,53.524252],[-6.168329,53.524356],[-6.168328,53.524402],[-6.168346,53.524424],[-6.168384,53.524449],[-6.168428,53.524469],[-6.168479,53.524518],[-6.1685,53.524559],[-6.168503,53.524587],[-6.168514,53.52463],[-6.168515,53.524667],[-6.168508,53.524699],[-6.1685,53.524719],[-6.168467,53.524764],[-6.168404,53.524816],[-6.168394,53.52483],[-6.168395,53.524845],[-6.168394,53.524924],[-6.168409,53.524964],[-6.168464,53.525009],[-6.168533,53.525043],[-6.168594,53.525083],[-6.168653,53.525132],[-6.1687,53.525181],[-6.168763,53.525218],[-6.168815,53.525249],[-6.16886,53.525273],[-6.168944,53.525297],[-6.169032,53.525309],[-6.169115,53.525322],[-6.169199,53.525348],[-6.169311,53.525406],[-6.169424,53.525467],[-6.169486,53.52547],[-6.169541,53.525477],[-6.169707,53.525481],[-6.169976,53.525497],[-6.17005,53.525507],[-6.170194,53.525528],[-6.17035,53.525556],[-6.17054,53.525588],[-6.170613,53.525577],[-6.170687,53.52559],[-6.170743,53.525596],[-6.170817,53.525605],[-6.170869,53.525619],[-6.170919,53.525627],[-6.170967,53.525633],[-6.171022,53.525634],[-6.171106,53.525632],[-6.171241,53.525625],[-6.171331,53.525625],[-6.171401,53.525621],[-6.171481,53.525615],[-6.171565,53.525607],[-6.171653,53.525601],[-6.171725,53.525594],[-6.17184,53.525591],[-6.171904,53.525583],[-6.171916,53.525599],[-6.171918,53.525718],[-6.171919,53.525743],[-6.171913,53.525777],[-6.171855,53.526107],[-6.171846,53.52616],[-6.171816,53.526169],[-6.171806,53.526204],[-6.171837,53.526217],[-6.171792,53.52642],[-6.171852,53.526421],[-6.171833,53.526541],[-6.171803,53.526625],[-6.171792,53.526725],[-6.171875,53.526727],[-6.171878,53.526728],[-6.171946,53.526738],[-6.172046,53.526757],[-6.172177,53.526785],[-6.172411,53.526844],[-6.172534,53.526866],[-6.17266,53.526885],[-6.172784,53.526892],[-6.172813,53.5269],[-6.172791,53.526948],[-6.17274,53.527097],[-6.172705,53.527152],[-6.172613,53.527394],[-6.172611,53.527398]]]},"properties":{"aca_name":"Lusk ACA","council":"fingal","council_label":"Fingal County Council","ref":"","designation":"Architectural Conservation Area"}},{"type":"Feature","geometry":{"type":"Polygon","coordinates":[[[-6.080893,53.388821],[-6.080685,53.388809],[-6.080552,53.388793],[-6.080428,53.388785],[-6.080212,53.388768],[-6.080091,53.388766],[-6.079992,53.388765],[-6.079934,53.388765],[-6.079854,53.388767],[-6.079739,53.388773],[-6.079576,53.388783],[-6.079468,53.388793],[-6.079359,53.388805],[-6.079023,53.388849],[-6.078804,53.388729],[-6.078601,53.388383],[-6.078246,53.388216],[-6.078198,53.388224],[-6.078124,53.38799],[-6.07803,53.387698],[-6.077976,53.387546],[-6.077768,53.386884],[-6.076967,53.3859],[-6.076947,53.385831],[-6.076929,53.385775],[-6.076946,53.385769],[-6.076973,53.385765],[-6.077906,53.385558],[-6.078135,53.385534],[-6.078284,53.385518],[-6.078553,53.385488],[-6.078845,53.385455],[-6.079285,53.385406],[-6.079598,53.385371],[-6.079762,53.385352],[-6.080101,53.385313],[-6.080152,53.385178],[-6.080333,53.385076],[-6.080481,53.384991],[-6.08074,53.384837],[-6.080845,53.384772],[-6.082648,53.385058],[-6.08286,53.385126],[-6.083219,53.385242],[-6.083369,53.385181],[-6.083514,53.38514],[-6.083558,53.385183],[-6.083682,53.385249],[-6.08407,53.385106],[-6.084472,53.384964],[-6.084733,53.385143],[-6.084894,53.385243],[-6.085741,53.385844],[-6.085734,53.385866],[-6.085697,53.385961],[-6.085654,53.386076],[-6.085621,53.386169],[-6.085596,53.386239],[-6.085569,53.386329],[-6.085561,53.386363],[-6.085541,53.386474],[-6.085517,53.386613],[-6.085502,53.386694],[-6.08549,53.386765],[-6.085475,53.386822],[-6.085428,53.387025],[-6.085398,53.387132],[-6.085425,53.387222],[-6.085411,53.387228],[-6.085339,53.38722],[-6.084983,53.387191],[-6.084621,53.387163],[-6.084362,53.387133],[-6.084302,53.387119],[-6.084006,53.387041],[-6.083992,53.387025],[-6.083556,53.386893],[-6.083236,53.3868],[-6.083221,53.386799],[-6.083213,53.386802],[-6.082984,53.386738],[-6.082801,53.386686],[-6.082514,53.386662],[-6.082503,53.386672],[-6.082382,53.386746],[-6.082311,53.386803],[-6.082091,53.386875],[-6.081697,53.386965],[-6.081729,53.386971],[-6.081746,53.386988],[-6.08174,53.387008],[-6.081714,53.38702],[-6.081683,53.38702],[-6.081659,53.387008],[-6.081652,53.38699],[-6.081475,53.387028],[-6.081337,53.387062],[-6.081221,53.387087],[-6.081091,53.387117],[-6.080824,53.387178],[-6.080686,53.387331],[-6.080429,53.387388],[-6.080434,53.387451],[-6.080437,53.387499],[-6.080446,53.387559],[-6.080461,53.387623],[-6.080483,53.387681],[-6.080488,53.387711],[-6.080497,53.387737],[-6.080535,53.387842],[-6.080569,53.387962],[-6.080585,53.388019],[-6.080606,53.388084],[-6.08063,53.388204],[-6.080644,53.388288],[-6.080643,53.388342],[-6.080641,53.388396],[-6.080645,53.388438],[-6.08065,53.388472],[-6.080662,53.388501],[-6.080681,53.38853],[-6.080718,53.388557],[-6.080772,53.388583],[-6.080851,53.388619],[-6.080893,53.388821]]]},"properties":{"aca_name":"Howth Castle Demesne ACA","council":"fingal","council_label":"Fingal County Council","ref":"","designation":"Architectural Conservation Area"}},{"type":"Feature","geometry":{"type":"Polygon","coordinates":[[[-6.169699,53.583601],[-6.169832,53.583894],[-6.169888,53.584038],[-6.169954,53.584206],[-6.170027,53.584354],[-6.170162,53.584581],[-6.170283,53.584782],[-6.170445,53.585041],[-6.17056,53.585226],[-6.170602,53.585289],[-6.170562,53.585354],[-6.170551,53.585371],[-6.170537,53.585433],[-6.170493,53.585511],[-6.17046,53.585609],[-6.170459,53.585749],[-6.170464,53.585787],[-6.170464,53.585787],[-6.170486,53.585974],[-6.17053,53.586161],[-6.170588,53.586326],[-6.170671,53.586455],[-6.170739,53.586589],[-6.170727,53.58681],[-6.17069,53.586952],[-6.170644,53.587038],[-6.170299,53.586989],[-6.170077,53.586907],[-6.169997,53.586896],[-6.169938,53.586903],[-6.169909,53.586935],[-6.169475,53.586728],[-6.169145,53.586549],[-6.168271,53.586473],[-6.167618,53.586441],[-6.167082,53.586418],[-6.166679,53.586405],[-6.16604,53.586374],[-6.165765,53.586364],[-6.165499,53.586358],[-6.165477,53.586353],[-6.165459,53.586363],[-6.16547,53.586472],[-6.165499,53.586756],[-6.165515,53.586998],[-6.165514,53.587086],[-6.165511,53.587407],[-6.165506,53.587515],[-6.165506,53.587515],[-6.1655,53.587599],[-6.164835,53.587573],[-6.164834,53.587573],[-6.164405,53.587548],[-6.164287,53.587547],[-6.163728,53.587536],[-6.162986,53.587507],[-6.162986,53.587811],[-6.162982,53.58833],[-6.162981,53.588527],[-6.162981,53.589057],[-6.162993,53.589123],[-6.162998,53.58913],[-6.16295,53.589156],[-6.162073,53.589111],[-6.162028,53.58919],[-6.161989,53.589248],[-6.161931,53.589337],[-6.161826,53.58948],[-6.161695,53.589592],[-6.161508,53.589737],[-6.16127,53.589927],[-6.16112,53.590053],[-6.161058,53.590133],[-6.160957,53.590243],[-6.160887,53.590338],[-6.16083,53.590423],[-6.160816,53.590505],[-6.160791,53.590691],[-6.160768,53.590882],[-6.160776,53.590974],[-6.160784,53.59107],[-6.160849,53.591416],[-6.160898,53.59181],[-6.160915,53.591948],[-6.160917,53.592181],[-6.160903,53.592314],[-6.160869,53.592399],[-6.160765,53.592589],[-6.160592,53.592846],[-6.160423,53.593071],[-6.160391,53.593121],[-6.160355,53.593177],[-6.160313,53.593249],[-6.160184,53.593478],[-6.16016,53.593519],[-6.160159,53.593531],[-6.160149,53.593539],[-6.160135,53.593568],[-6.160063,53.593791],[-6.160047,53.593874],[-6.160021,53.594002],[-6.159978,53.594155],[-6.159931,53.594325],[-6.15993,53.594328],[-6.159688,53.594384],[-6.159145,53.593762],[-6.158665,53.593283],[-6.157497,53.592188],[-6.15705,53.592329],[-6.15648,53.592561],[-6.156401,53.592591],[-6.156356,53.592504],[-6.156279,53.592389],[-6.156222,53.592313],[-6.156161,53.592234],[-6.156121,53.59219],[-6.15609,53.592138],[-6.156057,53.592108],[-6.156,53.592071],[-6.155966,53.592053],[-6.155932,53.591992],[-6.155876,53.591914],[-6.15583,53.591861],[-6.155802,53.591815],[-6.155746,53.591774],[-6.155707,53.591751],[-6.155668,53.591737],[-6.155583,53.591697],[-6.155523,53.591671],[-6.155478,53.591642],[-6.155467,53.591616],[-6.155438,53.591552],[-6.15536,53.591502],[-6.155336,53.591372],[-6.155305,53.591208],[-6.155267,53.591047],[-6.155251,53.59093],[-6.155245,53.590886],[-6.155255,53.590868],[-6.155253,53.590851],[-6.155249,53.590829],[-6.155229,53.590811],[-6.155239,53.590785],[-6.155363,53.59025],[-6.154805,53.589622],[-6.153948,53.588797],[-6.15285,53.587806],[-6.151797,53.586934],[-6.151158,53.586503],[-6.151211,53.586474],[-6.151225,53.586469],[-6.151458,53.586389],[-6.151741,53.586288],[-6.152153,53.586138],[-6.152456,53.586036],[-6.152825,53.585908],[-6.153023,53.585835],[-6.153028,53.585833],[-6.15312,53.585804],[-6.15343,53.585694],[-6.153652,53.585614],[-6.153804,53.585563],[-6.153926,53.585513],[-6.154121,53.585435],[-6.154235,53.585391],[-6.154322,53.585358],[-6.154409,53.585324],[-6.154563,53.58528],[-6.15466,53.585253],[-6.154744,53.58522],[-6.154788,53.585192],[-6.154817,53.585171],[-6.154829,53.585162],[-6.15491,53.585104],[-6.154957,53.585068],[-6.155076,53.585005],[-6.155277,53.584898],[-6.15548,53.5848],[-6.15568,53.584705],[-6.155901,53.584597],[-6.15603,53.584535],[-6.156629,53.584286],[-6.15691,53.584164],[-6.157279,53.584003],[-6.157715,53.583801],[-6.157721,53.583798],[-6.158322,53.583525],[-6.158614,53.583392],[-6.159148,53.583148],[-6.159361,53.583054],[-6.159485,53.583004],[-6.159535,53.582985],[-6.159904,53.582962],[-6.160023,53.582946],[-6.160214,53.582926],[-6.160324,53.5829],[-6.160246,53.58276],[-6.159998,53.582336],[-6.159845,53.582078],[-6.159708,53.581812],[-6.159699,53.581763],[-6.159811,53.581743],[-6.159781,53.581667],[-6.159611,53.581342],[-6.159453,53.581017],[-6.159367,53.580843],[-6.159289,53.580684],[-6.159732,53.580621],[-6.160083,53.580571],[-6.160072,53.580544],[-6.15997,53.580394],[-6.159904,53.580296],[-6.159633,53.57993],[-6.159386,53.579775],[-6.159826,53.579744],[-6.159896,53.579821],[-6.160061,53.579999],[-6.160264,53.580183],[-6.160481,53.580402],[-6.160498,53.580419],[-6.160733,53.580623],[-6.160738,53.580628],[-6.160753,53.580641],[-6.160899,53.580766],[-6.161064,53.580896],[-6.161241,53.581036],[-6.161421,53.581172],[-6.161632,53.581318],[-6.161808,53.581437],[-6.161981,53.581546],[-6.162151,53.581658],[-6.162324,53.581766],[-6.162469,53.581859],[-6.162629,53.581946],[-6.162763,53.582032],[-6.162911,53.58214],[-6.163055,53.582254],[-6.163232,53.582415],[-6.163276,53.582483],[-6.163288,53.582502],[-6.163514,53.582702],[-6.163539,53.582728],[-6.163804,53.583018],[-6.163908,53.583117],[-6.164235,53.583395],[-6.164425,53.583509],[-6.164439,53.583515],[-6.164638,53.583587],[-6.164733,53.583617],[-6.164796,53.583632],[-6.164861,53.583639],[-6.16495,53.583641],[-6.165086,53.583635],[-6.165326,53.583617],[-6.165511,53.583597],[-6.166043,53.58351],[-6.166527,53.583435],[-6.167049,53.58339],[-6.167541,53.58337],[-6.167851,53.583375],[-6.168022,53.583381],[-6.168278,53.583374],[-6.168301,53.583374],[-6.168345,53.583543],[-6.168346,53.583546],[-6.168608,53.583546],[-6.168987,53.583545],[-6.169546,53.583557],[-6.16956,53.583557],[-6.169662,53.583555],[-6.169681,53.583579],[-6.169699,53.583601]]]},"properties":{"aca_name":"Ardgillan Demesne ACA","council":"fingal","council_label":"Fingal County Council","ref":"","designation":"Architectural Conservation Area"}},{"type":"Feature","geometry":{"type":"Polygon","coordinates":[[[-6.110836,53.578137],[-6.110837,53.578084],[-6.110832,53.577975],[-6.11083,53.577889],[-6.110777,53.577844],[-6.110825,53.577777],[-6.110949,53.577817],[-6.111003,53.577835],[-6.111635,53.578024],[-6.111658,53.578032],[-6.111813,53.578085],[-6.111864,53.578106],[-6.112021,53.578163],[-6.112099,53.578188],[-6.112084,53.578208],[-6.112065,53.578227],[-6.111927,53.57837],[-6.111919,53.578378],[-6.111774,53.578488],[-6.111753,53.578536],[-6.111663,53.578582],[-6.111647,53.578602],[-6.111639,53.578633],[-6.111638,53.578638],[-6.111606,53.578773],[-6.111602,53.578788],[-6.111601,53.578793],[-6.111599,53.578805],[-6.111595,53.578835],[-6.111594,53.57884],[-6.111588,53.578875],[-6.111585,53.578894],[-6.111584,53.578901],[-6.111585,53.578915],[-6.111586,53.578954],[-6.111588,53.57899],[-6.111588,53.578999],[-6.111586,53.579023],[-6.111584,53.579041],[-6.111584,53.579047],[-6.111583,53.579058],[-6.111581,53.579087],[-6.111581,53.579089],[-6.111582,53.579158],[-6.111584,53.579181],[-6.111586,53.579201],[-6.111588,53.579216],[-6.111591,53.579237],[-6.111595,53.579269],[-6.111599,53.579295],[-6.1116,53.57938],[-6.111586,53.579435],[-6.111586,53.579435],[-6.111569,53.579508],[-6.11163,53.579518],[-6.111882,53.579595],[-6.111959,53.579618],[-6.111947,53.579656],[-6.111919,53.579689],[-6.111891,53.579734],[-6.111862,53.579771],[-6.111919,53.579786],[-6.111864,53.57988],[-6.111772,53.580044],[-6.111759,53.580067],[-6.111751,53.580081],[-6.111751,53.580081],[-6.111736,53.58008],[-6.11173,53.580097],[-6.111719,53.580119],[-6.111664,53.580214],[-6.111677,53.580214],[-6.111661,53.580388],[-6.111661,53.580388],[-6.111741,53.580398],[-6.111749,53.580399],[-6.111807,53.580406],[-6.111813,53.580406],[-6.111816,53.580407],[-6.111846,53.58041],[-6.111961,53.580425],[-6.111965,53.580425],[-6.112033,53.580434],[-6.112054,53.580437],[-6.112095,53.580442],[-6.112103,53.580439],[-6.112109,53.580436],[-6.112117,53.580433],[-6.112131,53.580431],[-6.11217,53.580429],[-6.112216,53.580427],[-6.112238,53.580427],[-6.112241,53.580427],[-6.112252,53.580427],[-6.1123,53.580425],[-6.112316,53.580425],[-6.112366,53.580424],[-6.112365,53.580431],[-6.112346,53.580517],[-6.112439,53.580524],[-6.11252,53.580534],[-6.112515,53.580554],[-6.112482,53.580737],[-6.112489,53.580749],[-6.112489,53.580756],[-6.112493,53.580763],[-6.112495,53.580768],[-6.112507,53.580788],[-6.112513,53.58081],[-6.112515,53.580844],[-6.112516,53.580908],[-6.112519,53.580966],[-6.112503,53.581028],[-6.112561,53.581032],[-6.112567,53.581032],[-6.11266,53.581035],[-6.11266,53.581035],[-6.112707,53.581038],[-6.112703,53.581045],[-6.112813,53.581056],[-6.112813,53.581056],[-6.112814,53.581056],[-6.11292,53.581063],[-6.11298,53.581067],[-6.113042,53.581071],[-6.113247,53.581086],[-6.113232,53.581125],[-6.113221,53.581149],[-6.113192,53.581209],[-6.11318,53.581236],[-6.113158,53.581286],[-6.11315,53.581307],[-6.11312,53.58137],[-6.11312,53.58137],[-6.113112,53.581383],[-6.113091,53.581399],[-6.113069,53.58141],[-6.113048,53.581416],[-6.112654,53.581464],[-6.112599,53.581467],[-6.112494,53.581461],[-6.112435,53.581451],[-6.112332,53.581432],[-6.112323,53.581437],[-6.11231,53.581428],[-6.112276,53.581436],[-6.112171,53.581454],[-6.112104,53.581461],[-6.111978,53.581444],[-6.1119,53.581439],[-6.111737,53.581441],[-6.111733,53.581418],[-6.111544,53.581417],[-6.111469,53.581418],[-6.111407,53.581419],[-6.111389,53.581419],[-6.111279,53.581421],[-6.111215,53.58142],[-6.111192,53.581419],[-6.111192,53.581432],[-6.111107,53.581434],[-6.111015,53.581438],[-6.110917,53.581428],[-6.110789,53.58143],[-6.110782,53.581423],[-6.110694,53.581425],[-6.110692,53.581416],[-6.110635,53.581419],[-6.110633,53.58141],[-6.110524,53.581414],[-6.110362,53.581418],[-6.109715,53.581441],[-6.109551,53.581444],[-6.1095,53.581446],[-6.109283,53.581518],[-6.109142,53.581528],[-6.109089,53.581532],[-6.108989,53.581539],[-6.108934,53.581543],[-6.108876,53.581547],[-6.108768,53.581568],[-6.108734,53.581575],[-6.108689,53.581592],[-6.108718,53.581643],[-6.10874,53.581695],[-6.108752,53.581727],[-6.108729,53.581731],[-6.108688,53.581739],[-6.108599,53.581756],[-6.108449,53.581783],[-6.108363,53.581798],[-6.108294,53.58181],[-6.108256,53.581807],[-6.108174,53.581799],[-6.108143,53.581807],[-6.108112,53.581815],[-6.108045,53.581828],[-6.108011,53.581837],[-6.107973,53.581847],[-6.107973,53.581848],[-6.107945,53.581855],[-6.107937,53.581856],[-6.107927,53.581859],[-6.107696,53.581911],[-6.107692,53.581912],[-6.107678,53.581915],[-6.107684,53.581927],[-6.107675,53.581942],[-6.107685,53.581953],[-6.107598,53.581972],[-6.10759,53.581974],[-6.107583,53.581975],[-6.107564,53.581978],[-6.107517,53.581984],[-6.107515,53.581984],[-6.10747,53.581991],[-6.107448,53.581997],[-6.107446,53.581998],[-6.107364,53.582021],[-6.107357,53.582007],[-6.107275,53.582027],[-6.107198,53.58204],[-6.107199,53.582039],[-6.107198,53.58204],[-6.107108,53.582059],[-6.107098,53.582047],[-6.107053,53.582055],[-6.107012,53.582063],[-6.106964,53.581978],[-6.106961,53.581972],[-6.106951,53.581955],[-6.106618,53.581776],[-6.106529,53.581764],[-6.106529,53.581764],[-6.106523,53.581764],[-6.106357,53.581742],[-6.106353,53.581742],[-6.10635,53.581714],[-6.106333,53.581666],[-6.106328,53.581646],[-6.106327,53.581643],[-6.106321,53.581619],[-6.106305,53.581536],[-6.106291,53.581442],[-6.106301,53.581441],[-6.10631,53.581441],[-6.106287,53.581338],[-6.1065,53.58132],[-6.106451,53.581164],[-6.106429,53.581093],[-6.106416,53.581054],[-6.106403,53.581026],[-6.106348,53.58098],[-6.10633,53.580933],[-6.106114,53.580504],[-6.106087,53.580408],[-6.106074,53.580363],[-6.106002,53.580036],[-6.106001,53.580037],[-6.105941,53.579458],[-6.105907,53.579356],[-6.1059,53.57931],[-6.105886,53.579277],[-6.105884,53.579272],[-6.105871,53.579242],[-6.105857,53.579206],[-6.105841,53.579167],[-6.105777,53.578901],[-6.105753,53.578852],[-6.105726,53.578797],[-6.10568,53.578683],[-6.105644,53.578614],[-6.105634,53.578596],[-6.10559,53.578511],[-6.105603,53.578509],[-6.105559,53.578425],[-6.105499,53.578297],[-6.105491,53.578282],[-6.10547,53.57824],[-6.105452,53.578202],[-6.105443,53.578184],[-6.105413,53.578107],[-6.105397,53.578076],[-6.105323,53.577927],[-6.105321,53.57792],[-6.105312,53.577895],[-6.105308,53.577897],[-6.105307,53.577896],[-6.105309,53.577896],[-6.105291,53.577863],[-6.105282,53.577849],[-6.105255,53.577804],[-6.105237,53.577769],[-6.105228,53.577753],[-6.105203,53.57771],[-6.105202,53.577709],[-6.105176,53.577657],[-6.105146,53.577604],[-6.105138,53.577589],[-6.105113,53.57754],[-6.105097,53.577511],[-6.10504,53.577407],[-6.105001,53.57734],[-6.104992,53.577322],[-6.104925,53.577283],[-6.104826,53.577134],[-6.104818,53.577122],[-6.104779,53.577068],[-6.104746,53.577018],[-6.104684,53.57691],[-6.104649,53.576855],[-6.104628,53.57682],[-6.10457,53.576833],[-6.104567,53.576833],[-6.104562,53.576834],[-6.104544,53.576838],[-6.104544,53.576838],[-6.104482,53.576851],[-6.104436,53.576776],[-6.104389,53.5767],[-6.104363,53.57666],[-6.104354,53.576645],[-6.104347,53.576633],[-6.104338,53.576619],[-6.10432,53.576591],[-6.104312,53.576577],[-6.104288,53.576539],[-6.104293,53.576537],[-6.104275,53.576508],[-6.104265,53.576494],[-6.104261,53.576495],[-6.104256,53.576488],[-6.104234,53.576451],[-6.104152,53.576466],[-6.104127,53.576424],[-6.104125,53.576419],[-6.104102,53.576373],[-6.104076,53.576325],[-6.104075,53.576322],[-6.104061,53.576299],[-6.104015,53.576223],[-6.104001,53.576198],[-6.104734,53.576022],[-6.105018,53.575937],[-6.105163,53.576143],[-6.105347,53.576451],[-6.105375,53.576469],[-6.105587,53.576747],[-6.105736,53.576767],[-6.105748,53.576765],[-6.105792,53.576756],[-6.105873,53.57674],[-6.106003,53.576714],[-6.106135,53.576687],[-6.106194,53.576675],[-6.106275,53.576659],[-6.106272,53.576653],[-6.106304,53.576647],[-6.106307,53.576654],[-6.106368,53.57665],[-6.10637,53.57665],[-6.106437,53.576646],[-6.10646,53.576645],[-6.106503,53.576643],[-6.106529,53.576641],[-6.106626,53.576637],[-6.10687,53.576617],[-6.106879,53.576616],[-6.106876,53.576683],[-6.106876,53.576686],[-6.106875,53.576735],[-6.106816,53.576746],[-6.106865,53.576835],[-6.106886,53.576869],[-6.106914,53.576921],[-6.106906,53.576961],[-6.10694,53.577008],[-6.106939,53.577016],[-6.106963,53.577045],[-6.106987,53.577083],[-6.107017,53.577131],[-6.107035,53.577142],[-6.10707,53.577197],[-6.107091,53.57722],[-6.107479,53.577692],[-6.107659,53.577643],[-6.107969,53.57756],[-6.107969,53.57756],[-6.107969,53.57756],[-6.107981,53.577557],[-6.108014,53.577603],[-6.108024,53.577601],[-6.108043,53.577601],[-6.10806,53.577605],[-6.108076,53.57761],[-6.108095,53.577613],[-6.108124,53.577615],[-6.108189,53.577612],[-6.108283,53.577589],[-6.108389,53.577563],[-6.108672,53.577493],[-6.108758,53.577473],[-6.108783,53.577473],[-6.108804,53.577474],[-6.108817,53.577478],[-6.108827,53.577485],[-6.108835,53.577502],[-6.108876,53.577654],[-6.108878,53.57768],[-6.108882,53.577719],[-6.10885,53.577731],[-6.108858,53.577763],[-6.108813,53.577792],[-6.108832,53.577834],[-6.108872,53.577845],[-6.108901,53.577972],[-6.108923,53.578055],[-6.108895,53.578062],[-6.108904,53.578161],[-6.108935,53.578155],[-6.108948,53.578242],[-6.108957,53.57834],[-6.108957,53.578372],[-6.108958,53.578393],[-6.108959,53.578407],[-6.10896,53.578448],[-6.108965,53.578474],[-6.108968,53.578496],[-6.108973,53.57852],[-6.108972,53.578521],[-6.108973,53.578521],[-6.109032,53.578509],[-6.109168,53.578476],[-6.109489,53.578429],[-6.109587,53.578414],[-6.109586,53.57841],[-6.109621,53.578405],[-6.109615,53.578389],[-6.109615,53.578389],[-6.109699,53.578371],[-6.109707,53.57837],[-6.109742,53.578362],[-6.10988,53.578334],[-6.10988,53.578333],[-6.109879,53.578332],[-6.109914,53.578323],[-6.109949,53.578315],[-6.110006,53.578302],[-6.110158,53.57827],[-6.110158,53.57827],[-6.110218,53.578258],[-6.110425,53.578214],[-6.110431,53.578213],[-6.110439,53.578211],[-6.110525,53.578194],[-6.110599,53.578181],[-6.110707,53.578162],[-6.110709,53.578162],[-6.110746,53.578154],[-6.110836,53.578134],[-6.110836,53.578137]]]},"properties":{"aca_name":"Skerries ACA","council":"fingal","council_label":"Fingal County Council","ref":"","designation":"Architectural Conservation Area"}},{"type":"Feature","geometry":{"type":"Polygon","coordinates":[[[-6.181763,53.608324],[-6.181933,53.608277],[-6.181994,53.608173],[-6.182021,53.60811],[-6.182079,53.608091],[-6.182498,53.608115],[-6.18252,53.608065],[-6.182664,53.608071],[-6.18287,53.608084],[-6.182956,53.608101],[-6.183109,53.608117],[-6.183208,53.608131],[-6.18327,53.607935],[-6.183376,53.607937],[-6.183802,53.607989],[-6.184025,53.607998],[-6.183904,53.608131],[-6.183957,53.608151],[-6.183854,53.608256],[-6.183694,53.608371],[-6.183791,53.608444],[-6.183717,53.608488],[-6.18358,53.608428],[-6.183517,53.608489],[-6.183377,53.608621],[-6.183362,53.608648],[-6.18348,53.608737],[-6.183426,53.608762],[-6.183506,53.60883],[-6.183575,53.608887],[-6.183602,53.608926],[-6.18363,53.60895],[-6.183509,53.609001],[-6.183579,53.609054],[-6.183527,53.609077],[-6.183575,53.609124],[-6.183514,53.609143],[-6.183486,53.609155],[-6.183474,53.60917],[-6.183552,53.609159],[-6.183572,53.609199],[-6.183554,53.60921],[-6.183581,53.609234],[-6.183484,53.60928],[-6.183505,53.609326],[-6.183651,53.609261],[-6.18379,53.609359],[-6.183832,53.609427],[-6.183883,53.609506],[-6.183923,53.609555],[-6.183846,53.60959],[-6.183816,53.609623],[-6.183832,53.609648],[-6.183884,53.609686],[-6.183677,53.609804],[-6.183552,53.609897],[-6.183421,53.609976],[-6.183344,53.609926],[-6.183322,53.609914],[-6.183272,53.609874],[-6.183121,53.609712],[-6.183005,53.609747],[-6.182699,53.609864],[-6.182388,53.609975],[-6.182122,53.610057],[-6.181951,53.610143],[-6.181794,53.610228],[-6.181745,53.610257],[-6.181695,53.610232],[-6.181666,53.610216],[-6.181652,53.610171],[-6.181655,53.610111],[-6.181639,53.610048],[-6.181501,53.610069],[-6.181048,53.610099],[-6.180767,53.610118],[-6.180617,53.610109],[-6.180468,53.610107],[-6.18036,53.610115],[-6.180196,53.610149],[-6.180035,53.610225],[-6.179979,53.610194],[-6.179697,53.610059],[-6.180008,53.609797],[-6.180068,53.609841],[-6.180077,53.609872],[-6.180521,53.609707],[-6.180843,53.6097],[-6.180915,53.609691],[-6.180942,53.609572],[-6.180981,53.609495],[-6.180961,53.609448],[-6.180977,53.60938],[-6.180973,53.609311],[-6.181075,53.609285],[-6.181069,53.609236],[-6.181082,53.609235],[-6.181094,53.609189],[-6.181113,53.609103],[-6.181132,53.609019],[-6.18115,53.608942],[-6.181162,53.608893],[-6.181129,53.608867],[-6.181135,53.608824],[-6.181309,53.608834],[-6.181375,53.608838],[-6.181475,53.608512],[-6.181665,53.608529],[-6.181688,53.608479],[-6.181719,53.608409],[-6.181763,53.608324]]]},"properties":{"aca_name":"Balbriggan Historic Town Core ACA","council":"fingal","council_label":"Fingal County Council","ref":"","designation":"Architectural Conservation Area"}},{"type":"Feature","geometry":{"type":"Polygon","coordinates":[[[-6.151514,53.447475],[-6.151785,53.448774],[-6.151791,53.449184],[-6.151946,53.44993],[-6.151948,53.449987],[-6.15202,53.450226],[-6.150961,53.450252],[-6.150745,53.450246],[-6.149787,53.450236],[-6.149792,53.450196],[-6.149801,53.450132],[-6.149815,53.450022],[-6.149823,53.449958],[-6.149833,53.449883],[-6.149848,53.449762],[-6.14986,53.449674],[-6.149864,53.449638],[-6.149875,53.449553],[-6.149882,53.449498],[-6.149889,53.449421],[-6.149893,53.449372],[-6.149904,53.449246],[-6.14991,53.449173],[-6.149787,53.44911],[-6.149689,53.44906],[-6.149704,53.44899],[-6.149709,53.44887],[-6.149712,53.448809],[-6.149715,53.448731],[-6.149719,53.448628],[-6.14972,53.448603],[-6.149722,53.448544],[-6.149725,53.448477],[-6.149726,53.44847],[-6.149751,53.448336],[-6.149767,53.448229],[-6.149773,53.448141],[-6.149776,53.448093],[-6.149775,53.448058],[-6.14977,53.447969],[-6.149771,53.447956],[-6.149786,53.447703],[-6.149791,53.447585],[-6.149834,53.447575],[-6.149888,53.447556],[-6.149936,53.44754],[-6.149986,53.44753],[-6.150021,53.44753],[-6.150318,53.447516],[-6.150402,53.447512],[-6.150462,53.447514],[-6.150831,53.44751],[-6.151513,53.447469],[-6.151508,53.447476],[-6.151514,53.447475]]]},"properties":{"aca_name":"Malahide - The Rise ACA","council":"fingal","council_label":"Fingal County Council","ref":"","designation":"Architectural Conservation Area"}},{"type":"Feature","geometry":{"type":"Polygon","coordinates":[[[-6.159208,53.414458],[-6.159387,53.414276],[-6.159856,53.413281],[-6.159886,53.413286],[-6.159912,53.413291],[-6.159927,53.413293],[-6.159927,53.413293],[-6.160051,53.413317],[-6.160121,53.41333],[-6.161081,53.413504],[-6.161247,53.413535],[-6.162208,53.413709],[-6.162147,53.413863],[-6.162016,53.414182],[-6.161928,53.414457],[-6.161865,53.414616],[-6.161812,53.414776],[-6.161777,53.414867],[-6.161779,53.414872],[-6.161782,53.414877],[-6.161785,53.414879],[-6.161788,53.414882],[-6.161791,53.414884],[-6.161801,53.414889],[-6.16176,53.414967],[-6.161724,53.41499],[-6.161539,53.415099],[-6.161519,53.41511],[-6.161472,53.415139],[-6.161435,53.41517],[-6.161346,53.415228],[-6.16128,53.415274],[-6.161155,53.415357],[-6.160618,53.416143],[-6.160304,53.416346],[-6.160227,53.416321],[-6.160149,53.416295],[-6.160121,53.416287],[-6.16003,53.416257],[-6.159815,53.416177],[-6.15979,53.416159],[-6.159728,53.416095],[-6.159663,53.416031],[-6.159629,53.415993],[-6.159581,53.416011],[-6.159547,53.416082],[-6.159502,53.416187],[-6.159387,53.41643],[-6.159647,53.41648],[-6.159473,53.416776],[-6.159151,53.416713],[-6.158842,53.416651],[-6.158176,53.416515],[-6.158071,53.416498],[-6.158069,53.416498],[-6.158066,53.416536],[-6.158066,53.41654],[-6.158065,53.416545],[-6.158058,53.416583],[-6.158055,53.416599],[-6.158045,53.416631],[-6.158041,53.416647],[-6.15802,53.416702],[-6.158006,53.416739],[-6.158003,53.416747],[-6.157987,53.416789],[-6.157961,53.416847],[-6.157934,53.416912],[-6.157932,53.416917],[-6.157924,53.416937],[-6.157888,53.417022],[-6.157876,53.417052],[-6.15786,53.417084],[-6.157807,53.417174],[-6.157805,53.417177],[-6.157686,53.417356],[-6.157637,53.417418],[-6.157617,53.417436],[-6.15757,53.41748],[-6.157497,53.417532],[-6.157475,53.417547],[-6.157446,53.417567],[-6.157443,53.417569],[-6.157405,53.417594],[-6.157382,53.417611],[-6.157376,53.417615],[-6.157273,53.417691],[-6.157227,53.417734],[-6.157134,53.417822],[-6.157372,53.417858],[-6.157465,53.417873],[-6.157595,53.417895],[-6.1576,53.417898],[-6.157591,53.417929],[-6.157519,53.418126],[-6.157472,53.418254],[-6.15747,53.418263],[-6.15743,53.41844],[-6.157383,53.418604],[-6.157311,53.418859],[-6.15728,53.418971],[-6.157518,53.419007],[-6.158229,53.419113],[-6.159009,53.419232],[-6.159034,53.419236],[-6.158839,53.419645],[-6.158798,53.419743],[-6.158771,53.41981],[-6.158707,53.419944],[-6.158691,53.419992],[-6.158678,53.420028],[-6.158583,53.420238],[-6.158504,53.420432],[-6.15846,53.420526],[-6.158365,53.420727],[-6.15829,53.4209],[-6.15815,53.421137],[-6.157399,53.421026],[-6.157279,53.421014],[-6.157224,53.421008],[-6.157233,53.421076],[-6.157232,53.421343],[-6.157186,53.421527],[-6.157133,53.42173],[-6.157097,53.421928],[-6.157024,53.422197],[-6.156928,53.422373],[-6.156863,53.422481],[-6.156787,53.422552],[-6.156787,53.422553],[-6.156787,53.422553],[-6.156762,53.422574],[-6.156705,53.422623],[-6.15667,53.422654],[-6.156584,53.422727],[-6.156565,53.422728],[-6.156549,53.42273],[-6.156535,53.422735],[-6.156535,53.422735],[-6.156513,53.422759],[-6.156513,53.422759],[-6.156498,53.42277],[-6.156449,53.422809],[-6.156406,53.422842],[-6.156325,53.4228],[-6.156324,53.422779],[-6.156324,53.422779],[-6.156319,53.422724],[-6.156202,53.422674],[-6.156195,53.422669],[-6.156113,53.422727],[-6.155983,53.4227],[-6.155794,53.422662],[-6.15582,53.422614],[-6.155835,53.422598],[-6.155816,53.422562],[-6.155804,53.422536],[-6.155798,53.422508],[-6.155802,53.422483],[-6.155893,53.422349],[-6.156028,53.422321],[-6.156091,53.422313],[-6.156111,53.422317],[-6.156135,53.422326],[-6.156145,53.422326],[-6.156164,53.422328],[-6.156179,53.422334],[-6.156197,53.422348],[-6.156225,53.422361],[-6.15628,53.42234],[-6.156369,53.422315],[-6.156341,53.422284],[-6.15634,53.422283],[-6.156325,53.422262],[-6.156317,53.422252],[-6.156302,53.422229],[-6.156265,53.422175],[-6.156253,53.422163],[-6.156236,53.422137],[-6.156207,53.422094],[-6.156122,53.421999],[-6.156105,53.42198],[-6.156062,53.421929],[-6.156045,53.421916],[-6.156021,53.421896],[-6.156019,53.421895],[-6.15607,53.421901],[-6.156102,53.421823],[-6.156134,53.421746],[-6.156144,53.421729],[-6.156154,53.421718],[-6.156165,53.421705],[-6.156169,53.421702],[-6.15618,53.421695],[-6.156187,53.421693],[-6.156901,53.421719],[-6.156901,53.421717],[-6.156911,53.421689],[-6.156919,53.421665],[-6.156919,53.421665],[-6.15692,53.421621],[-6.156921,53.421613],[-6.156921,53.421613],[-6.156922,53.421593],[-6.156933,53.421505],[-6.156943,53.421427],[-6.156947,53.421398],[-6.156947,53.421397],[-6.156947,53.421397],[-6.15695,53.42138],[-6.156956,53.42134],[-6.15697,53.421245],[-6.15697,53.421219],[-6.156865,53.421194],[-6.156869,53.421176],[-6.156873,53.421161],[-6.156981,53.421149],[-6.156978,53.421149],[-6.156979,53.421149],[-6.156873,53.421116],[-6.156874,53.421089],[-6.156876,53.421065],[-6.156955,53.421051],[-6.156979,53.421047],[-6.156957,53.420929],[-6.156963,53.420848],[-6.15693,53.420685],[-6.156846,53.420653],[-6.156846,53.420653],[-6.156835,53.420606],[-6.156832,53.420595],[-6.156892,53.420554],[-6.156891,53.420554],[-6.15688,53.420452],[-6.156834,53.42044],[-6.156819,53.420428],[-6.156807,53.420378],[-6.156853,53.420353],[-6.15687,53.420343],[-6.156853,53.420258],[-6.156801,53.420027],[-6.156789,53.420011],[-6.156759,53.420019],[-6.156759,53.420019],[-6.156731,53.420019],[-6.156721,53.41999],[-6.156719,53.419984],[-6.156728,53.419976],[-6.156734,53.419975],[-6.156734,53.419975],[-6.156736,53.419974],[-6.156741,53.419973],[-6.156758,53.419968],[-6.15676,53.419968],[-6.156785,53.419969],[-6.156783,53.419945],[-6.156783,53.419944],[-6.156745,53.419942],[-6.156718,53.419935],[-6.156697,53.419921],[-6.15667,53.419883],[-6.156673,53.419866],[-6.156673,53.419866],[-6.156711,53.419835],[-6.156712,53.419834],[-6.156729,53.419827],[-6.156753,53.419822],[-6.156716,53.419692],[-6.156716,53.419692],[-6.156713,53.419672],[-6.156713,53.419671],[-6.156713,53.419664],[-6.156712,53.419659],[-6.156712,53.419648],[-6.156642,53.41963],[-6.156612,53.419622],[-6.156565,53.41961],[-6.156551,53.419606],[-6.156568,53.419572],[-6.156581,53.419575],[-6.1567,53.419563],[-6.156697,53.419545],[-6.156697,53.419545],[-6.156691,53.419501],[-6.156686,53.41947],[-6.156659,53.41929],[-6.156653,53.419249],[-6.156633,53.419119],[-6.156633,53.419119],[-6.156631,53.419074],[-6.156611,53.419074],[-6.156602,53.419074],[-6.156607,53.419032],[-6.156626,53.419033],[-6.156628,53.418938],[-6.156629,53.418906],[-6.156632,53.418867],[-6.156632,53.418867],[-6.156632,53.418862],[-6.156636,53.418821],[-6.156636,53.418819],[-6.156637,53.418809],[-6.156636,53.418803],[-6.156635,53.418796],[-6.156635,53.418789],[-6.156634,53.41878],[-6.156632,53.41877],[-6.15663,53.418762],[-6.156626,53.41875],[-6.156617,53.418738],[-6.156612,53.418731],[-6.156611,53.418731],[-6.156608,53.418728],[-6.156608,53.418728],[-6.1566,53.418718],[-6.1566,53.418717],[-6.156576,53.418701],[-6.156573,53.4187],[-6.156549,53.418686],[-6.156519,53.418676],[-6.156503,53.418672],[-6.156469,53.418666],[-6.156438,53.418661],[-6.156407,53.418658],[-6.156377,53.418655],[-6.156187,53.418643],[-6.156186,53.418643],[-6.155709,53.418604],[-6.155709,53.418604],[-6.155688,53.418627],[-6.15568,53.41864],[-6.15568,53.418646],[-6.155608,53.418645],[-6.155608,53.418645],[-6.155603,53.418635],[-6.155587,53.418593],[-6.155295,53.418574],[-6.155242,53.418571],[-6.155242,53.418571],[-6.155,53.418567],[-6.154987,53.418578],[-6.154972,53.41859],[-6.1549,53.418588],[-6.154899,53.418587],[-6.15487,53.418565],[-6.154854,53.418549],[-6.154826,53.418547],[-6.154724,53.418542],[-6.154723,53.418542],[-6.154666,53.41854],[-6.154616,53.418537],[-6.154389,53.418529],[-6.15431,53.418521],[-6.154155,53.418507],[-6.154085,53.4185],[-6.154086,53.418427],[-6.154085,53.418399],[-6.154084,53.41837],[-6.154154,53.418351],[-6.154195,53.418342],[-6.154364,53.4183],[-6.154438,53.418278],[-6.154518,53.418252],[-6.154591,53.418219],[-6.154703,53.418155],[-6.154984,53.418004],[-6.155217,53.417876],[-6.155452,53.417749],[-6.155488,53.417732],[-6.155884,53.417511],[-6.15606,53.417412],[-6.15626,53.417295],[-6.156254,53.417294],[-6.156418,53.417147],[-6.156433,53.417133],[-6.156453,53.417136],[-6.156577,53.417041],[-6.156728,53.416924],[-6.157072,53.416656],[-6.157242,53.416529],[-6.157255,53.416519],[-6.15731,53.416482],[-6.157415,53.416299],[-6.157626,53.416318],[-6.157755,53.416331],[-6.157845,53.416339],[-6.15785,53.416339],[-6.157902,53.416344],[-6.158077,53.41637],[-6.158106,53.416212],[-6.158106,53.416083],[-6.15812,53.416008],[-6.158186,53.415768],[-6.158279,53.415526],[-6.158349,53.415312],[-6.158434,53.415126],[-6.158577,53.41489],[-6.15873,53.414781],[-6.159049,53.414565],[-6.159208,53.414458]]]},"properties":{"aca_name":"Old Portmarnock (Drumnigh Road) ACA ","council":"fingal","council_label":"Fingal County Council","ref":"","designation":"Architectural Conservation Area"}},{"type":"Feature","geometry":{"type":"Polygon","coordinates":[[[-6.063096,53.38774],[-6.063231,53.387458],[-6.063403,53.387181],[-6.063825,53.387259],[-6.064576,53.387336],[-6.064988,53.387342],[-6.065097,53.387187],[-6.065141,53.386997],[-6.065119,53.386884],[-6.065016,53.386758],[-6.064975,53.38664],[-6.064904,53.386578],[-6.064772,53.386437],[-6.064767,53.38634],[-6.064625,53.386206],[-6.064558,53.386106],[-6.064467,53.385944],[-6.064371,53.385764],[-6.064179,53.38553],[-6.064089,53.385564],[-6.063975,53.38558],[-6.063853,53.38544],[-6.063828,53.385412],[-6.064525,53.385199],[-6.06422,53.384894],[-6.064081,53.38446],[-6.063941,53.384207],[-6.063902,53.384175],[-6.06386,53.384164],[-6.063817,53.384161],[-6.063806,53.384109],[-6.063604,53.383941],[-6.063564,53.383901],[-6.063528,53.383887],[-6.063485,53.383872],[-6.063588,53.383787],[-6.063896,53.38353],[-6.064088,53.383607],[-6.064299,53.38342],[-6.064327,53.383395],[-6.064382,53.383432],[-6.064432,53.383438],[-6.064388,53.383579],[-6.064577,53.38359],[-6.064621,53.383527],[-6.064658,53.383475],[-6.064689,53.383431],[-6.06471,53.383398],[-6.064687,53.383379],[-6.064738,53.383325],[-6.064953,53.383324],[-6.064983,53.383245],[-6.065003,53.383189],[-6.065065,53.383185],[-6.065227,53.383219],[-6.065268,53.383223],[-6.065374,53.383202],[-6.065449,53.383206],[-6.065513,53.383209],[-6.065507,53.383257],[-6.065497,53.383331],[-6.065496,53.383344],[-6.065567,53.383414],[-6.065564,53.383433],[-6.065566,53.38348],[-6.065627,53.383491],[-6.065692,53.383543],[-6.06571,53.383545],[-6.06572,53.383546],[-6.065734,53.383548],[-6.065745,53.383551],[-6.065757,53.383557],[-6.065766,53.383562],[-6.065772,53.383567],[-6.065779,53.383574],[-6.065782,53.383581],[-6.065785,53.38359],[-6.065789,53.383601],[-6.065793,53.383613],[-6.065795,53.383622],[-6.065796,53.383632],[-6.065798,53.38364],[-6.065799,53.38365],[-6.065799,53.383659],[-6.065796,53.383672],[-6.065793,53.383688],[-6.065791,53.383701],[-6.065788,53.383712],[-6.065783,53.383725],[-6.065776,53.383736],[-6.065768,53.383745],[-6.065755,53.383756],[-6.065747,53.383762],[-6.065737,53.383769],[-6.065725,53.383775],[-6.065713,53.38378],[-6.065694,53.383785],[-6.065677,53.383787],[-6.065676,53.383791],[-6.066003,53.383817],[-6.066047,53.38382],[-6.066026,53.383873],[-6.066068,53.383876],[-6.066092,53.383878],[-6.066103,53.383879],[-6.066102,53.383912],[-6.066084,53.38443],[-6.066064,53.384529],[-6.066293,53.384546],[-6.066256,53.384657],[-6.066247,53.384672],[-6.066226,53.384709],[-6.066173,53.384772],[-6.066111,53.384786],[-6.066052,53.384808],[-6.066,53.384824],[-6.065965,53.384837],[-6.065886,53.384867],[-6.065852,53.38488],[-6.065814,53.384887],[-6.065813,53.3849],[-6.065808,53.384922],[-6.065728,53.384922],[-6.065702,53.384978],[-6.065698,53.384978],[-6.065724,53.384999],[-6.065766,53.385035],[-6.065792,53.385059],[-6.065871,53.385145],[-6.065897,53.385181],[-6.065927,53.385246],[-6.065929,53.38525],[-6.065937,53.38527],[-6.065995,53.385415],[-6.065895,53.385429],[-6.065985,53.385574],[-6.066,53.385572],[-6.066383,53.385509],[-6.066415,53.385507],[-6.066449,53.385587],[-6.066539,53.385803],[-6.066569,53.385877],[-6.06659,53.385928],[-6.066602,53.386032],[-6.0666,53.386063],[-6.066613,53.386115],[-6.066635,53.386205],[-6.06664,53.386223],[-6.066673,53.386356],[-6.066682,53.386394],[-6.066844,53.38662],[-6.066793,53.386651],[-6.066731,53.386688],[-6.066726,53.386684],[-6.066705,53.386694],[-6.066669,53.386713],[-6.066622,53.386736],[-6.06657,53.38676],[-6.066552,53.386768],[-6.066571,53.386799],[-6.066619,53.386892],[-6.066625,53.386905],[-6.066659,53.387037],[-6.066664,53.387032],[-6.06667,53.38703],[-6.066677,53.387028],[-6.066683,53.387026],[-6.066694,53.387026],[-6.066729,53.387022],[-6.066772,53.387019],[-6.066897,53.387012],[-6.066987,53.387009],[-6.067008,53.386895],[-6.06704,53.386893],[-6.067063,53.386889],[-6.067131,53.386875],[-6.067168,53.386878],[-6.067232,53.386879],[-6.067234,53.386879],[-6.067236,53.386879],[-6.067274,53.386879],[-6.0673,53.386874],[-6.067358,53.386863],[-6.067412,53.386852],[-6.067415,53.386852],[-6.067419,53.386851],[-6.067475,53.38684],[-6.067533,53.38683],[-6.067574,53.386822],[-6.067573,53.386821],[-6.067617,53.386812],[-6.067617,53.386811],[-6.067615,53.386808],[-6.067672,53.386795],[-6.067733,53.386781],[-6.067739,53.386786],[-6.067795,53.386775],[-6.067856,53.386763],[-6.067915,53.386751],[-6.067975,53.38674],[-6.068034,53.386728],[-6.068097,53.386716],[-6.068153,53.386705],[-6.068234,53.386689],[-6.06837,53.386661],[-6.068631,53.386795],[-6.068693,53.386781],[-6.06871,53.386778],[-6.068818,53.386755],[-6.068913,53.386734],[-6.069031,53.386709],[-6.069162,53.386682],[-6.069299,53.386652],[-6.069383,53.386634],[-6.069387,53.386633],[-6.069447,53.386616],[-6.06948,53.386658],[-6.069578,53.386788],[-6.069594,53.386785],[-6.069614,53.386782],[-6.069691,53.386912],[-6.069692,53.386913],[-6.069701,53.386929],[-6.069722,53.386964],[-6.069727,53.386965],[-6.0698,53.387082],[-6.069842,53.38718],[-6.069875,53.387467],[-6.069849,53.387536],[-6.069958,53.387524],[-6.070237,53.387506],[-6.070693,53.387527],[-6.070777,53.387542],[-6.071204,53.38753],[-6.071669,53.387524],[-6.072001,53.387529],[-6.072008,53.38753],[-6.072007,53.387533],[-6.072007,53.38756],[-6.072005,53.387602],[-6.072003,53.387667],[-6.072003,53.38767],[-6.072005,53.387719],[-6.072034,53.387828],[-6.072041,53.387844],[-6.072068,53.3879],[-6.072079,53.387922],[-6.072097,53.387959],[-6.07212,53.388007],[-6.072122,53.388013],[-6.072067,53.388033],[-6.071718,53.387974],[-6.071676,53.38797],[-6.071538,53.387967],[-6.071369,53.387961],[-6.071141,53.388133],[-6.070956,53.388245],[-6.070853,53.388296],[-6.071026,53.38837],[-6.070921,53.388488],[-6.070827,53.388459],[-6.070482,53.388363],[-6.070151,53.388226],[-6.069839,53.388102],[-6.069507,53.38803],[-6.069186,53.387922],[-6.068763,53.387862],[-6.068125,53.387812],[-6.068065,53.387808],[-6.067297,53.387729],[-6.066819,53.38776],[-6.066238,53.387847],[-6.065808,53.387986],[-6.065298,53.38831],[-6.06494,53.388436],[-6.064573,53.388469],[-6.063987,53.38855],[-6.063567,53.388574],[-6.06357,53.388532],[-6.06351,53.388399],[-6.063402,53.388229],[-6.063116,53.388043],[-6.06304,53.387886],[-6.063096,53.38774]]]},"properties":{"aca_name":"Howth Historic Core ACA","council":"fingal","council_label":"Fingal County Council","ref":"","designation":"Architectural Conservation Area"}},{"type":"Feature","geometry":{"type":"Polygon","coordinates":[[[-6.1928,53.430347],[-6.192681,53.430323],[-6.192606,53.430317],[-6.192368,53.430295],[-6.19216,53.430268],[-6.19167,53.430229],[-6.191403,53.430204],[-6.190952,53.430149],[-6.190694,53.430124],[-6.190083,53.430061],[-6.189865,53.430114],[-6.189825,53.430108],[-6.189798,53.430145],[-6.189782,53.430167],[-6.189681,53.430149],[-6.189512,53.430116],[-6.189402,53.430105],[-6.189255,53.430091],[-6.189086,53.430099],[-6.188955,53.430109],[-6.1888,53.430122],[-6.188717,53.430131],[-6.188605,53.430148],[-6.188502,53.430164],[-6.1883,53.4302],[-6.18815,53.430227],[-6.18801,53.430248],[-6.1879,53.430261],[-6.187722,53.430269],[-6.187616,53.430272],[-6.187451,53.430272],[-6.187206,53.430278],[-6.186971,53.430283],[-6.186885,53.430286],[-6.186737,53.430292],[-6.186605,53.430301],[-6.186514,53.430298],[-6.186506,53.430259],[-6.186452,53.430025],[-6.186414,53.429872],[-6.186389,53.429752],[-6.186352,53.429597],[-6.186322,53.429505],[-6.186283,53.4294],[-6.186251,53.429329],[-6.186266,53.429199],[-6.186284,53.429025],[-6.186297,53.428901],[-6.186297,53.428894],[-6.186304,53.428824],[-6.186325,53.428633],[-6.186216,53.428633],[-6.185763,53.428635],[-6.185299,53.428637],[-6.185016,53.428637],[-6.184774,53.42864],[-6.184238,53.42865],[-6.184143,53.428651],[-6.184034,53.428791],[-6.183856,53.428862],[-6.18364,53.428865],[-6.183478,53.428795],[-6.18335,53.428651],[-6.183079,53.428649],[-6.182426,53.428642],[-6.182352,53.428641],[-6.182274,53.428641],[-6.18208,53.428641],[-6.181774,53.428639],[-6.181417,53.428635],[-6.181099,53.428635],[-6.180812,53.428631],[-6.180631,53.428627],[-6.180388,53.428627],[-6.180216,53.429225],[-6.179959,53.429209],[-6.179508,53.429165],[-6.178983,53.429157],[-6.178473,53.429045],[-6.178013,53.428958],[-6.178104,53.428504],[-6.178043,53.428392],[-6.177997,53.428317],[-6.17798,53.428256],[-6.177969,53.428203],[-6.177959,53.42815],[-6.177944,53.428119],[-6.177913,53.428055],[-6.177882,53.427987],[-6.177858,53.427937],[-6.177811,53.427852],[-6.177761,53.427755],[-6.177713,53.427659],[-6.177652,53.427505],[-6.177623,53.427442],[-6.177557,53.427309],[-6.177533,53.427266],[-6.177515,53.427225],[-6.177499,53.427194],[-6.177442,53.427121],[-6.177216,53.42686],[-6.177111,53.426735],[-6.177067,53.426686],[-6.177012,53.426627],[-6.176995,53.426608],[-6.176983,53.426595],[-6.176973,53.426584],[-6.177256,53.426575],[-6.177567,53.426464],[-6.177926,53.426345],[-6.178281,53.426312],[-6.178876,53.426331],[-6.179328,53.426299],[-6.179649,53.426304],[-6.180096,53.426388],[-6.180465,53.426422],[-6.180677,53.426349],[-6.18118,53.42625],[-6.182295,53.425777],[-6.182663,53.425447],[-6.182804,53.425151],[-6.182793,53.425035],[-6.182955,53.424999],[-6.183068,53.425001],[-6.183125,53.424992],[-6.183199,53.424988],[-6.183271,53.424984],[-6.183308,53.424985],[-6.18337,53.424985],[-6.183655,53.424991],[-6.183717,53.424999],[-6.184012,53.425045],[-6.184215,53.425092],[-6.184332,53.425115],[-6.184474,53.425141],[-6.184665,53.42516],[-6.184798,53.425174],[-6.184895,53.425177],[-6.18506,53.42518],[-6.185154,53.425187],[-6.185241,53.425185],[-6.185299,53.425181],[-6.185441,53.425167],[-6.185784,53.425134],[-6.18592,53.425123],[-6.186147,53.425129],[-6.186231,53.425135],[-6.186262,53.425139],[-6.186285,53.425143],[-6.186309,53.425151],[-6.186344,53.425171],[-6.186477,53.425213],[-6.186875,53.425324],[-6.186887,53.425328],[-6.187006,53.42536],[-6.187498,53.425468],[-6.18774,53.4255],[-6.187743,53.425501],[-6.187883,53.425519],[-6.188256,53.425539],[-6.188534,53.425576],[-6.188764,53.425604],[-6.188934,53.425618],[-6.189378,53.425665],[-6.189489,53.425672],[-6.189751,53.425714],[-6.189792,53.425717],[-6.189829,53.425719],[-6.189987,53.425732],[-6.190027,53.425848],[-6.190034,53.42587],[-6.190072,53.425921],[-6.190118,53.425989],[-6.190153,53.426043],[-6.190187,53.426851],[-6.190162,53.4273],[-6.190703,53.427462],[-6.191226,53.427643],[-6.191607,53.427764],[-6.191986,53.427943],[-6.192328,53.428217],[-6.192547,53.428364],[-6.192907,53.428591],[-6.193143,53.428719],[-6.193229,53.428776],[-6.193229,53.42883],[-6.193236,53.428882],[-6.193237,53.428906],[-6.193238,53.42892],[-6.193259,53.428974],[-6.193321,53.429076],[-6.193189,53.429112],[-6.193181,53.429208],[-6.193189,53.429292],[-6.193197,53.429382],[-6.193195,53.429477],[-6.193191,53.429556],[-6.193176,53.429643],[-6.193172,53.429675],[-6.193171,53.429713],[-6.193146,53.429749],[-6.193073,53.42986],[-6.193055,53.429894],[-6.193041,53.429937],[-6.193029,53.429997],[-6.193051,53.43005],[-6.192836,53.430343],[-6.192829,53.430353],[-6.1928,53.430347]]]},"properties":{"aca_name":"Abbeville Demesne ACA","council":"fingal","council_label":"Fingal County Council","ref":"","designation":"Architectural Conservation Area"}},{"type":"Feature","geometry":{"type":"Polygon","coordinates":[[[-6.14746,53.451246],[-6.14748,53.45105],[-6.147487,53.450974],[-6.147565,53.450428],[-6.147599,53.450135],[-6.148635,53.450196],[-6.148844,53.450199],[-6.149432,53.450219],[-6.149787,53.450236],[-6.150745,53.450246],[-6.150961,53.450252],[-6.15202,53.450226],[-6.151948,53.449987],[-6.151946,53.44993],[-6.151791,53.449184],[-6.151785,53.448774],[-6.151514,53.447475],[-6.152794,53.447388],[-6.153004,53.447369],[-6.15304,53.447619],[-6.153058,53.447642],[-6.153143,53.44766],[-6.153185,53.447785],[-6.154167,53.447704],[-6.154229,53.448017],[-6.154498,53.448617],[-6.154716,53.449709],[-6.154732,53.449793],[-6.155344,53.449724],[-6.155571,53.449698],[-6.156046,53.449642],[-6.156585,53.449588],[-6.156543,53.450012],[-6.156496,53.450325],[-6.156484,53.450386],[-6.156408,53.450904],[-6.156392,53.451031],[-6.156384,53.45106],[-6.156354,53.451064],[-6.155988,53.451123],[-6.155985,53.451128],[-6.155215,53.451248],[-6.155197,53.451744],[-6.155295,53.451746],[-6.15525,53.452078],[-6.155044,53.452048],[-6.154878,53.452027],[-6.154032,53.452031],[-6.153485,53.452109],[-6.153048,53.452151],[-6.152653,53.452169],[-6.152078,53.452189],[-6.151521,53.45218],[-6.151522,53.452158],[-6.1514,53.45215],[-6.15128,53.452057],[-6.15085,53.451897],[-6.150289,53.451684],[-6.150036,53.451607],[-6.149226,53.451452],[-6.148509,53.451339],[-6.148434,53.45131],[-6.14817,53.451277],[-6.14746,53.451246]]]},"properties":{"aca_name":"Malahide Historic Core ACA","council":"fingal","council_label":"Fingal County Council","ref":"","designation":"Architectural Conservation Area"}},{"type":"Feature","geometry":{"type":"Polygon","coordinates":[[[-6.362943,53.372549],[-6.36294,53.372605],[-6.362936,53.372687],[-6.362972,53.372688],[-6.36301,53.372687],[-6.36301,53.372702],[-6.363032,53.372703],[-6.36304,53.372766],[-6.363066,53.372824],[-6.363096,53.372819],[-6.363104,53.372874],[-6.363109,53.372913],[-6.363112,53.372928],[-6.363458,53.372903],[-6.363759,53.372881],[-6.364074,53.372857],[-6.364222,53.372846],[-6.364256,53.372929],[-6.364289,53.37301],[-6.364326,53.373094],[-6.364363,53.373173],[-6.364401,53.373257],[-6.364444,53.373357],[-6.36445,53.37337],[-6.364478,53.373422],[-6.364488,53.373429],[-6.364623,53.373426],[-6.364642,53.37349],[-6.364646,53.373503],[-6.364674,53.373599],[-6.364666,53.373684],[-6.364657,53.373779],[-6.36465,53.373836],[-6.364626,53.37408],[-6.364601,53.374106],[-6.364525,53.374192],[-6.364437,53.374292],[-6.364427,53.374292],[-6.364117,53.374291],[-6.364114,53.374276],[-6.363895,53.374279],[-6.363901,53.374303],[-6.363914,53.374364],[-6.363942,53.37447],[-6.364005,53.374669],[-6.364037,53.37479],[-6.364065,53.374887],[-6.36407,53.374895],[-6.364071,53.374943],[-6.364105,53.375049],[-6.364106,53.375054],[-6.364047,53.375077],[-6.363942,53.375125],[-6.36392,53.375133],[-6.363908,53.375135],[-6.363897,53.375137],[-6.363887,53.375137],[-6.363867,53.375135],[-6.36385,53.375133],[-6.363834,53.375128],[-6.363821,53.375121],[-6.363813,53.375117],[-6.363716,53.374996],[-6.363519,53.374976],[-6.363455,53.374728],[-6.363322,53.374717],[-6.363223,53.374709],[-6.363069,53.374698],[-6.362868,53.374682],[-6.362768,53.374676],[-6.362775,53.374561],[-6.362816,53.374466],[-6.362822,53.374417],[-6.362786,53.374411],[-6.362769,53.374407],[-6.36274,53.3744],[-6.36268,53.374395],[-6.362666,53.374379],[-6.362371,53.374342],[-6.36222,53.374323],[-6.362075,53.374306],[-6.361917,53.374286],[-6.361746,53.374264],[-6.361662,53.374253],[-6.361671,53.374192],[-6.361684,53.3741],[-6.361699,53.373994],[-6.361709,53.373922],[-6.36172,53.37384],[-6.361729,53.373794],[-6.361776,53.3738],[-6.361817,53.373621],[-6.362034,53.373644],[-6.36204,53.373628],[-6.362049,53.373602],[-6.362098,53.37346],[-6.362127,53.373373],[-6.362118,53.373372],[-6.362093,53.37337],[-6.362128,53.373288],[-6.362141,53.37326],[-6.362142,53.373254],[-6.362156,53.373234],[-6.362162,53.373215],[-6.36215,53.373197],[-6.36213,53.373184],[-6.362098,53.373171],[-6.362066,53.37316],[-6.362021,53.373148],[-6.361892,53.373117],[-6.361675,53.373064],[-6.361653,53.373061],[-6.361596,53.373045],[-6.361705,53.372945],[-6.361783,53.372856],[-6.361783,53.372855],[-6.361813,53.372824],[-6.361897,53.372748],[-6.361906,53.372749],[-6.361812,53.372708],[-6.361757,53.37268],[-6.361996,53.3725],[-6.36204,53.372467],[-6.362325,53.372514],[-6.36233,53.372513],[-6.362372,53.372519],[-6.362397,53.372523],[-6.362405,53.372525],[-6.362411,53.372528],[-6.362425,53.372535],[-6.362433,53.372535],[-6.362447,53.372536],[-6.362471,53.372538],[-6.362528,53.372542],[-6.362567,53.372545],[-6.362597,53.372548],[-6.362679,53.372555],[-6.362679,53.372555],[-6.362681,53.372556],[-6.362705,53.372561],[-6.362708,53.372561],[-6.362705,53.372561],[-6.36275,53.372416],[-6.362765,53.37236],[-6.362792,53.372261],[-6.362797,53.372255],[-6.362806,53.372251],[-6.362816,53.372251],[-6.363,53.372171],[-6.363006,53.372154],[-6.36305,53.372154],[-6.363383,53.372162],[-6.36347,53.372164],[-6.363631,53.372168],[-6.363694,53.372169],[-6.36369,53.372233],[-6.363682,53.372356],[-6.363675,53.372475],[-6.363667,53.372474],[-6.36364,53.372473],[-6.363567,53.37252],[-6.363514,53.37254],[-6.363476,53.372553],[-6.363443,53.372557],[-6.363414,53.372556],[-6.36336,53.372552],[-6.363305,53.372548],[-6.363201,53.372548],[-6.362943,53.372549]]]},"properties":{"aca_name":"Castleknock ACA","council":"fingal","council_label":"Fingal County Council","ref":"","designation":"Architectural Conservation Area"}},{"type":"Feature","geometry":{"type":"Polygon","coordinates":[[[-6.12812,53.396386],[-6.128375,53.39702],[-6.128455,53.397008],[-6.128514,53.396997],[-6.128695,53.396963],[-6.128756,53.396952],[-6.128791,53.396946],[-6.12902,53.396901],[-6.129151,53.396867],[-6.129178,53.396918],[-6.129219,53.396964],[-6.129259,53.397017],[-6.129262,53.397022],[-6.129305,53.397011],[-6.129358,53.397096],[-6.129436,53.397082],[-6.129444,53.397091],[-6.129454,53.39709],[-6.129539,53.397161],[-6.129581,53.397195],[-6.129582,53.397196],[-6.12961,53.397221],[-6.129627,53.397236],[-6.129672,53.397274],[-6.129685,53.397286],[-6.129702,53.397281],[-6.129735,53.39731],[-6.129757,53.397329],[-6.129785,53.397354],[-6.1298,53.397368],[-6.129836,53.3974],[-6.12986,53.397422],[-6.129879,53.397439],[-6.129904,53.397461],[-6.129594,53.397563],[-6.129328,53.397651],[-6.129361,53.397699],[-6.129355,53.397701],[-6.129417,53.397762],[-6.129335,53.397791],[-6.12932,53.397879],[-6.129346,53.39791],[-6.129448,53.397931],[-6.129475,53.397962],[-6.129519,53.398007],[-6.129583,53.398068],[-6.129482,53.398102],[-6.129556,53.398183],[-6.129614,53.398249],[-6.129687,53.398331],[-6.129708,53.398364],[-6.129518,53.398424],[-6.129206,53.398515],[-6.127717,53.398967],[-6.127495,53.39903],[-6.127486,53.399018],[-6.127155,53.398563],[-6.127058,53.398388],[-6.126919,53.398073],[-6.126842,53.397893],[-6.126723,53.39755],[-6.12665,53.397346],[-6.126562,53.397144],[-6.126375,53.396637],[-6.125853,53.396679],[-6.125952,53.396882],[-6.126006,53.396868],[-6.126133,53.397051],[-6.125878,53.397112],[-6.125669,53.397143],[-6.125319,53.396632],[-6.125123,53.396397],[-6.12486,53.396144],[-6.124984,53.396107],[-6.1253,53.395983],[-6.125421,53.396084],[-6.125457,53.396071],[-6.125626,53.396223],[-6.125593,53.396238],[-6.125805,53.396426],[-6.125831,53.396478],[-6.126241,53.396465],[-6.126679,53.396548],[-6.12812,53.396386]]]},"properties":{"aca_name":"Baldoyle ACA","council":"fingal","council_label":"Fingal County Council","ref":"","designation":"Architectural Conservation Area"}},{"type":"Feature","geometry":{"type":"Polygon","coordinates":[[[-6.097969,53.373806],[-6.097967,53.373806],[-6.097965,53.373807],[-6.097947,53.373761],[-6.097939,53.373742],[-6.097934,53.37373],[-6.097923,53.373714],[-6.097913,53.373691],[-6.097884,53.373628],[-6.097854,53.373561],[-6.097834,53.373517],[-6.097829,53.373506],[-6.097816,53.373481],[-6.097809,53.373467],[-6.097792,53.373431],[-6.097777,53.373401],[-6.097765,53.373371],[-6.09776,53.37336],[-6.097753,53.373346],[-6.097728,53.373298],[-6.097696,53.373235],[-6.097593,53.373031],[-6.097596,53.373019],[-6.097621,53.373018],[-6.097789,53.373009],[-6.097879,53.373016],[-6.097893,53.373017],[-6.097956,53.373041],[-6.098016,53.373079],[-6.098028,53.373087],[-6.098071,53.373134],[-6.09809,53.373158],[-6.098137,53.373232],[-6.098201,53.373347],[-6.098216,53.373378],[-6.098232,53.373412],[-6.098246,53.373448],[-6.098258,53.373481],[-6.098262,53.373496],[-6.09828,53.373576],[-6.098291,53.373641],[-6.098288,53.373745],[-6.098183,53.373765],[-6.098069,53.373787],[-6.098015,53.373797],[-6.097969,53.373806]]]},"properties":{"aca_name":"Sutton - Martello Terrace, Strand Road ACA","council":"fingal","council_label":"Fingal County Council","ref":"","designation":"Architectural Conservation Area"}},{"type":"Feature","geometry":{"type":"Polygon","coordinates":[[[-6.063503,53.384041],[-6.063501,53.384042],[-6.063485,53.384046],[-6.063478,53.384049],[-6.063453,53.384055],[-6.063429,53.384058],[-6.062756,53.3841],[-6.062652,53.384105],[-6.062431,53.384118],[-6.062409,53.384117],[-6.062382,53.384094],[-6.062312,53.384099],[-6.062278,53.384126],[-6.062198,53.384132],[-6.062106,53.38414],[-6.062089,53.38413],[-6.06207,53.384122],[-6.06201,53.384126],[-6.061953,53.384131],[-6.061928,53.384151],[-6.061922,53.384152],[-6.061821,53.384159],[-6.061712,53.384167],[-6.061511,53.384183],[-6.061493,53.384166],[-6.061408,53.38417],[-6.061341,53.384175],[-6.061307,53.384197],[-6.061175,53.384208],[-6.061157,53.384208],[-6.061136,53.384206],[-6.061119,53.3842],[-6.061109,53.384193],[-6.061041,53.384199],[-6.061035,53.384203],[-6.061025,53.384211],[-6.061008,53.384223],[-6.060923,53.38423],[-6.060788,53.384241],[-6.060423,53.384278],[-6.060418,53.384272],[-6.06041,53.384267],[-6.060394,53.384264],[-6.060375,53.384266],[-6.060322,53.384269],[-6.060315,53.384276],[-6.06031,53.384282],[-6.060301,53.384289],[-6.060289,53.384293],[-6.060274,53.384296],[-6.060203,53.384302],[-6.060189,53.384299],[-6.060186,53.384298],[-6.060034,53.384305],[-6.060033,53.384309],[-6.060008,53.384316],[-6.059976,53.384332],[-6.059969,53.38434],[-6.059958,53.384362],[-6.059902,53.384372],[-6.059844,53.384366],[-6.059836,53.384362],[-6.059823,53.384361],[-6.059814,53.384364],[-6.05978,53.384399],[-6.059784,53.384407],[-6.059515,53.384476],[-6.059448,53.384488],[-6.059269,53.384516],[-6.059165,53.384528],[-6.059121,53.38453],[-6.058987,53.384534],[-6.058753,53.384544],[-6.058662,53.38454],[-6.058652,53.384532],[-6.058588,53.384537],[-6.058578,53.384548],[-6.058502,53.384553],[-6.058412,53.384561],[-6.058307,53.384565],[-6.058101,53.384577],[-6.058009,53.384586],[-6.057993,53.384578],[-6.05797,53.384576],[-6.057916,53.384582],[-6.057909,53.384585],[-6.057892,53.384596],[-6.057816,53.384603],[-6.057765,53.384608],[-6.057733,53.384601],[-6.057671,53.384609],[-6.057653,53.384618],[-6.057523,53.384631],[-6.057414,53.384646],[-6.057377,53.384633],[-6.057332,53.384637],[-6.057305,53.384654],[-6.05726,53.38466],[-6.057199,53.384671],[-6.057179,53.384673],[-6.057163,53.384673],[-6.057143,53.384669],[-6.057124,53.384659],[-6.057074,53.384673],[-6.057075,53.384682],[-6.057071,53.384685],[-6.057061,53.384693],[-6.057042,53.384699],[-6.057021,53.384702],[-6.056681,53.38474],[-6.056523,53.384756],[-6.056447,53.384762],[-6.056441,53.384763],[-6.056258,53.384778],[-6.05624,53.384778],[-6.056216,53.384777],[-6.056212,53.384776],[-6.056079,53.384788],[-6.055676,53.384823],[-6.055509,53.384842],[-6.055341,53.384863],[-6.055165,53.384886],[-6.054993,53.384908],[-6.054824,53.38493],[-6.054768,53.384937],[-6.054715,53.384944],[-6.054663,53.384947],[-6.054631,53.384947],[-6.054607,53.384945],[-6.054545,53.384932],[-6.054501,53.384914],[-6.05448,53.384901],[-6.054462,53.384883],[-6.054441,53.384856],[-6.054437,53.384838],[-6.054438,53.384824],[-6.054446,53.384803],[-6.054463,53.384787],[-6.054517,53.384709],[-6.054537,53.384702],[-6.054593,53.384691],[-6.054637,53.384684],[-6.054637,53.384681],[-6.054655,53.384678],[-6.054657,53.384681],[-6.054716,53.384673],[-6.054813,53.38466],[-6.054811,53.384654],[-6.054899,53.384642],[-6.05498,53.384628],[-6.055028,53.384625],[-6.055028,53.384624],[-6.055122,53.384617],[-6.055337,53.384591],[-6.055345,53.384587],[-6.055428,53.384572],[-6.055428,53.384572],[-6.055476,53.384565],[-6.055625,53.384549],[-6.05567,53.384544],[-6.055715,53.384553],[-6.055739,53.384543],[-6.055757,53.384529],[-6.055812,53.384538],[-6.05581,53.384568],[-6.055811,53.384582],[-6.055815,53.384592],[-6.055855,53.384605],[-6.055832,53.384573],[-6.055849,53.384497],[-6.055868,53.384444],[-6.055893,53.384428],[-6.056025,53.384368],[-6.056098,53.384337],[-6.056127,53.384326],[-6.056152,53.384312],[-6.056173,53.384299],[-6.056182,53.38429],[-6.056209,53.384261],[-6.056213,53.38425],[-6.056216,53.384236],[-6.056198,53.384051],[-6.056353,53.384038],[-6.056438,53.384029],[-6.056433,53.384012],[-6.056452,53.383999],[-6.05649,53.383984],[-6.056526,53.383975],[-6.056554,53.383971],[-6.056931,53.38399],[-6.057073,53.38397],[-6.057261,53.383953],[-6.057563,53.383922],[-6.057864,53.383902],[-6.058186,53.383873],[-6.058366,53.383858],[-6.058939,53.38382],[-6.059239,53.383801],[-6.059282,53.383798],[-6.059322,53.383796],[-6.059408,53.383796],[-6.059701,53.383805],[-6.059701,53.38381],[-6.059729,53.383811],[-6.059723,53.383793],[-6.059705,53.383778],[-6.059744,53.383726],[-6.059757,53.383724],[-6.059781,53.383709],[-6.059734,53.383636],[-6.05976,53.383632],[-6.05978,53.383628],[-6.059968,53.383596],[-6.060031,53.383586],[-6.060042,53.383585],[-6.060101,53.383579],[-6.060231,53.383568],[-6.060316,53.383558],[-6.060447,53.383544],[-6.060612,53.383527],[-6.060635,53.383607],[-6.060673,53.383601],[-6.060743,53.383588],[-6.060937,53.383552],[-6.060966,53.383548],[-6.061011,53.383542],[-6.061107,53.383526],[-6.061236,53.383497],[-6.061378,53.383483],[-6.061468,53.383484],[-6.061538,53.383478],[-6.061659,53.383466],[-6.061835,53.383431],[-6.062047,53.383391],[-6.062122,53.383406],[-6.062155,53.383414],[-6.062237,53.383443],[-6.06231,53.383469],[-6.062402,53.383502],[-6.062495,53.383535],[-6.062562,53.38356],[-6.062567,53.383557],[-6.062647,53.383584],[-6.062759,53.383623],[-6.062888,53.383667],[-6.062884,53.383673],[-6.063028,53.38372],[-6.063084,53.383739],[-6.063208,53.38379],[-6.063297,53.38382],[-6.063308,53.383816],[-6.063483,53.38388],[-6.063485,53.383872],[-6.063496,53.383876],[-6.063528,53.383887],[-6.063548,53.383894],[-6.063564,53.383901],[-6.063577,53.383909],[-6.063585,53.383916],[-6.063596,53.383926],[-6.0636,53.383931],[-6.063603,53.383936],[-6.063604,53.383941],[-6.063604,53.383947],[-6.063603,53.383955],[-6.063601,53.383962],[-6.063598,53.383968],[-6.063592,53.383977],[-6.063588,53.383982],[-6.063577,53.383994],[-6.063573,53.383999],[-6.063567,53.384004],[-6.063552,53.384014],[-6.063535,53.384024],[-6.063519,53.384033],[-6.063503,53.384041]]]},"properties":{"aca_name":"Howth - Nashville Road & Park ACA","council":"fingal","council_label":"Fingal County Council","ref":"","designation":"Architectural Conservation Area"}},{"type":"Feature","geometry":{"type":"Polygon","coordinates":[[[-6.069324,53.384063],[-6.069323,53.38407],[-6.069323,53.384071],[-6.069323,53.384074],[-6.069292,53.38408],[-6.069274,53.384083],[-6.069253,53.384087],[-6.069172,53.384106],[-6.069046,53.384134],[-6.068955,53.384156],[-6.068806,53.384192],[-6.068736,53.38421],[-6.068701,53.384218],[-6.068649,53.384231],[-6.068653,53.384235],[-6.06858,53.384258],[-6.068571,53.384254],[-6.068511,53.384276],[-6.068464,53.384294],[-6.068432,53.384306],[-6.068392,53.38427],[-6.068312,53.384297],[-6.068302,53.384301],[-6.068254,53.384321],[-6.06806,53.384398],[-6.067888,53.384468],[-6.06778,53.384513],[-6.067782,53.384515],[-6.06761,53.384572],[-6.067399,53.384641],[-6.067371,53.38465],[-6.067366,53.384651],[-6.067362,53.384653],[-6.067354,53.384654],[-6.067343,53.384657],[-6.06733,53.38466],[-6.067109,53.384716],[-6.067088,53.384722],[-6.067067,53.384729],[-6.066973,53.384765],[-6.066965,53.384769],[-6.06696,53.384772],[-6.066955,53.384776],[-6.066953,53.38478],[-6.066952,53.384783],[-6.066773,53.384766],[-6.066762,53.384766],[-6.066748,53.384766],[-6.066669,53.384768],[-6.066638,53.384769],[-6.066615,53.384771],[-6.066532,53.384779],[-6.06646,53.384785],[-6.066442,53.384788],[-6.066331,53.384805],[-6.066309,53.384809],[-6.066261,53.38482],[-6.066257,53.384821],[-6.066197,53.384843],[-6.066142,53.384868],[-6.06608,53.384894],[-6.065985,53.384932],[-6.065903,53.384959],[-6.065866,53.384969],[-6.06584,53.384975],[-6.06582,53.384978],[-6.065804,53.38498],[-6.065792,53.384979],[-6.065724,53.384999],[-6.065698,53.384978],[-6.065702,53.384978],[-6.065728,53.384922],[-6.065808,53.384922],[-6.065813,53.3849],[-6.065814,53.384887],[-6.065852,53.38488],[-6.065886,53.384867],[-6.065965,53.384837],[-6.066,53.384824],[-6.066052,53.384808],[-6.066111,53.384786],[-6.066173,53.384772],[-6.066226,53.384709],[-6.066247,53.384672],[-6.066256,53.384657],[-6.066279,53.384617],[-6.066321,53.384477],[-6.066472,53.384482],[-6.066513,53.384487],[-6.066521,53.384426],[-6.066522,53.384418],[-6.066525,53.384398],[-6.066527,53.384378],[-6.066528,53.38437],[-6.066541,53.38427],[-6.066559,53.384139],[-6.06656,53.384127],[-6.066572,53.384044],[-6.066581,53.383976],[-6.06659,53.383912],[-6.066328,53.383894],[-6.06629,53.383892],[-6.066186,53.383884],[-6.066026,53.383873],[-6.066047,53.38382],[-6.066003,53.383817],[-6.065676,53.383791],[-6.065677,53.383787],[-6.065694,53.383785],[-6.065713,53.38378],[-6.065725,53.383775],[-6.065737,53.383769],[-6.065747,53.383762],[-6.065755,53.383756],[-6.065768,53.383745],[-6.065776,53.383736],[-6.065783,53.383725],[-6.065788,53.383712],[-6.065791,53.383701],[-6.065793,53.383688],[-6.065796,53.383672],[-6.065799,53.383659],[-6.065799,53.38365],[-6.065798,53.38364],[-6.065796,53.383632],[-6.065795,53.383622],[-6.065793,53.383613],[-6.065789,53.383601],[-6.065785,53.38359],[-6.065782,53.383581],[-6.065779,53.383574],[-6.065772,53.383567],[-6.065766,53.383562],[-6.065757,53.383557],[-6.065745,53.383551],[-6.065734,53.383548],[-6.06572,53.383546],[-6.06571,53.383545],[-6.065692,53.383543],[-6.065627,53.383491],[-6.065566,53.38348],[-6.065564,53.383433],[-6.065567,53.383414],[-6.065496,53.383344],[-6.065497,53.383331],[-6.065507,53.383257],[-6.065513,53.383209],[-6.065449,53.383206],[-6.065374,53.383202],[-6.065268,53.383223],[-6.065276,53.383133],[-6.065282,53.383127],[-6.065282,53.383119],[-6.06529,53.383013],[-6.065304,53.382875],[-6.065289,53.382874],[-6.065296,53.382833],[-6.065303,53.382792],[-6.065341,53.382687],[-6.065355,53.382643],[-6.065404,53.382613],[-6.065406,53.382613],[-6.065731,53.382571],[-6.065735,53.382571],[-6.065804,53.382563],[-6.06583,53.382545],[-6.065891,53.382535],[-6.065952,53.382524],[-6.065958,53.382524],[-6.065967,53.382519],[-6.065988,53.382506],[-6.06602,53.382486],[-6.066038,53.382475],[-6.066048,53.382466],[-6.066078,53.382439],[-6.066126,53.382395],[-6.066163,53.382361],[-6.066214,53.382311],[-6.066237,53.382285],[-6.066267,53.382266],[-6.066295,53.382249],[-6.066312,53.382155],[-6.066325,53.382117],[-6.066342,53.382069],[-6.066355,53.382039],[-6.066356,53.382037],[-6.066518,53.382073],[-6.066609,53.382089],[-6.067111,53.382126],[-6.067164,53.382127],[-6.067167,53.382154],[-6.067148,53.382155],[-6.067152,53.382238],[-6.067156,53.382318],[-6.067181,53.382316],[-6.067191,53.3824],[-6.067168,53.382404],[-6.067199,53.382473],[-6.067206,53.382532],[-6.067528,53.382482],[-6.067624,53.382467],[-6.067713,53.382453],[-6.067876,53.382394],[-6.068067,53.382369],[-6.068107,53.382364],[-6.068562,53.382297],[-6.068584,53.382387],[-6.068638,53.382474],[-6.068663,53.382538],[-6.068693,53.382604],[-6.068726,53.382676],[-6.068759,53.382748],[-6.068793,53.382825],[-6.068822,53.382889],[-6.068853,53.382956],[-6.068886,53.383028],[-6.068915,53.383091],[-6.068928,53.383121],[-6.068948,53.383163],[-6.068985,53.383243],[-6.069018,53.383314],[-6.069035,53.383351],[-6.069047,53.383379],[-6.069076,53.383443],[-6.069108,53.383513],[-6.069142,53.383589],[-6.069183,53.383678],[-6.069196,53.383707],[-6.069214,53.383748],[-6.069245,53.383802],[-6.069273,53.383876],[-6.069295,53.383927],[-6.069327,53.384002],[-6.069324,53.384063]]]},"properties":{"aca_name":"Howth - St. Nessan's Tce, St. Peter's Tce, Seaview Tce & The Haggard ACA","council":"fingal","council_label":"Fingal County Council","ref":"","designation":"Architectural Conservation Area"}},{"type":"Feature","geometry":{"type":"Polygon","coordinates":[[[-6.111557,53.493357],[-6.111408,53.49336],[-6.111432,53.493355],[-6.111448,53.493292],[-6.111469,53.493222],[-6.111489,53.493168],[-6.111537,53.493105],[-6.111573,53.493015],[-6.111575,53.49295],[-6.111563,53.492878],[-6.111097,53.492885],[-6.111058,53.492439],[-6.111156,53.492437],[-6.111351,53.492433],[-6.111353,53.492393],[-6.111527,53.492388],[-6.11159,53.492386],[-6.111619,53.492386],[-6.112007,53.492374],[-6.112014,53.492487],[-6.112018,53.492548],[-6.112022,53.492622],[-6.112026,53.492689],[-6.11203,53.49276],[-6.112033,53.492796],[-6.112036,53.492854],[-6.111661,53.492877],[-6.111664,53.492925],[-6.111669,53.492986],[-6.111666,53.493033],[-6.111641,53.493096],[-6.111611,53.493139],[-6.111571,53.493196],[-6.11155,53.493236],[-6.111529,53.493306],[-6.111526,53.493331],[-6.111534,53.493351],[-6.111557,53.493357]]]},"properties":{"aca_name":"Portrane - Grey Square ACA","council":"fingal","council_label":"Fingal County Council","ref":"","designation":"Architectural Conservation Area"}},{"type":"Feature","geometry":{"type":"Polygon","coordinates":[[[-6.178934,53.607799],[-6.178932,53.607801],[-6.178931,53.607802],[-6.17872,53.607728],[-6.178674,53.60771],[-6.178658,53.607704],[-6.178544,53.607671],[-6.17847,53.60765],[-6.178446,53.607644],[-6.17836,53.607623],[-6.178328,53.607615],[-6.178273,53.607601],[-6.178229,53.607589],[-6.178136,53.607562],[-6.178094,53.60755],[-6.17805,53.607538],[-6.17803,53.607568],[-6.177995,53.60756],[-6.177943,53.607547],[-6.177755,53.607503],[-6.177781,53.607453],[-6.177821,53.607377],[-6.17783,53.60736],[-6.177851,53.60732],[-6.177853,53.607318],[-6.177868,53.607288],[-6.178063,53.606941],[-6.178094,53.606972],[-6.178375,53.607104],[-6.178495,53.607154],[-6.178606,53.607201],[-6.178716,53.607248],[-6.178826,53.607294],[-6.178933,53.607339],[-6.17905,53.607389],[-6.179055,53.607385],[-6.179266,53.607466],[-6.179275,53.607469],[-6.179125,53.607647],[-6.178934,53.607799]]]},"properties":{"aca_name":"Balbriggan No.s 14 - 28 Hampton St. ACA","council":"fingal","council_label":"Fingal County Council","ref":"","designation":"Architectural Conservation Area"}},{"type":"Feature","geometry":{"type":"Polygon","coordinates":[[[-6.156682,53.482308],[-6.157713,53.481906],[-6.158849,53.481482],[-6.159736,53.481234],[-6.161236,53.480722],[-6.161871,53.480475],[-6.162377,53.480293],[-6.162863,53.480257],[-6.16434,53.48019],[-6.166483,53.480064],[-6.168264,53.480003],[-6.168785,53.480018],[-6.169174,53.480128],[-6.170139,53.480327],[-6.171353,53.480625],[-6.17219,53.48079],[-6.173234,53.480932],[-6.17474,53.481163],[-6.175437,53.48133],[-6.176716,53.481687],[-6.176948,53.481729],[-6.177707,53.48194],[-6.178933,53.482206],[-6.179885,53.48239],[-6.180757,53.482526],[-6.181292,53.482579],[-6.181854,53.482613],[-6.182227,53.482643],[-6.182424,53.48265],[-6.182275,53.482717],[-6.182059,53.482735],[-6.181704,53.482769],[-6.18112,53.482813],[-6.180923,53.482836],[-6.180659,53.482995],[-6.180319,53.483823],[-6.179658,53.485381],[-6.179275,53.486328],[-6.178557,53.487846],[-6.178061,53.488921],[-6.176996,53.491299],[-6.176696,53.491243],[-6.172062,53.490378],[-6.16724,53.489389],[-6.163592,53.48864],[-6.163353,53.488597],[-6.163323,53.488466],[-6.162937,53.488341],[-6.162565,53.488272],[-6.162049,53.488147],[-6.161714,53.488041],[-6.161169,53.487901],[-6.160535,53.487752],[-6.159837,53.487569],[-6.159457,53.487457],[-6.158966,53.48726],[-6.158458,53.487074],[-6.157594,53.486784],[-6.157081,53.486592],[-6.156181,53.486462],[-6.155422,53.486247],[-6.15497,53.486155],[-6.15433,53.486084],[-6.153913,53.485989],[-6.153672,53.485894],[-6.153641,53.485825],[-6.15372,53.485565],[-6.153875,53.485286],[-6.1539,53.485228],[-6.153881,53.48514],[-6.153867,53.484953],[-6.153967,53.48473],[-6.154006,53.484732],[-6.154016,53.484692],[-6.154027,53.484652],[-6.154029,53.484642],[-6.154036,53.484617],[-6.154108,53.484424],[-6.154108,53.484424],[-6.154108,53.484423],[-6.15413,53.484353],[-6.15413,53.484353],[-6.154141,53.484354],[-6.154338,53.484371],[-6.154548,53.484389],[-6.154705,53.484403],[-6.154713,53.484393],[-6.154733,53.48427],[-6.154739,53.484234],[-6.15474,53.484229],[-6.154748,53.484178],[-6.15474,53.484178],[-6.154749,53.484132],[-6.154774,53.484013],[-6.154774,53.483999],[-6.154777,53.483999],[-6.154332,53.48396],[-6.154309,53.483948],[-6.154346,53.483844],[-6.154414,53.483646],[-6.154465,53.483501],[-6.15447,53.483489],[-6.154475,53.48348],[-6.154481,53.48347],[-6.154488,53.483459],[-6.154495,53.483449],[-6.154502,53.483439],[-6.154509,53.483429],[-6.154516,53.483418],[-6.154524,53.483408],[-6.154532,53.483398],[-6.154584,53.48334],[-6.154593,53.48333],[-6.154602,53.48332],[-6.154612,53.483311],[-6.154622,53.483302],[-6.154632,53.483292],[-6.154642,53.483283],[-6.154653,53.483274],[-6.154664,53.483265],[-6.154753,53.4832],[-6.154762,53.483194],[-6.154771,53.483187],[-6.15478,53.483181],[-6.154789,53.483175],[-6.154798,53.483169],[-6.154808,53.483164],[-6.154817,53.483158],[-6.154827,53.483152],[-6.154837,53.483147],[-6.154847,53.483141],[-6.154979,53.48307],[-6.155489,53.482798],[-6.155596,53.482743],[-6.15561,53.482736],[-6.155623,53.482729],[-6.155637,53.482722],[-6.15565,53.482715],[-6.155664,53.482708],[-6.155677,53.482701],[-6.155696,53.48269],[-6.155714,53.482679],[-6.155733,53.482669],[-6.155753,53.482658],[-6.155772,53.482648],[-6.155791,53.482638],[-6.155811,53.482627],[-6.15583,53.482617],[-6.155944,53.482562],[-6.155954,53.482557],[-6.155966,53.482551],[-6.155978,53.482545],[-6.156033,53.482534],[-6.156682,53.482308]]]},"properties":{"aca_name":"Donabate - Newbridge House Demesne & The Square ACA","council":"fingal","council_label":"Fingal County Council","ref":"","designation":"Architectural Conservation Area"}},{"type":"Feature","geometry":{"type":"Polygon","coordinates":[[[-6.102348,53.380664],[-6.102324,53.380662],[-6.101425,53.380575],[-6.101409,53.380625],[-6.101319,53.380614],[-6.101357,53.380545],[-6.101477,53.380409],[-6.101262,53.380376],[-6.101187,53.380365],[-6.101148,53.380359],[-6.101145,53.380358],[-6.10116,53.380318],[-6.101188,53.380228],[-6.101209,53.380171],[-6.101209,53.38014],[-6.101211,53.380126],[-6.101179,53.380121],[-6.101116,53.380111],[-6.101063,53.380103],[-6.101014,53.380096],[-6.101017,53.38009],[-6.101046,53.380037],[-6.101066,53.379999],[-6.101093,53.379944],[-6.101113,53.379905],[-6.101123,53.379882],[-6.101164,53.379889],[-6.101202,53.379894],[-6.101253,53.379901],[-6.101268,53.379903],[-6.101283,53.379905],[-6.101431,53.379925],[-6.101469,53.379931],[-6.101607,53.379949],[-6.101623,53.379915],[-6.101843,53.37994],[-6.101846,53.37994],[-6.101971,53.379953],[-6.102002,53.379957],[-6.102032,53.379934],[-6.10218,53.379736],[-6.102322,53.379747],[-6.102334,53.379749],[-6.102347,53.379747],[-6.102359,53.37974],[-6.102364,53.379734],[-6.102493,53.379751],[-6.102493,53.379761],[-6.102582,53.379767],[-6.102577,53.379787],[-6.102565,53.379853],[-6.102517,53.380019],[-6.102505,53.380072],[-6.102484,53.380163],[-6.102467,53.380225],[-6.102443,53.380326],[-6.102436,53.380361],[-6.102407,53.380462],[-6.102389,53.380531],[-6.102348,53.380664]]]},"properties":{"aca_name":"Sutton - No 20a - 26 Strand Road. ACA","council":"fingal","council_label":"Fingal County Council","ref":"","designation":"Architectural Conservation Area"}},{"type":"Feature","geometry":{"type":"Polygon","coordinates":[[[-6.156763,53.444312],[-6.155739,53.444383],[-6.154872,53.444421],[-6.154132,53.444457],[-6.153356,53.444608],[-6.153184,53.444621],[-6.153204,53.444791],[-6.15271,53.444825],[-6.152634,53.444491],[-6.154093,53.443882],[-6.15404,53.443888],[-6.152596,53.443888],[-6.152594,53.443808],[-6.152204,53.443808],[-6.152192,53.44309],[-6.151625,53.44309],[-6.151542,53.442958],[-6.151602,53.44288],[-6.151566,53.442681],[-6.154895,53.442665],[-6.15489,53.442772],[-6.155084,53.442772],[-6.155123,53.442803],[-6.155979,53.442796],[-6.156021,53.443023],[-6.156411,53.443003],[-6.156635,53.44371],[-6.156643,53.443891],[-6.156769,53.444312],[-6.156763,53.444312]]]},"properties":{"aca_name":"Malahide - The Bawn, Parnell Cottages & St Sylvester's Villas ACA","council":"fingal","council_label":"Fingal County Council","ref":"","designation":"Architectural Conservation Area"}},{"type":"Feature","geometry":{"type":"Polygon","coordinates":[[[-6.437919,53.38192],[-6.436647,53.38188],[-6.435578,53.381566],[-6.434466,53.381367],[-6.433772,53.381358],[-6.432284,53.380876],[-6.430388,53.379975],[-6.429848,53.379968],[-6.429006,53.379772],[-6.428234,53.379762],[-6.426681,53.380018],[-6.425874,53.379915],[-6.424456,53.379666],[-6.421918,53.379401],[-6.420879,53.379319],[-6.419496,53.378123],[-6.416483,53.376122],[-6.415955,53.375792],[-6.414239,53.375238],[-6.413444,53.374812],[-6.413031,53.374507],[-6.41261,53.374432],[-6.411543,53.374049],[-6.410026,53.373336],[-6.409343,53.37305],[-6.409748,53.371486],[-6.40993,53.369712],[-6.410077,53.368872],[-6.410187,53.367996],[-6.410321,53.36749],[-6.410414,53.367076],[-6.410349,53.366752],[-6.410518,53.366339],[-6.41074,53.366619],[-6.41123,53.366926],[-6.411599,53.367369],[-6.411927,53.367881],[-6.412263,53.368185],[-6.413028,53.36838],[-6.414221,53.368442],[-6.414645,53.368448],[-6.416238,53.368169],[-6.417559,53.36791],[-6.417792,53.367867],[-6.417944,53.367938],[-6.41883,53.367973],[-6.419297,53.367863],[-6.419958,53.367734],[-6.422515,53.367445],[-6.425056,53.36757],[-6.425442,53.367575],[-6.425944,53.367559],[-6.428442,53.367823],[-6.429858,53.368141],[-6.431541,53.368533],[-6.432769,53.36871],[-6.43377,53.368793],[-6.434965,53.368808],[-6.436045,53.368823],[-6.436659,53.3689],[-6.437426,53.369048],[-6.43819,53.369243],[-6.438765,53.369343],[-6.439029,53.369508],[-6.43869,53.372457],[-6.438664,53.373172],[-6.438607,53.373656],[-6.439003,53.374446],[-6.439742,53.376394],[-6.439632,53.377304],[-6.43943,53.378593],[-6.43916,53.379651],[-6.438525,53.381189],[-6.438075,53.381875],[-6.437919,53.38192]]]},"properties":{"aca_name":"Luttrellstown Demesne ACA","council":"fingal","council_label":"Fingal County Council","ref":"","designation":"Architectural Conservation Area"}},{"type":"Feature","geometry":{"type":"Polygon","coordinates":[[[-6.116474,53.388778],[-6.116472,53.38882],[-6.115565,53.3889],[-6.113113,53.389137],[-6.112897,53.389159],[-6.110881,53.389365],[-6.110846,53.389522],[-6.110846,53.389522],[-6.110848,53.389542],[-6.11085,53.389552],[-6.110857,53.389565],[-6.110869,53.389584],[-6.110869,53.389584],[-6.110871,53.389586],[-6.110874,53.389589],[-6.110874,53.389589],[-6.110877,53.389591],[-6.11088,53.389594],[-6.110882,53.389596],[-6.110882,53.389596],[-6.110885,53.389599],[-6.110888,53.389602],[-6.110891,53.389604],[-6.110893,53.389607],[-6.110896,53.389609],[-6.110933,53.389641],[-6.110937,53.389645],[-6.110935,53.389647],[-6.110938,53.389646],[-6.111333,53.389801],[-6.111704,53.389927],[-6.111956,53.390028],[-6.11287,53.390347],[-6.113313,53.390502],[-6.114,53.390741],[-6.114602,53.39095],[-6.115129,53.391145],[-6.115558,53.39131],[-6.116222,53.391582],[-6.116916,53.391856],[-6.117113,53.391936],[-6.117252,53.391987],[-6.11729,53.392],[-6.117165,53.392],[-6.116584,53.391994],[-6.116139,53.391987],[-6.116139,53.391987],[-6.11581,53.391982],[-6.11489,53.391956],[-6.114781,53.391953],[-6.114178,53.391934],[-6.112079,53.391857],[-6.112121,53.39181],[-6.112134,53.391814],[-6.112156,53.391813],[-6.112121,53.39181],[-6.112147,53.391772],[-6.112407,53.391469],[-6.112613,53.39123],[-6.112692,53.391141],[-6.112695,53.391134],[-6.112669,53.391098],[-6.112675,53.39109],[-6.112469,53.391043],[-6.112419,53.391032],[-6.112286,53.391002],[-6.111912,53.3909],[-6.111912,53.3909],[-6.111923,53.390886],[-6.111923,53.390886],[-6.111779,53.390848],[-6.111577,53.390795],[-6.11136,53.390738],[-6.111287,53.390719],[-6.111282,53.390717],[-6.111154,53.390684],[-6.110966,53.390635],[-6.110896,53.390703],[-6.110882,53.390714],[-6.110566,53.390688],[-6.110546,53.390685],[-6.110546,53.390685],[-6.110443,53.390682],[-6.110384,53.39068],[-6.110384,53.39068],[-6.110366,53.390681],[-6.11021,53.390672],[-6.110238,53.390628],[-6.11029,53.390547],[-6.110322,53.390494],[-6.11033,53.390482],[-6.110357,53.390435],[-6.110359,53.390431],[-6.11036,53.39043],[-6.110467,53.390247],[-6.110485,53.390219],[-6.110486,53.390217],[-6.110504,53.390191],[-6.110621,53.390006],[-6.110635,53.389983],[-6.110705,53.389911],[-6.110733,53.389874],[-6.110807,53.389777],[-6.110854,53.389717],[-6.110854,53.389717],[-6.110723,53.389669],[-6.110652,53.389647],[-6.110567,53.389627],[-6.11021,53.389471],[-6.109949,53.389297],[-6.104339,53.386965],[-6.104369,53.386948],[-6.104355,53.386941],[-6.104357,53.38694],[-6.104407,53.386899],[-6.104514,53.386802],[-6.104533,53.386784],[-6.104534,53.386784],[-6.104604,53.386712],[-6.104751,53.386755],[-6.105149,53.386871],[-6.105274,53.386908],[-6.105636,53.387014],[-6.10587,53.387077],[-6.105883,53.38708],[-6.105934,53.387094],[-6.106284,53.387166],[-6.106572,53.387226],[-6.106829,53.387279],[-6.106912,53.387296],[-6.107077,53.387327],[-6.107077,53.387327],[-6.107126,53.387337],[-6.107197,53.38735],[-6.107563,53.387419],[-6.107858,53.387456],[-6.108134,53.387493],[-6.108472,53.387539],[-6.108553,53.38755],[-6.108558,53.387551],[-6.108641,53.387561],[-6.108745,53.387574],[-6.109046,53.387605],[-6.109231,53.387615],[-6.109633,53.38763],[-6.109635,53.387614],[-6.109695,53.387617],[-6.109695,53.38763],[-6.110505,53.387643],[-6.110549,53.387644],[-6.110552,53.387644],[-6.110976,53.387651],[-6.110996,53.387652],[-6.11104,53.387652],[-6.111149,53.387654],[-6.111278,53.387656],[-6.111375,53.387658],[-6.111601,53.387662],[-6.111833,53.387666],[-6.111882,53.387667],[-6.112226,53.387673],[-6.112539,53.387678],[-6.112554,53.387678],[-6.112596,53.387676],[-6.112592,53.387797],[-6.112592,53.387797],[-6.112833,53.387789],[-6.112958,53.387791],[-6.112965,53.387791],[-6.113161,53.387799],[-6.113193,53.3878],[-6.113243,53.387803],[-6.113263,53.387805],[-6.113332,53.387816],[-6.113395,53.387824],[-6.113471,53.387837],[-6.113486,53.387839],[-6.113486,53.387839],[-6.113531,53.387851],[-6.113573,53.387863],[-6.113842,53.38795],[-6.113843,53.38795],[-6.113872,53.387959],[-6.113949,53.387982],[-6.114021,53.388002],[-6.114054,53.388011],[-6.114084,53.388018],[-6.114102,53.388022],[-6.114172,53.388039],[-6.114229,53.388053],[-6.114262,53.388067],[-6.114346,53.388096],[-6.114411,53.388122],[-6.11448,53.388156],[-6.114501,53.38817],[-6.114527,53.388186],[-6.114538,53.388191],[-6.114579,53.388209],[-6.114601,53.388218],[-6.114646,53.388236],[-6.114734,53.388272],[-6.114763,53.388283],[-6.114778,53.388289],[-6.114809,53.388301],[-6.114869,53.388326],[-6.114914,53.388345],[-6.115043,53.388381],[-6.115094,53.388396],[-6.115101,53.388398],[-6.115208,53.388433],[-6.11523,53.388439],[-6.115244,53.388442],[-6.115327,53.38846],[-6.115425,53.388481],[-6.115712,53.388536],[-6.115769,53.388547],[-6.115831,53.388558],[-6.116117,53.388605],[-6.116117,53.388605],[-6.116154,53.388609],[-6.116299,53.388627],[-6.116402,53.388636],[-6.116504,53.388642],[-6.116541,53.388643],[-6.116507,53.388697],[-6.116507,53.388697],[-6.116507,53.388697],[-6.116497,53.388727],[-6.116497,53.388727],[-6.11648,53.388777],[-6.116474,53.388778],[-6.116474,53.388769],[-6.116468,53.388779],[-6.116474,53.388778]]]},"properties":{"aca_name":"Sutton - Sutton Cross and Environs ACA","council":"fingal","council_label":"Fingal County Council","ref":"","designation":"Architectural Conservation Area"}},{"type":"Feature","geometry":{"type":"Polygon","coordinates":[[[-6.107536,53.490932],[-6.10753,53.490933],[-6.107482,53.490932],[-6.107372,53.490932],[-6.106265,53.490929],[-6.105506,53.490927],[-6.10547,53.491164],[-6.105465,53.491194],[-6.105456,53.491255],[-6.105456,53.491255],[-6.105446,53.491327],[-6.105439,53.491369],[-6.104769,53.491365],[-6.104744,53.491349],[-6.104553,53.491346],[-6.104524,53.491362],[-6.103995,53.491356],[-6.103968,53.491339],[-6.103787,53.491339],[-6.103781,53.4914],[-6.10361,53.491392],[-6.103597,53.491361],[-6.103111,53.485533],[-6.103042,53.485448],[-6.103045,53.485239],[-6.103292,53.485168],[-6.103743,53.484925],[-6.103921,53.484668],[-6.103926,53.484566],[-6.104036,53.484499],[-6.104182,53.48427],[-6.104539,53.484111],[-6.105044,53.483874],[-6.105705,53.483626],[-6.106013,53.483607],[-6.106298,53.483541],[-6.106663,53.483494],[-6.107101,53.483427],[-6.107569,53.483266],[-6.107976,53.483267],[-6.108355,53.483148],[-6.10865,53.483067],[-6.109265,53.482975],[-6.109471,53.48289],[-6.109744,53.482919],[-6.109897,53.482905],[-6.110077,53.483029],[-6.110403,53.482975],[-6.110391,53.482823],[-6.110796,53.482868],[-6.11091,53.48286],[-6.112081,53.481956],[-6.112271,53.482027],[-6.113557,53.482121],[-6.113406,53.482696],[-6.116542,53.483757],[-6.116755,53.483765],[-6.11686,53.483736],[-6.117273,53.482593],[-6.117655,53.482651],[-6.118143,53.482793],[-6.119553,53.482978],[-6.119641,53.482989],[-6.119828,53.483014],[-6.119997,53.48306],[-6.120155,53.483025],[-6.120358,53.482996],[-6.120521,53.483048],[-6.120558,53.483416],[-6.120477,53.483532],[-6.12038,53.483595],[-6.120192,53.483615],[-6.120085,53.483655],[-6.120045,53.483771],[-6.12018,53.483859],[-6.122952,53.484116],[-6.123144,53.484159],[-6.123269,53.484223],[-6.122729,53.485348],[-6.122875,53.485372],[-6.123054,53.485416],[-6.123189,53.485503],[-6.123213,53.485631],[-6.12323,53.48576],[-6.127471,53.486567],[-6.127098,53.48792],[-6.130698,53.488494],[-6.131053,53.488535],[-6.131791,53.488611],[-6.13196,53.488636],[-6.132088,53.488693],[-6.132261,53.488769],[-6.134095,53.488959],[-6.134141,53.489048],[-6.134101,53.489357],[-6.134286,53.489392],[-6.134363,53.489869],[-6.134386,53.48997],[-6.134361,53.490209],[-6.134296,53.490545],[-6.134239,53.490753],[-6.134077,53.491185],[-6.134008,53.491278],[-6.133844,53.491355],[-6.133639,53.491334],[-6.13335,53.491882],[-6.133427,53.491984],[-6.133518,53.492077],[-6.133624,53.49217],[-6.133683,53.492281],[-6.133687,53.492388],[-6.133406,53.492369],[-6.132937,53.492385],[-6.128733,53.492854],[-6.125949,53.493167],[-6.12471,53.493283],[-6.122336,53.493456],[-6.119595,53.493619],[-6.117965,53.49374],[-6.117599,53.493735],[-6.117252,53.493689],[-6.116446,53.493469],[-6.115949,53.493305],[-6.115541,53.493173],[-6.114504,53.49314],[-6.114315,53.493118],[-6.113457,53.493194],[-6.113456,53.49319],[-6.113398,53.492869],[-6.11339,53.492826],[-6.113387,53.49281],[-6.113374,53.492747],[-6.11321,53.492746],[-6.113145,53.492747],[-6.112981,53.492751],[-6.112724,53.492754],[-6.112711,53.492613],[-6.112462,53.492616],[-6.112356,53.492618],[-6.112022,53.492622],[-6.112007,53.492374],[-6.111353,53.492393],[-6.111351,53.492433],[-6.111058,53.492439],[-6.111097,53.492885],[-6.111254,53.492883],[-6.111563,53.492878],[-6.111572,53.492933],[-6.111573,53.493003],[-6.111556,53.493057],[-6.11153,53.493115],[-6.111503,53.49315],[-6.111484,53.493182],[-6.111461,53.493249],[-6.111445,53.493303],[-6.111436,53.493355],[-6.111024,53.493365],[-6.11074,53.493369],[-6.11032,53.493375],[-6.110033,53.49338],[-6.109837,53.493385],[-6.109426,53.493394],[-6.109141,53.493349],[-6.108608,53.493269],[-6.108596,53.49321],[-6.10858,53.493131],[-6.108531,53.492931],[-6.108472,53.492674],[-6.108373,53.492418],[-6.108249,53.492142],[-6.108113,53.491868],[-6.108007,53.49166],[-6.107997,53.491589],[-6.107915,53.491583],[-6.107996,53.491338],[-6.108026,53.491241],[-6.10805,53.491164],[-6.108132,53.490914],[-6.107863,53.490922],[-6.107698,53.490927],[-6.107596,53.490931],[-6.107536,53.490932]]]},"properties":{"aca_name":"Portrane - St. Ita's Hospital Complex ACA","council":"fingal","council_label":"Fingal County Council","ref":"","designation":"Architectural Conservation Area"}},{"type":"Feature","geometry":{"type":"Polygon","coordinates":[[[-6.112022,53.492622],[-6.112356,53.492618],[-6.112462,53.492616],[-6.112711,53.492613],[-6.112724,53.492754],[-6.112981,53.492751],[-6.113145,53.492747],[-6.11321,53.492746],[-6.113374,53.492747],[-6.113387,53.49281],[-6.11339,53.492826],[-6.113398,53.492869],[-6.113456,53.49319],[-6.113457,53.493194],[-6.113386,53.4932],[-6.113144,53.493253],[-6.113046,53.493283],[-6.112888,53.493313],[-6.112719,53.493333],[-6.112409,53.493335],[-6.111536,53.493352],[-6.111534,53.493351],[-6.111526,53.493331],[-6.111529,53.493306],[-6.11155,53.493236],[-6.111592,53.493166],[-6.111631,53.493111],[-6.111661,53.493045],[-6.111669,53.492986],[-6.111661,53.492877],[-6.112036,53.492854],[-6.112022,53.492622]]]},"properties":{"aca_name":"Portrane - Red Square ACA","council":"fingal","council_label":"Fingal County Council","ref":"","designation":"Architectural Conservation Area"}},{"type":"Feature","geometry":{"type":"Polygon","coordinates":[[[-6.193503,53.583299],[-6.193065,53.58368],[-6.19278,53.584024],[-6.192679,53.584344],[-6.192606,53.584737],[-6.192423,53.584989],[-6.192012,53.585211],[-6.192107,53.585444],[-6.192193,53.585463],[-6.191998,53.585608],[-6.191989,53.585625],[-6.191929,53.585671],[-6.191693,53.585848],[-6.191447,53.586036],[-6.19122,53.58621],[-6.19108,53.586318],[-6.190967,53.586403],[-6.190899,53.586459],[-6.190828,53.586483],[-6.190802,53.586491],[-6.190623,53.586617],[-6.190474,53.586723],[-6.190309,53.586846],[-6.190131,53.587],[-6.189982,53.587126],[-6.189958,53.587139],[-6.189919,53.587151],[-6.190011,53.587201],[-6.189839,53.587351],[-6.189619,53.587548],[-6.189552,53.587611],[-6.189507,53.587653],[-6.189397,53.587766],[-6.189313,53.587862],[-6.189222,53.587977],[-6.18914,53.588098],[-6.189124,53.588119],[-6.189121,53.588137],[-6.189076,53.588171],[-6.188974,53.588335],[-6.188932,53.58843],[-6.188855,53.588417],[-6.188074,53.588443],[-6.187666,53.588344],[-6.18765,53.588279],[-6.187627,53.588206],[-6.187412,53.58822],[-6.18738,53.588164],[-6.187345,53.58808],[-6.187379,53.588075],[-6.187398,53.588074],[-6.187402,53.588081],[-6.187568,53.588066],[-6.187652,53.588073],[-6.187683,53.588076],[-6.187731,53.588076],[-6.187725,53.58805],[-6.187714,53.588009],[-6.187712,53.587977],[-6.187703,53.587904],[-6.187701,53.587826],[-6.187708,53.587782],[-6.187712,53.587759],[-6.187757,53.587717],[-6.187838,53.587608],[-6.187867,53.58758],[-6.187935,53.587501],[-6.187966,53.587511],[-6.187998,53.587488],[-6.188047,53.587452],[-6.187969,53.587425],[-6.188125,53.587314],[-6.188187,53.587281],[-6.188097,53.587235],[-6.188164,53.587181],[-6.188153,53.587158],[-6.188188,53.587136],[-6.188233,53.587137],[-6.188389,53.587025],[-6.18846,53.586939],[-6.188494,53.586875],[-6.188511,53.586816],[-6.188508,53.58676],[-6.188487,53.586694],[-6.188416,53.586622],[-6.188383,53.58662],[-6.188252,53.586531],[-6.188117,53.586433],[-6.188085,53.586403],[-6.188109,53.58635],[-6.188027,53.586288],[-6.187956,53.586228],[-6.187879,53.58617],[-6.18781,53.586109],[-6.187725,53.586021],[-6.187859,53.585971],[-6.187873,53.58598],[-6.187939,53.585952],[-6.188051,53.585911],[-6.18817,53.585882],[-6.188245,53.585867],[-6.188269,53.585735],[-6.188918,53.585823],[-6.188988,53.585582],[-6.189023,53.585589],[-6.189235,53.585635],[-6.189444,53.585668],[-6.189634,53.585681],[-6.18962,53.585574],[-6.189617,53.585478],[-6.189622,53.585405],[-6.189633,53.585264],[-6.18966,53.585073],[-6.189675,53.584949],[-6.189697,53.58475],[-6.189752,53.584559],[-6.189787,53.584456],[-6.189808,53.584311],[-6.189826,53.584183],[-6.189871,53.584009],[-6.189907,53.583897],[-6.189964,53.583807],[-6.190043,53.583705],[-6.190165,53.58355],[-6.190207,53.583478],[-6.190252,53.583332],[-6.190266,53.583268],[-6.190296,53.583266],[-6.190369,53.582946],[-6.190637,53.58296],[-6.190874,53.583016],[-6.192713,53.583177],[-6.19279,53.583152],[-6.193503,53.583299]]]},"properties":{"aca_name":"Balrothery ACA","council":"fingal","council_label":"Fingal County Council","ref":"","designation":"Architectural Conservation Area"}},{"type":"Feature","geometry":{"type":"Polygon","coordinates":[[[-6.222788,53.458361],[-6.222598,53.458323],[-6.222163,53.458335],[-6.222131,53.458284],[-6.222115,53.458201],[-6.222089,53.458072],[-6.22204,53.457897],[-6.222057,53.457863],[-6.22207,53.457841],[-6.222153,53.457785],[-6.222153,53.457785],[-6.222399,53.457625],[-6.222474,53.457577],[-6.222483,53.457574],[-6.222493,53.457568],[-6.222549,53.457547],[-6.222608,53.45754],[-6.222632,53.457519],[-6.222693,53.45745],[-6.222747,53.457392],[-6.222797,53.457333],[-6.222865,53.457253],[-6.222929,53.457181],[-6.222973,53.457115],[-6.223083,53.456976],[-6.223086,53.456973],[-6.223112,53.456941],[-6.223167,53.456871],[-6.223179,53.456856],[-6.223177,53.456853],[-6.223213,53.456806],[-6.223598,53.457246],[-6.223793,53.45711],[-6.223894,53.457116],[-6.223895,53.457116],[-6.224752,53.457279],[-6.224752,53.457279],[-6.224698,53.457431],[-6.224695,53.457439],[-6.224671,53.457508],[-6.224657,53.457553],[-6.224638,53.457622],[-6.224609,53.457724],[-6.224609,53.457724],[-6.224166,53.457881],[-6.224225,53.458068],[-6.224055,53.458137],[-6.224054,53.458137],[-6.223978,53.45844],[-6.223561,53.458453],[-6.223293,53.45843],[-6.223054,53.458406],[-6.222969,53.458397],[-6.222969,53.458397],[-6.222887,53.458381],[-6.222788,53.458361]]]},"properties":{"aca_name":"Swords - Church Road Historic Ecclesiastical Core ACA","council":"fingal","council_label":"Fingal County Council","ref":"","designation":"Architectural Conservation Area"}},{"type":"Feature","geometry":{"type":"Polygon","coordinates":[[[-6.448772,53.360293],[-6.448777,53.360304],[-6.448777,53.360305],[-6.448513,53.360348],[-6.448418,53.360341],[-6.447644,53.36045],[-6.447608,53.360455],[-6.447441,53.360478],[-6.44733,53.360494],[-6.44727,53.36035],[-6.447261,53.360327],[-6.44684,53.360384],[-6.446546,53.360419],[-6.446386,53.360438],[-6.446371,53.36044],[-6.446063,53.360499],[-6.445478,53.360634],[-6.445288,53.360698],[-6.445152,53.360736],[-6.444928,53.360798],[-6.444658,53.360877],[-6.444391,53.36096],[-6.444191,53.361021],[-6.444023,53.361077],[-6.443831,53.361136],[-6.44372,53.361184],[-6.443609,53.361232],[-6.44352,53.361278],[-6.443441,53.36132],[-6.443326,53.361382],[-6.443247,53.361428],[-6.443017,53.361572],[-6.442821,53.361688],[-6.442744,53.361736],[-6.442691,53.361706],[-6.442608,53.361659],[-6.442503,53.361595],[-6.442428,53.361506],[-6.442363,53.361454],[-6.442808,53.361257],[-6.442815,53.361254],[-6.442701,53.361168],[-6.442696,53.361158],[-6.442694,53.361143],[-6.4427,53.361128],[-6.442753,53.361096],[-6.442956,53.360989],[-6.443012,53.360966],[-6.443083,53.360963],[-6.443099,53.360963],[-6.443113,53.360966],[-6.443125,53.360969],[-6.44329,53.361068],[-6.443369,53.361122],[-6.443494,53.361201],[-6.443713,53.361111],[-6.444087,53.360997],[-6.444292,53.360941],[-6.444647,53.360835],[-6.444572,53.360745],[-6.444554,53.360723],[-6.444637,53.360699],[-6.444726,53.360813],[-6.445017,53.360724],[-6.445063,53.360714],[-6.445106,53.360696],[-6.445407,53.36061],[-6.445476,53.360589],[-6.445516,53.360577],[-6.445583,53.360557],[-6.445647,53.360543],[-6.445671,53.360538],[-6.445581,53.360398],[-6.445459,53.360405],[-6.445447,53.360346],[-6.445679,53.360332],[-6.445653,53.360193],[-6.44565,53.360173],[-6.445918,53.360156],[-6.445915,53.360147],[-6.446075,53.360128],[-6.446178,53.360107],[-6.446137,53.359987],[-6.446117,53.359928],[-6.446102,53.359886],[-6.446064,53.359783],[-6.446013,53.359745],[-6.446012,53.359745],[-6.445952,53.359528],[-6.445856,53.359254],[-6.445795,53.359118],[-6.445677,53.359068],[-6.445402,53.359059],[-6.444734,53.359062],[-6.444304,53.358931],[-6.444292,53.35873],[-6.444514,53.35872],[-6.44464,53.358714],[-6.444634,53.358868],[-6.444639,53.358925],[-6.444869,53.358919],[-6.445196,53.358921],[-6.445478,53.358922],[-6.445686,53.358909],[-6.44581,53.358903],[-6.446034,53.358173],[-6.44642,53.358127],[-6.446876,53.358068],[-6.446956,53.358093],[-6.446991,53.358091],[-6.44731,53.358071],[-6.447309,53.358054],[-6.447429,53.35806],[-6.447528,53.358057],[-6.447613,53.358057],[-6.447614,53.358048],[-6.447717,53.35803],[-6.447744,53.358029],[-6.447743,53.358017],[-6.448185,53.357986],[-6.448191,53.358],[-6.448206,53.357998],[-6.448593,53.357955],[-6.448578,53.35791],[-6.448724,53.357902],[-6.448754,53.357901],[-6.448751,53.357717],[-6.448972,53.357718],[-6.448978,53.357594],[-6.448935,53.357547],[-6.448601,53.35757],[-6.448518,53.35715],[-6.447961,53.357118],[-6.44797,53.356928],[-6.448001,53.356929],[-6.448001,53.356887],[-6.447989,53.356884],[-6.447986,53.35681],[-6.448004,53.35681],[-6.448008,53.356741],[-6.448575,53.356679],[-6.448544,53.356439],[-6.448414,53.356263],[-6.448359,53.356041],[-6.448356,53.356009],[-6.449244,53.355923],[-6.449273,53.355919],[-6.44928,53.355938],[-6.449769,53.355893],[-6.450362,53.355773],[-6.450345,53.355549],[-6.450813,53.355532],[-6.450828,53.355595],[-6.451187,53.355584],[-6.451249,53.355586],[-6.451272,53.355582],[-6.451293,53.355631],[-6.451298,53.355642],[-6.451416,53.355625],[-6.451471,53.355756],[-6.451475,53.355839],[-6.451475,53.355859],[-6.451525,53.355866],[-6.451548,53.355869],[-6.45155,53.355883],[-6.451558,53.355935],[-6.451559,53.355938],[-6.451941,53.355885],[-6.452016,53.355863],[-6.452022,53.355861],[-6.451983,53.355788],[-6.451976,53.355763],[-6.451964,53.355709],[-6.451945,53.355633],[-6.451944,53.355608],[-6.452035,53.35559],[-6.452112,53.355727],[-6.452207,53.355898],[-6.452292,53.356047],[-6.452343,53.356162],[-6.452155,53.356201],[-6.452085,53.356246],[-6.452062,53.356289],[-6.45195,53.356381],[-6.451931,53.356467],[-6.451921,53.356584],[-6.45191,53.356682],[-6.451607,53.356685],[-6.451572,53.35671],[-6.451397,53.356625],[-6.45136,53.356646],[-6.451352,53.356707],[-6.45114,53.356751],[-6.450884,53.356883],[-6.450859,53.356917],[-6.450884,53.356992],[-6.450909,53.357068],[-6.450982,53.357211],[-6.450635,53.35729],[-6.450222,53.357364],[-6.44999,53.357376],[-6.449938,53.357432],[-6.449961,53.357561],[-6.450073,53.357747],[-6.45012,53.357862],[-6.450148,53.358027],[-6.450091,53.358174],[-6.449964,53.358337],[-6.449728,53.358483],[-6.449606,53.358506],[-6.449577,53.358512],[-6.449372,53.35855],[-6.448886,53.358639],[-6.448679,53.358688],[-6.448601,53.358768],[-6.448555,53.358904],[-6.448556,53.359032],[-6.4486,53.359091],[-6.44883,53.359442],[-6.448848,53.359467],[-6.448865,53.359493],[-6.448883,53.359519],[-6.448901,53.359545],[-6.448918,53.359569],[-6.448925,53.359581],[-6.448907,53.35959],[-6.448894,53.359602],[-6.448885,53.359613],[-6.448885,53.359622],[-6.448883,53.359636],[-6.448768,53.359666],[-6.448753,53.359657],[-6.448724,53.35965],[-6.448708,53.359659],[-6.448645,53.359691],[-6.448571,53.35972],[-6.448555,53.359836],[-6.448561,53.359836],[-6.448654,53.360039],[-6.448668,53.360069],[-6.448673,53.36008],[-6.448699,53.360137],[-6.44872,53.360181],[-6.448735,53.360214],[-6.448744,53.360234],[-6.448762,53.360273],[-6.448772,53.360293],[-6.448772,53.360293]]]},"properties":{"aca_name":"Lucan Village","council":"south-dublin","council_label":"South Dublin County Council","ref":"ACA009","designation":"Architectural Conservation Area"}},{"type":"Feature","geometry":{"type":"Polygon","coordinates":[[[-6.363445,53.35784],[-6.36369,53.358005],[-6.363301,53.358063],[-6.363282,53.35804],[-6.363117,53.358115],[-6.362859,53.358094],[-6.362612,53.358014],[-6.362415,53.357871],[-6.361984,53.358057],[-6.361705,53.35816],[-6.361624,53.358119],[-6.361568,53.358138],[-6.36181,53.358366],[-6.362049,53.358533],[-6.362311,53.358714],[-6.362486,53.358822],[-6.361888,53.35914],[-6.361923,53.359174],[-6.361889,53.359253],[-6.361437,53.359474],[-6.361117,53.359288],[-6.360881,53.359022],[-6.360584,53.358664],[-6.360313,53.358451],[-6.359954,53.358066],[-6.359676,53.357797],[-6.359488,53.357528],[-6.359343,53.357244],[-6.359127,53.356808],[-6.359076,53.356606],[-6.359137,53.356291],[-6.359271,53.3561],[-6.359501,53.355828],[-6.359803,53.355602],[-6.360079,53.355477],[-6.360391,53.355874],[-6.360361,53.355976],[-6.360699,53.356203],[-6.361061,53.356431],[-6.361343,53.356658],[-6.361519,53.356792],[-6.36172,53.356904],[-6.362021,53.356895],[-6.361774,53.357177],[-6.362165,53.357309],[-6.362276,53.357287],[-6.36252,53.35703],[-6.362661,53.356848],[-6.362797,53.356713],[-6.362902,53.356751],[-6.3632,53.35689],[-6.362749,53.357381],[-6.363381,53.357797],[-6.363445,53.35784]]]},"properties":{"aca_name":"Palmerstown Lower - Mill Complex","council":"south-dublin","council_label":"South Dublin County Council","ref":"ACA010","designation":"Architectural Conservation Area"}},{"type":"Feature","geometry":{"type":"Polygon","coordinates":[[[-6.287511,53.300335],[-6.287385,53.300402],[-6.28684,53.300712],[-6.28653,53.300928],[-6.286315,53.301133],[-6.286161,53.301355],[-6.286087,53.301592],[-6.286063,53.301802],[-6.286069,53.301925],[-6.286107,53.302012],[-6.286144,53.302234],[-6.286027,53.30222],[-6.285916,53.301983],[-6.285747,53.301728],[-6.285686,53.301464],[-6.285667,53.30103],[-6.285631,53.300652],[-6.285038,53.300644],[-6.285021,53.300593],[-6.285002,53.300295],[-6.284578,53.300276],[-6.28428,53.300254],[-6.284175,53.300235],[-6.283881,53.300178],[-6.284144,53.299989],[-6.2842,53.299974],[-6.28437,53.299825],[-6.284488,53.299752],[-6.284567,53.2996],[-6.284711,53.299379],[-6.284883,53.299148],[-6.285028,53.298952],[-6.285102,53.29884],[-6.28526,53.298615],[-6.285357,53.298466],[-6.285301,53.298448],[-6.285387,53.29833],[-6.285356,53.298317],[-6.2854,53.298255],[-6.285496,53.298271],[-6.285587,53.298136],[-6.285479,53.29789],[-6.284693,53.297776],[-6.284762,53.297469],[-6.284742,53.297248],[-6.284611,53.29696],[-6.2843,53.296582],[-6.284358,53.296374],[-6.284485,53.295968],[-6.284515,53.295906],[-6.284594,53.295852],[-6.284718,53.29583],[-6.284701,53.295796],[-6.284997,53.295493],[-6.285464,53.29566],[-6.285645,53.295716],[-6.285768,53.295768],[-6.285945,53.295714],[-6.286069,53.295659],[-6.285898,53.295583],[-6.285945,53.29551],[-6.285918,53.295348],[-6.285805,53.295267],[-6.285877,53.295161],[-6.286063,53.294883],[-6.286248,53.294609],[-6.286426,53.294348],[-6.286518,53.294205],[-6.286571,53.294045],[-6.286707,53.293573],[-6.286783,53.293309],[-6.286846,53.293319],[-6.286881,53.293192],[-6.28771,53.293339],[-6.287629,53.293522],[-6.287555,53.293765],[-6.287452,53.294101],[-6.287316,53.294401],[-6.287244,53.294724],[-6.287328,53.294899],[-6.287476,53.295039],[-6.287783,53.29524],[-6.287962,53.295349],[-6.288048,53.295456],[-6.287975,53.295589],[-6.287808,53.295673],[-6.287579,53.295701],[-6.287301,53.295694],[-6.286983,53.295716],[-6.286686,53.295752],[-6.286406,53.295825],[-6.286327,53.295984],[-6.286366,53.296307],[-6.28642,53.296666],[-6.286486,53.296894],[-6.286506,53.296978],[-6.286232,53.297012],[-6.286063,53.297007],[-6.285992,53.297141],[-6.285447,53.297137],[-6.285279,53.297154],[-6.285115,53.297206],[-6.285062,53.297284],[-6.285096,53.297492],[-6.285176,53.297601],[-6.285474,53.297646],[-6.285712,53.297678],[-6.286182,53.297739],[-6.286505,53.29777],[-6.286906,53.297794],[-6.286968,53.29798],[-6.28655,53.298091],[-6.286752,53.298214],[-6.28692,53.298402],[-6.287389,53.298555],[-6.28748,53.298584],[-6.287619,53.298765],[-6.287456,53.298808],[-6.287519,53.298945],[-6.287196,53.299153],[-6.28689,53.299248],[-6.286626,53.299533],[-6.28658,53.299568],[-6.286334,53.299553],[-6.286112,53.299525],[-6.285887,53.299497],[-6.285648,53.29946],[-6.285601,53.299452],[-6.285429,53.2997],[-6.285321,53.299846],[-6.285685,53.299925],[-6.285732,53.299846],[-6.286,53.299912],[-6.286246,53.300017],[-6.286483,53.299851],[-6.286549,53.299805],[-6.286695,53.299605],[-6.286998,53.299703],[-6.287142,53.299617],[-6.287196,53.299586],[-6.287183,53.29952],[-6.28728,53.299515],[-6.287322,53.299569],[-6.28741,53.299605],[-6.287539,53.299604],[-6.287707,53.299511],[-6.288393,53.299081],[-6.288422,53.299049],[-6.288481,53.299025],[-6.288618,53.299072],[-6.288805,53.299195],[-6.288922,53.299346],[-6.289127,53.2995],[-6.288168,53.300012],[-6.288133,53.300005],[-6.287529,53.300326],[-6.287511,53.300335]]]},"properties":{"aca_name":"Rathfarnham Village including Willbrook","council":"south-dublin","council_label":"South Dublin County Council","ref":"ACA011","designation":"Architectural Conservation Area"}},{"type":"Feature","geometry":{"type":"Polygon","coordinates":[[[-6.397507,53.323159],[-6.397574,53.323199],[-6.397577,53.323221],[-6.397576,53.323222],[-6.397605,53.323248],[-6.397785,53.323326],[-6.397558,53.32347],[-6.397408,53.323562],[-6.396884,53.323284],[-6.396761,53.323222],[-6.396772,53.323177],[-6.396848,53.323125],[-6.396943,53.323043],[-6.396778,53.323018],[-6.39651,53.322996],[-6.395855,53.322939],[-6.395794,53.323033],[-6.395721,53.323109],[-6.395692,53.323103],[-6.395392,53.323114],[-6.395348,53.322806],[-6.395053,53.322796],[-6.394968,53.322793],[-6.394968,53.32278],[-6.394727,53.322767],[-6.394544,53.322761],[-6.394456,53.322526],[-6.394402,53.32238],[-6.394374,53.322287],[-6.394347,53.322243],[-6.39434,53.322189],[-6.394346,53.32211],[-6.394373,53.322017],[-6.394405,53.321941],[-6.394142,53.321962],[-6.394094,53.32188],[-6.394013,53.321776],[-6.393951,53.321707],[-6.393727,53.321737],[-6.393657,53.321751],[-6.39362,53.321678],[-6.393333,53.321627],[-6.393065,53.321573],[-6.393029,53.321559],[-6.39303,53.32152],[-6.392952,53.321516],[-6.392954,53.321479],[-6.392886,53.321477],[-6.392893,53.321411],[-6.392845,53.321411],[-6.392855,53.321334],[-6.39286,53.321304],[-6.392849,53.321302],[-6.392855,53.321268],[-6.392863,53.321131],[-6.392925,53.321113],[-6.392915,53.321101],[-6.393059,53.321053],[-6.393245,53.320975],[-6.393318,53.320939],[-6.393231,53.320781],[-6.393471,53.320687],[-6.393656,53.320623],[-6.393747,53.320603],[-6.393742,53.320594],[-6.393731,53.320596],[-6.393725,53.320585],[-6.393736,53.320582],[-6.393724,53.320556],[-6.393796,53.320539],[-6.393734,53.320413],[-6.393736,53.320401],[-6.394138,53.320345],[-6.394117,53.320223],[-6.394421,53.320209],[-6.394505,53.320204],[-6.394533,53.320004],[-6.394564,53.319855],[-6.394595,53.319685],[-6.394768,53.319687],[-6.394971,53.319709],[-6.395001,53.319887],[-6.395006,53.319967],[-6.395094,53.31996],[-6.395143,53.320109],[-6.395203,53.320109],[-6.395287,53.320148],[-6.395359,53.320174],[-6.395602,53.320245],[-6.395819,53.320574],[-6.39586,53.320624],[-6.395921,53.32074],[-6.395975,53.320827],[-6.396014,53.320823],[-6.396063,53.321035],[-6.396125,53.321342],[-6.396166,53.321568],[-6.396235,53.321865],[-6.396251,53.321929],[-6.396606,53.321861],[-6.396708,53.321934],[-6.396677,53.321949],[-6.396914,53.322043],[-6.397157,53.32214],[-6.397124,53.322167],[-6.397147,53.322183],[-6.397074,53.322497],[-6.397013,53.32249],[-6.396813,53.322871],[-6.396958,53.322929],[-6.397214,53.322841],[-6.397397,53.322777],[-6.397432,53.322848],[-6.397402,53.322855],[-6.397446,53.322914],[-6.397506,53.322976],[-6.397277,53.323073],[-6.39736,53.323119],[-6.397425,53.323155],[-6.397443,53.323149],[-6.397493,53.32315],[-6.397507,53.323159]]]},"properties":{"aca_name":"Clondalkin Village","council":"south-dublin","council_label":"South Dublin County Council","ref":"ACA008","designation":"Architectural Conservation Area"}},{"type":"Feature","geometry":{"type":"Polygon","coordinates":[[[-6.363579,53.289546],[-6.361153,53.289792],[-6.360874,53.289824],[-6.360727,53.289583],[-6.360448,53.289615],[-6.35943,53.289761],[-6.358159,53.289903],[-6.357795,53.289822],[-6.358032,53.289674],[-6.358133,53.289439],[-6.357709,53.289365],[-6.357601,53.289137],[-6.3577,53.289119],[-6.358118,53.289103],[-6.35827,53.289097],[-6.35826,53.289051],[-6.358276,53.288998],[-6.358315,53.289002],[-6.358386,53.288826],[-6.358369,53.288825],[-6.358372,53.288702],[-6.35842,53.288682],[-6.358487,53.288557],[-6.358565,53.288365],[-6.35857,53.288336],[-6.358556,53.288304],[-6.358442,53.288247],[-6.358183,53.288239],[-6.35788,53.288234],[-6.357882,53.288102],[-6.357892,53.288034],[-6.357685,53.287746],[-6.357987,53.287686],[-6.358002,53.287704],[-6.358497,53.287618],[-6.358559,53.287607],[-6.359121,53.287508],[-6.359295,53.287837],[-6.359308,53.287835],[-6.35933,53.287891],[-6.359718,53.287832],[-6.359791,53.287824],[-6.359801,53.287844],[-6.359818,53.287879],[-6.360206,53.287832],[-6.360475,53.287795],[-6.360569,53.287769],[-6.36104,53.287711],[-6.361098,53.287704],[-6.361061,53.287627],[-6.361563,53.287503],[-6.361609,53.287481],[-6.361613,53.287461],[-6.361751,53.287434],[-6.361852,53.287417],[-6.361822,53.287327],[-6.362084,53.287295],[-6.362257,53.287273],[-6.36229,53.287404],[-6.362313,53.287517],[-6.362562,53.287473],[-6.362655,53.287457],[-6.36273,53.287582],[-6.362796,53.287688],[-6.362801,53.287698],[-6.362834,53.28769],[-6.362895,53.28778],[-6.36302,53.288004],[-6.363548,53.287899],[-6.363715,53.288159],[-6.36316,53.288276],[-6.363106,53.28828],[-6.363088,53.288299],[-6.363069,53.288316],[-6.363412,53.288572],[-6.363561,53.288522],[-6.363886,53.288455],[-6.364572,53.288323],[-6.364638,53.28831],[-6.364754,53.288303],[-6.365146,53.288395],[-6.365292,53.288452],[-6.365525,53.288627],[-6.36565,53.288738],[-6.365781,53.289024],[-6.366001,53.289156],[-6.366075,53.2894],[-6.365039,53.289516],[-6.364805,53.289483],[-6.36456,53.289387],[-6.363985,53.289505],[-6.36366,53.289537],[-6.363579,53.289546]]]},"properties":{"aca_name":"Tallaght Village","council":"south-dublin","council_label":"South Dublin County Council","ref":"ACA012","designation":"Architectural Conservation Area"}},{"type":"Feature","geometry":{"type":"Polygon","coordinates":[[[-6.497354,53.299717],[-6.497385,53.299717],[-6.497675,53.299715],[-6.497954,53.29972],[-6.498261,53.299714],[-6.49836,53.299713],[-6.498593,53.299716],[-6.498719,53.299725],[-6.498819,53.299739],[-6.498841,53.29974],[-6.498862,53.299741],[-6.498849,53.299627],[-6.498838,53.29956],[-6.498809,53.299383],[-6.498806,53.299277],[-6.49879,53.299252],[-6.498784,53.299158],[-6.498772,53.299062],[-6.498765,53.299012],[-6.498753,53.29898],[-6.498731,53.298953],[-6.498705,53.29894],[-6.498676,53.298921],[-6.498704,53.298826],[-6.498734,53.298732],[-6.498817,53.298501],[-6.498946,53.29821],[-6.49897,53.298164],[-6.499163,53.297883],[-6.499239,53.297694],[-6.499323,53.29752],[-6.499358,53.297475],[-6.499377,53.297466],[-6.499463,53.29747],[-6.499584,53.297434],[-6.499747,53.297384],[-6.499792,53.297366],[-6.499812,53.29733],[-6.499837,53.29726],[-6.499862,53.29721],[-6.499931,53.29707],[-6.500005,53.296906],[-6.500074,53.296791],[-6.500107,53.296751],[-6.500208,53.29664],[-6.500292,53.296521],[-6.500381,53.296401],[-6.500449,53.29638],[-6.500535,53.296374],[-6.500628,53.296373],[-6.500712,53.296376],[-6.500752,53.296381],[-6.50079,53.296386],[-6.500926,53.29641],[-6.500968,53.296411],[-6.501146,53.296417],[-6.501262,53.296431],[-6.501422,53.296454],[-6.501575,53.296465],[-6.501706,53.296463],[-6.501722,53.296463],[-6.501773,53.29646],[-6.501846,53.296464],[-6.501921,53.296485],[-6.50205,53.296455],[-6.502106,53.296451],[-6.502264,53.296473],[-6.502361,53.296449],[-6.502468,53.296454],[-6.502629,53.296438],[-6.502752,53.296424],[-6.502764,53.296423],[-6.502773,53.296422],[-6.502804,53.296418],[-6.502905,53.296434],[-6.503122,53.29642],[-6.503317,53.296431],[-6.503531,53.296424],[-6.503721,53.296399],[-6.503827,53.296392],[-6.503869,53.296426],[-6.503858,53.296497],[-6.503792,53.296798],[-6.503751,53.296992],[-6.503725,53.29718],[-6.503715,53.297263],[-6.504161,53.297269],[-6.504491,53.297272],[-6.504829,53.297281],[-6.505161,53.297285],[-6.505658,53.297299],[-6.50589,53.297301],[-6.505985,53.297332],[-6.506035,53.297352],[-6.506079,53.297364],[-6.50613,53.297372],[-6.50618,53.297386],[-6.506219,53.297409],[-6.506313,53.297433],[-6.506469,53.297496],[-6.506787,53.297611],[-6.506937,53.297661],[-6.507142,53.297737],[-6.507161,53.297719],[-6.507184,53.29772],[-6.507421,53.297756],[-6.507573,53.297784],[-6.507572,53.297798],[-6.507633,53.297808],[-6.507645,53.297803],[-6.507827,53.297855],[-6.507887,53.297873],[-6.507904,53.297872],[-6.507855,53.29792],[-6.507639,53.298173],[-6.507469,53.298362],[-6.50735,53.298509],[-6.507207,53.298687],[-6.507189,53.298715],[-6.507186,53.29872],[-6.507171,53.29875],[-6.507141,53.298787],[-6.507089,53.29892],[-6.507084,53.299026],[-6.507187,53.299126],[-6.507183,53.299136],[-6.507338,53.299173],[-6.507744,53.299279],[-6.507569,53.299477],[-6.50756,53.299605],[-6.507527,53.299635],[-6.507586,53.299674],[-6.507676,53.299627],[-6.507678,53.299686],[-6.507721,53.299716],[-6.50783,53.299796],[-6.507868,53.299827],[-6.507931,53.299884],[-6.507852,53.299897],[-6.507777,53.299922],[-6.507638,53.300005],[-6.507479,53.300107],[-6.507364,53.300175],[-6.507274,53.300227],[-6.507164,53.300335],[-6.507048,53.300427],[-6.506967,53.300526],[-6.506932,53.300581],[-6.506892,53.300644],[-6.506869,53.300687],[-6.506856,53.300703],[-6.507181,53.300932],[-6.507313,53.301025],[-6.506671,53.301089],[-6.505834,53.301146],[-6.505829,53.30114],[-6.505608,53.301167],[-6.505574,53.301172],[-6.505487,53.301183],[-6.505431,53.30119],[-6.505519,53.301938],[-6.505232,53.301954],[-6.505136,53.301959],[-6.505129,53.302021],[-6.505109,53.302034],[-6.505081,53.302052],[-6.505044,53.302083],[-6.504679,53.302056],[-6.504459,53.302052],[-6.503885,53.30204],[-6.50383,53.302041],[-6.503696,53.302043],[-6.503695,53.302022],[-6.503723,53.301984],[-6.503743,53.301951],[-6.50374,53.301924],[-6.503734,53.301899],[-6.503734,53.301896],[-6.503683,53.301792],[-6.50368,53.301786],[-6.503625,53.30171],[-6.503503,53.301543],[-6.503473,53.301503],[-6.503462,53.301488],[-6.50335,53.301329],[-6.503336,53.30131],[-6.503333,53.301306],[-6.503316,53.301285],[-6.503289,53.301274],[-6.503268,53.301265],[-6.503227,53.301254],[-6.503176,53.301241],[-6.503066,53.30121],[-6.502986,53.301189],[-6.502851,53.30114],[-6.502844,53.301023],[-6.502843,53.300857],[-6.502847,53.300817],[-6.502732,53.300812],[-6.502669,53.30081],[-6.502604,53.300807],[-6.502498,53.300804],[-6.502394,53.3008],[-6.502309,53.300797],[-6.502264,53.300795],[-6.502222,53.300793],[-6.502133,53.30079],[-6.502123,53.30079],[-6.502041,53.300787],[-6.50203,53.300787],[-6.501925,53.300782],[-6.501861,53.300779],[-6.501801,53.300777],[-6.501639,53.300769],[-6.501648,53.300722],[-6.501661,53.300659],[-6.501672,53.300601],[-6.501692,53.300404],[-6.501701,53.300359],[-6.50171,53.300285],[-6.501717,53.300228],[-6.50172,53.300211],[-6.501729,53.300161],[-6.501731,53.300141],[-6.501733,53.300097],[-6.501734,53.300082],[-6.501736,53.300013],[-6.501741,53.299918],[-6.501595,53.29991],[-6.501522,53.299913],[-6.501377,53.299909],[-6.501104,53.299899],[-6.500944,53.299894],[-6.500938,53.299892],[-6.500847,53.299876],[-6.500823,53.299872],[-6.500771,53.299866],[-6.500717,53.299861],[-6.500596,53.299848],[-6.500489,53.299839],[-6.500357,53.299827],[-6.500267,53.299821],[-6.500218,53.300047],[-6.500198,53.300137],[-6.500176,53.300232],[-6.500165,53.300279],[-6.500133,53.300437],[-6.500083,53.300673],[-6.500031,53.300978],[-6.499952,53.301331],[-6.499924,53.301439],[-6.499913,53.301541],[-6.499912,53.301547],[-6.499763,53.301554],[-6.499627,53.30156],[-6.499394,53.301578],[-6.499134,53.301571],[-6.498864,53.301575],[-6.498761,53.301573],[-6.498712,53.301572],[-6.498586,53.301574],[-6.498358,53.301585],[-6.498181,53.301593],[-6.498114,53.301596],[-6.498069,53.301763],[-6.497825,53.3018],[-6.497695,53.301813],[-6.497568,53.301826],[-6.497386,53.301845],[-6.497376,53.301846],[-6.497277,53.301856],[-6.497163,53.301865],[-6.497077,53.301853],[-6.497072,53.301859],[-6.496909,53.301803],[-6.496537,53.301686],[-6.496644,53.301475],[-6.496746,53.301288],[-6.49689,53.300968],[-6.497041,53.300591],[-6.497191,53.300191],[-6.497268,53.299981],[-6.497298,53.299901],[-6.497309,53.29987],[-6.497341,53.299782],[-6.497349,53.299732],[-6.497354,53.299717]]]},"properties":{"aca_name":"Newcastle Village","council":"south-dublin","council_label":"South Dublin County Council","ref":"ACA002","designation":"Architectural Conservation Area"}},{"type":"Feature","geometry":{"type":"MultiPolygon","coordinates":[[[[-6.472896,53.281791],[-6.472791,53.281792],[-6.472216,53.281797],[-6.471748,53.281816],[-6.471751,53.281832],[-6.471572,53.281839],[-6.471515,53.281366],[-6.471328,53.28136],[-6.471301,53.281359],[-6.471234,53.281362],[-6.471067,53.281369],[-6.470805,53.281379],[-6.470783,53.28138],[-6.47078,53.281348],[-6.470255,53.281363],[-6.470103,53.281367],[-6.470138,53.281532],[-6.469972,53.281547],[-6.469986,53.281667],[-6.470016,53.281798],[-6.47005,53.28194],[-6.46991,53.281948],[-6.469881,53.281788],[-6.469869,53.281717],[-6.469857,53.281652],[-6.469839,53.281547],[-6.469684,53.281553],[-6.469632,53.28151],[-6.46961,53.281482],[-6.469602,53.281445],[-6.469593,53.281396],[-6.469562,53.281398],[-6.469462,53.281404],[-6.469506,53.281607],[-6.469449,53.28161],[-6.46937,53.281615],[-6.469294,53.281623],[-6.469293,53.28162],[-6.469217,53.281625],[-6.469088,53.281634],[-6.469039,53.281637],[-6.469081,53.281789],[-6.468685,53.281813],[-6.46873,53.282002],[-6.468765,53.282158],[-6.468802,53.282327],[-6.468842,53.282528],[-6.468924,53.282948],[-6.468924,53.282956],[-6.46881,53.282968],[-6.46867,53.282984],[-6.46867,53.282988],[-6.468646,53.282993],[-6.468645,53.282987],[-6.468469,53.282075],[-6.468498,53.282074],[-6.46844,53.281858],[-6.46807,53.281898],[-6.468086,53.281986],[-6.467026,53.282142],[-6.466931,53.281936],[-6.466258,53.282024],[-6.466223,53.282029],[-6.466232,53.282091],[-6.466236,53.282113],[-6.466242,53.282149],[-6.466227,53.282223],[-6.466239,53.282427],[-6.466219,53.282427],[-6.466224,53.282665],[-6.466261,53.283347],[-6.466261,53.283402],[-6.466038,53.283378],[-6.465911,53.283357],[-6.465827,53.282966],[-6.465786,53.2828],[-6.465738,53.28261],[-6.465719,53.282541],[-6.465634,53.282278],[-6.465348,53.282321],[-6.465251,53.282308],[-6.465188,53.282312],[-6.465121,53.282321],[-6.465054,53.282337],[-6.465064,53.282352],[-6.464866,53.282407],[-6.464962,53.282536],[-6.464837,53.28257],[-6.464728,53.282456],[-6.464418,53.282532],[-6.464381,53.282514],[-6.464252,53.282488],[-6.464106,53.282534],[-6.463981,53.282397],[-6.463761,53.282494],[-6.463212,53.282744],[-6.463089,53.282621],[-6.462827,53.282358],[-6.462921,53.282315],[-6.463045,53.282259],[-6.463313,53.282138],[-6.463631,53.281992],[-6.463555,53.281909],[-6.463477,53.281819],[-6.463464,53.281758],[-6.463433,53.281723],[-6.463375,53.281645],[-6.463316,53.281568],[-6.463256,53.2815],[-6.463164,53.281428],[-6.463109,53.281363],[-6.463048,53.281277],[-6.463016,53.281263],[-6.462945,53.281152],[-6.463071,53.281116],[-6.463149,53.281081],[-6.463206,53.281045],[-6.46327,53.280998],[-6.463377,53.280915],[-6.463446,53.280861],[-6.46354,53.280788],[-6.463641,53.280708],[-6.463868,53.280995],[-6.463928,53.281066],[-6.463977,53.281139],[-6.464023,53.281213],[-6.464123,53.281341],[-6.464553,53.281253],[-6.464659,53.281399],[-6.464798,53.281413],[-6.464917,53.281426],[-6.465068,53.281416],[-6.465214,53.281407],[-6.465349,53.281397],[-6.465481,53.281388],[-6.46562,53.28138],[-6.465796,53.281368],[-6.465781,53.281328],[-6.465874,53.281299],[-6.466055,53.281282],[-6.465949,53.280771],[-6.466046,53.280763],[-6.466185,53.280745],[-6.46634,53.280725],[-6.466447,53.280712],[-6.466425,53.280607],[-6.466408,53.280526],[-6.466409,53.280441],[-6.466505,53.280437],[-6.466622,53.280432],[-6.46664,53.280496],[-6.466619,53.280499],[-6.466633,53.28058],[-6.466657,53.280659],[-6.466665,53.280739],[-6.466688,53.280819],[-6.466717,53.280899],[-6.466731,53.281018],[-6.466781,53.281089],[-6.467084,53.281059],[-6.467151,53.281045],[-6.467212,53.281039],[-6.467413,53.280997],[-6.467776,53.280922],[-6.46781,53.280914],[-6.46779,53.280855],[-6.467833,53.280835],[-6.468281,53.280753],[-6.468212,53.280533],[-6.468365,53.280512],[-6.46846,53.280501],[-6.46865,53.28048],[-6.468703,53.280478],[-6.468816,53.280466],[-6.468897,53.280714],[-6.469327,53.280687],[-6.469309,53.28059],[-6.469306,53.280576],[-6.469685,53.280548],[-6.469691,53.28076],[-6.469731,53.280772],[-6.469947,53.280757],[-6.47032,53.280729],[-6.47047,53.280716],[-6.47081,53.280686],[-6.470891,53.280697],[-6.470938,53.280912],[-6.471101,53.280893],[-6.47124,53.280878],[-6.471289,53.280878],[-6.471342,53.280845],[-6.471343,53.280828],[-6.471345,53.280817],[-6.471347,53.280809],[-6.471331,53.280773],[-6.471314,53.280723],[-6.471436,53.280701],[-6.471536,53.28069],[-6.47153,53.280667],[-6.471529,53.280593],[-6.471529,53.280587],[-6.471644,53.280583],[-6.471839,53.280576],[-6.471872,53.280575],[-6.471916,53.280573],[-6.472046,53.280542],[-6.472087,53.28054],[-6.472235,53.280534],[-6.472327,53.28053],[-6.472314,53.280532],[-6.472292,53.280545],[-6.472289,53.280563],[-6.472313,53.280688],[-6.47232,53.280738],[-6.472565,53.280731],[-6.472692,53.280727],[-6.472719,53.280726],[-6.472792,53.280724],[-6.472902,53.280721],[-6.473011,53.280718],[-6.473189,53.280713],[-6.473184,53.280666],[-6.473232,53.280666],[-6.47328,53.280677],[-6.473469,53.280722],[-6.473482,53.280725],[-6.473613,53.280753],[-6.47371,53.280772],[-6.473759,53.280782],[-6.473807,53.280793],[-6.473915,53.280816],[-6.474158,53.280875],[-6.474162,53.280883],[-6.474326,53.280855],[-6.474323,53.280846],[-6.474357,53.280838],[-6.474436,53.280818],[-6.474577,53.280787],[-6.474618,53.280777],[-6.474671,53.280765],[-6.474854,53.280728],[-6.474939,53.280694],[-6.474966,53.280683],[-6.474998,53.280668],[-6.474983,53.280636],[-6.474981,53.280631],[-6.475006,53.280628],[-6.475049,53.280623],[-6.475373,53.280585],[-6.475676,53.280552],[-6.47568,53.280562],[-6.475994,53.280513],[-6.475989,53.280505],[-6.476037,53.2805],[-6.476225,53.280482],[-6.476297,53.280475],[-6.476542,53.280446],[-6.476561,53.280441],[-6.476574,53.280457],[-6.476611,53.280501],[-6.476633,53.280519],[-6.476742,53.280613],[-6.476867,53.280756],[-6.476906,53.280801],[-6.477075,53.280996],[-6.477089,53.281012],[-6.477093,53.281017],[-6.477116,53.281043],[-6.47724,53.281004],[-6.477236,53.280999],[-6.47735,53.280961],[-6.477386,53.28095],[-6.477474,53.280922],[-6.477593,53.28088],[-6.477718,53.280839],[-6.477916,53.280771],[-6.477921,53.280777],[-6.477939,53.280799],[-6.478007,53.280876],[-6.478108,53.280981],[-6.478181,53.281063],[-6.47822,53.281104],[-6.478226,53.281111],[-6.478223,53.281112],[-6.478253,53.28115],[-6.47804,53.281198],[-6.477255,53.281346],[-6.477251,53.281341],[-6.477247,53.281333],[-6.4771,53.281364],[-6.476874,53.281393],[-6.476108,53.281554],[-6.476033,53.28157],[-6.475999,53.281577],[-6.475957,53.281585],[-6.475935,53.281589],[-6.475886,53.281588],[-6.475815,53.281604],[-6.47566,53.281639],[-6.475452,53.281687],[-6.475243,53.281735],[-6.475224,53.281678],[-6.475206,53.281627],[-6.475201,53.281609],[-6.475138,53.281426],[-6.47514,53.281417],[-6.475133,53.281418],[-6.475031,53.281423],[-6.474634,53.28145],[-6.47451,53.281459],[-6.474404,53.281466],[-6.474402,53.281464],[-6.474397,53.281455],[-6.474364,53.281387],[-6.474334,53.281311],[-6.474333,53.281303],[-6.474316,53.281261],[-6.474291,53.281207],[-6.474174,53.281213],[-6.474065,53.281218],[-6.474023,53.281221],[-6.474004,53.281226],[-6.473988,53.28123],[-6.4739,53.281232],[-6.473682,53.281237],[-6.473619,53.281238],[-6.473604,53.281234],[-6.47359,53.281232],[-6.473566,53.281231],[-6.473521,53.281233],[-6.473494,53.281233],[-6.473466,53.281235],[-6.47333,53.281241],[-6.473209,53.281245],[-6.473083,53.281249],[-6.472977,53.281255],[-6.472934,53.281256],[-6.472916,53.281259],[-6.472892,53.281264],[-6.472869,53.281273],[-6.472849,53.281282],[-6.472832,53.281288],[-6.472802,53.281291],[-6.472714,53.281298],[-6.47269,53.2813],[-6.472693,53.281307],[-6.472702,53.281326],[-6.472695,53.281348],[-6.472736,53.281431],[-6.472801,53.281576],[-6.472866,53.281725],[-6.472896,53.281791]]],[[[-6.472898,53.281794],[-6.472896,53.281791],[-6.472905,53.281791],[-6.472898,53.281794]]]]},"properties":{"aca_name":"Rathcoole Village","council":"south-dublin","council_label":"South Dublin County Council","ref":"ACA001","designation":"Architectural Conservation Area"}},{"type":"Feature","geometry":{"type":"Polygon","coordinates":[[[-6.302548,53.297482],[-6.302536,53.29749],[-6.302475,53.29743],[-6.302443,53.297396],[-6.30234,53.297431],[-6.302133,53.297502],[-6.302052,53.297528],[-6.301967,53.297556],[-6.301952,53.297557],[-6.30186,53.297533],[-6.301648,53.297595],[-6.301621,53.297555],[-6.301342,53.297644],[-6.301325,53.2976],[-6.301303,53.297599],[-6.300951,53.297655],[-6.300914,53.297604],[-6.300888,53.297573],[-6.300875,53.297558],[-6.300838,53.297523],[-6.300812,53.297496],[-6.300739,53.297424],[-6.300705,53.297391],[-6.300666,53.297352],[-6.300637,53.297323],[-6.300594,53.297284],[-6.300559,53.297253],[-6.300525,53.297221],[-6.300512,53.297209],[-6.300485,53.297184],[-6.300441,53.297144],[-6.300386,53.297094],[-6.300371,53.297079],[-6.30029,53.296998],[-6.300267,53.296975],[-6.300189,53.296899],[-6.300172,53.296873],[-6.300107,53.296773],[-6.300018,53.296659],[-6.300064,53.296647],[-6.300259,53.296598],[-6.30029,53.296592],[-6.300445,53.296572],[-6.300609,53.296571],[-6.300724,53.296562],[-6.300878,53.29655],[-6.301081,53.296535],[-6.301205,53.296525],[-6.301368,53.296523],[-6.301467,53.29652],[-6.301495,53.296519],[-6.301565,53.296507],[-6.301754,53.296469],[-6.301936,53.296433],[-6.302058,53.296409],[-6.302115,53.296402],[-6.302206,53.296401],[-6.302343,53.296417],[-6.302421,53.296439],[-6.302483,53.296456],[-6.302555,53.29648],[-6.30262,53.296504],[-6.302695,53.296534],[-6.302751,53.296558],[-6.302798,53.296583],[-6.302822,53.296597],[-6.302847,53.296617],[-6.302863,53.296635],[-6.302902,53.296696],[-6.302926,53.29674],[-6.303004,53.29683],[-6.303077,53.296914],[-6.303096,53.29693],[-6.303202,53.297044],[-6.303215,53.297056],[-6.303148,53.297086],[-6.303068,53.297119],[-6.303018,53.297143],[-6.302965,53.297166],[-6.302946,53.297174],[-6.302889,53.2972],[-6.302834,53.297225],[-6.302775,53.297251],[-6.30271,53.29728],[-6.302641,53.297311],[-6.302735,53.297418],[-6.302711,53.297426],[-6.302548,53.297482]]]},"properties":{"aca_name":"Riverside Cottages, Templeogue","council":"south-dublin","council_label":"South Dublin County Council","ref":"ACA003","designation":"Architectural Conservation Area"}},{"type":"Feature","geometry":{"type":"Polygon","coordinates":[[[-6.283084,53.291805],[-6.282905,53.291781],[-6.282806,53.291766],[-6.282752,53.291757],[-6.282684,53.291747],[-6.282584,53.291733],[-6.282503,53.291724],[-6.282446,53.291717],[-6.282469,53.291605],[-6.282488,53.291508],[-6.282493,53.291479],[-6.282514,53.291383],[-6.282533,53.291293],[-6.282539,53.291254],[-6.282558,53.291159],[-6.282569,53.291104],[-6.282572,53.291085],[-6.282583,53.291008],[-6.282586,53.29099],[-6.282597,53.290932],[-6.282615,53.29084],[-6.282621,53.290812],[-6.282643,53.290709],[-6.282663,53.290607],[-6.282669,53.290579],[-6.282687,53.290488],[-6.282703,53.290402],[-6.282715,53.290343],[-6.28273,53.290265],[-6.282753,53.290145],[-6.282783,53.290146],[-6.282842,53.290151],[-6.28298,53.290163],[-6.283005,53.290165],[-6.283132,53.290175],[-6.283186,53.290179],[-6.283259,53.290184],[-6.283389,53.290194],[-6.28352,53.290204],[-6.28365,53.290215],[-6.283774,53.290224],[-6.2839,53.290234],[-6.284026,53.290243],[-6.284154,53.290254],[-6.284265,53.290262],[-6.28428,53.290263],[-6.284318,53.290266],[-6.284405,53.290271],[-6.284515,53.290279],[-6.284536,53.290281],[-6.284623,53.290287],[-6.284663,53.290291],[-6.28471,53.290296],[-6.284794,53.290303],[-6.284919,53.290313],[-6.285042,53.290323],[-6.28517,53.290334],[-6.285227,53.290338],[-6.285309,53.290345],[-6.285439,53.290356],[-6.285567,53.290367],[-6.285697,53.290375],[-6.285829,53.290384],[-6.285953,53.290392],[-6.286107,53.290402],[-6.286477,53.290427],[-6.286486,53.290444],[-6.28651,53.290492],[-6.286534,53.29054],[-6.286545,53.29056],[-6.286561,53.290566],[-6.286648,53.290593],[-6.286692,53.290608],[-6.286698,53.290658],[-6.2867,53.290668],[-6.286705,53.290685],[-6.28671,53.2907],[-6.286713,53.290715],[-6.286719,53.290726],[-6.286728,53.29073],[-6.28674,53.290738],[-6.286755,53.290747],[-6.286764,53.290758],[-6.286769,53.290772],[-6.28678,53.290792],[-6.286818,53.290925],[-6.286948,53.291356],[-6.286982,53.291448],[-6.286886,53.291462],[-6.286871,53.291464],[-6.286785,53.291477],[-6.286786,53.291486],[-6.286779,53.291487],[-6.286751,53.291487],[-6.286666,53.29148],[-6.286555,53.291471],[-6.28654,53.291497],[-6.286412,53.291488],[-6.286392,53.291425],[-6.286378,53.291421],[-6.286356,53.291415],[-6.286277,53.291391],[-6.286273,53.29139],[-6.286216,53.291491],[-6.286186,53.291546],[-6.286155,53.2916],[-6.286131,53.291645],[-6.286113,53.291677],[-6.286099,53.291712],[-6.286088,53.291741],[-6.286083,53.291754],[-6.286058,53.291813],[-6.285999,53.291954],[-6.285962,53.292043],[-6.285904,53.292179],[-6.285851,53.292172],[-6.28577,53.292161],[-6.285685,53.29215],[-6.285583,53.292136],[-6.285503,53.292125],[-6.285484,53.292122],[-6.285398,53.292111],[-6.285317,53.2921],[-6.285232,53.292089],[-6.285157,53.292079],[-6.285145,53.292078],[-6.285042,53.292064],[-6.284947,53.292051],[-6.284858,53.29204],[-6.284778,53.292028],[-6.284697,53.292018],[-6.284592,53.292003],[-6.284541,53.291995],[-6.284499,53.29199],[-6.284461,53.291984],[-6.284383,53.291973],[-6.284307,53.291962],[-6.284205,53.291948],[-6.284075,53.29193],[-6.284061,53.29193],[-6.284047,53.291928],[-6.284026,53.291925],[-6.28397,53.291919],[-6.283855,53.291909],[-6.283759,53.291901],[-6.28374,53.2919],[-6.283726,53.291898],[-6.283709,53.291895],[-6.283675,53.29189],[-6.283589,53.291878],[-6.283507,53.291866],[-6.283424,53.291853],[-6.283338,53.291842],[-6.283255,53.291831],[-6.283177,53.291819],[-6.283084,53.291805]]]},"properties":{"aca_name":"Saint Patrick\u2019s Cottages, Grange Road, Rathfarnham","council":"south-dublin","council_label":"South Dublin County Council","ref":"ACA004","designation":"Architectural Conservation Area"}},{"type":"Feature","geometry":{"type":"Polygon","coordinates":[[[-6.284335,53.278065],[-6.284486,53.278072],[-6.284494,53.278069],[-6.284497,53.278068],[-6.284502,53.278067],[-6.284507,53.278065],[-6.284514,53.278063],[-6.284518,53.278062],[-6.284522,53.278061],[-6.284526,53.27806],[-6.28453,53.27806],[-6.284534,53.278059],[-6.28454,53.278058],[-6.284545,53.278057],[-6.28455,53.278056],[-6.284553,53.278055],[-6.284558,53.278055],[-6.284562,53.278054],[-6.284567,53.278054],[-6.284572,53.278053],[-6.284578,53.278053],[-6.284583,53.278053],[-6.284588,53.278053],[-6.284594,53.278053],[-6.284599,53.278053],[-6.284603,53.278053],[-6.284609,53.278053],[-6.284614,53.278054],[-6.284619,53.278054],[-6.284625,53.278055],[-6.28463,53.278055],[-6.284635,53.278056],[-6.284641,53.278057],[-6.284646,53.278057],[-6.284795,53.278076],[-6.284917,53.278091],[-6.285052,53.278104],[-6.28518,53.278115],[-6.285337,53.278123],[-6.285416,53.278127],[-6.285542,53.278129],[-6.285582,53.27813],[-6.285586,53.27817],[-6.285588,53.278186],[-6.285591,53.278219],[-6.285629,53.278247],[-6.285653,53.278265],[-6.285677,53.278282],[-6.28565,53.278342],[-6.28563,53.278384],[-6.285556,53.27848],[-6.285511,53.278537],[-6.285454,53.27861],[-6.285412,53.278663],[-6.285404,53.278673],[-6.285369,53.278718],[-6.285282,53.278829],[-6.285266,53.278862],[-6.285261,53.278871],[-6.28525,53.278893],[-6.285247,53.278923],[-6.285246,53.278926],[-6.285243,53.278959],[-6.285243,53.278964],[-6.285327,53.278993],[-6.285341,53.278998],[-6.285487,53.279049],[-6.285645,53.279099],[-6.285612,53.279157],[-6.285674,53.279181],[-6.285747,53.27921],[-6.285729,53.279275],[-6.285811,53.279282],[-6.285834,53.279289],[-6.285854,53.279303],[-6.285897,53.279283],[-6.285997,53.279279],[-6.286028,53.279306],[-6.286037,53.279313],[-6.286055,53.279328],[-6.286074,53.279367],[-6.286072,53.279367],[-6.286106,53.279437],[-6.286064,53.279438],[-6.286066,53.279441],[-6.286073,53.279452],[-6.286088,53.279475],[-6.286109,53.279506],[-6.286122,53.279525],[-6.286146,53.279561],[-6.286174,53.279593],[-6.286254,53.279676],[-6.286152,53.279686],[-6.286118,53.279689],[-6.285671,53.279732],[-6.285673,53.279754],[-6.285676,53.279784],[-6.28568,53.279826],[-6.285683,53.27986],[-6.285684,53.279873],[-6.285696,53.280019],[-6.285699,53.280053],[-6.285704,53.280106],[-6.285708,53.280157],[-6.285715,53.280235],[-6.285716,53.280244],[-6.285719,53.280275],[-6.285722,53.280301],[-6.285727,53.280345],[-6.285736,53.280434],[-6.28574,53.280466],[-6.285749,53.280569],[-6.285751,53.280586],[-6.285761,53.280693],[-6.285763,53.280713],[-6.285764,53.280723],[-6.285771,53.280784],[-6.28578,53.280864],[-6.285787,53.280926],[-6.285791,53.280965],[-6.285801,53.281058],[-6.285802,53.281065],[-6.285811,53.281151],[-6.285816,53.2812],[-6.285823,53.281267],[-6.285829,53.281335],[-6.285851,53.281526],[-6.285579,53.281559],[-6.285458,53.281573],[-6.285114,53.281614],[-6.284926,53.281635],[-6.284901,53.281637],[-6.284897,53.281637],[-6.284893,53.281638],[-6.284889,53.281638],[-6.284885,53.281639],[-6.284881,53.281639],[-6.284877,53.281639],[-6.284873,53.281639],[-6.284869,53.28164],[-6.284865,53.28164],[-6.284861,53.28164],[-6.284856,53.28164],[-6.284852,53.281641],[-6.284847,53.281641],[-6.284843,53.281641],[-6.284839,53.281641],[-6.284835,53.281641],[-6.284831,53.281641],[-6.284827,53.281641],[-6.284823,53.281641],[-6.284819,53.281641],[-6.284814,53.281641],[-6.28481,53.281641],[-6.284806,53.281641],[-6.284801,53.281641],[-6.284796,53.281641],[-6.284791,53.281641],[-6.284786,53.281641],[-6.284781,53.281641],[-6.284777,53.281641],[-6.284772,53.28164],[-6.284766,53.28164],[-6.284554,53.281633],[-6.284398,53.281627],[-6.284393,53.28162],[-6.284393,53.281619],[-6.284392,53.281618],[-6.284391,53.281618],[-6.284389,53.281617],[-6.284387,53.281616],[-6.284386,53.281616],[-6.284384,53.281616],[-6.284382,53.281616],[-6.28438,53.281616],[-6.284378,53.281616],[-6.284377,53.281617],[-6.284375,53.281617],[-6.284374,53.281618],[-6.284363,53.281626],[-6.284195,53.28162],[-6.284102,53.281616],[-6.284047,53.281615],[-6.284101,53.281586],[-6.284175,53.281547],[-6.28421,53.281528],[-6.284283,53.28149],[-6.284287,53.281488],[-6.284295,53.281474],[-6.284298,53.281458],[-6.284297,53.281441],[-6.284297,53.281436],[-6.284297,53.281434],[-6.284295,53.281423],[-6.284288,53.281401],[-6.284269,53.281353],[-6.284258,53.281325],[-6.284254,53.281311],[-6.284212,53.281124],[-6.284201,53.281072],[-6.284197,53.281044],[-6.284192,53.281006],[-6.284188,53.280967],[-6.284185,53.280884],[-6.284185,53.280882],[-6.284185,53.28086],[-6.28418,53.280677],[-6.284179,53.280528],[-6.284177,53.280425],[-6.284178,53.280304],[-6.284173,53.280208],[-6.284165,53.280087],[-6.284162,53.28004],[-6.284152,53.279958],[-6.284147,53.279916],[-6.284141,53.27988],[-6.284134,53.279853],[-6.284103,53.279738],[-6.284077,53.279638],[-6.284056,53.27956],[-6.284044,53.279515],[-6.284036,53.279467],[-6.284034,53.279449],[-6.284024,53.279332],[-6.284019,53.279281],[-6.284009,53.279155],[-6.284003,53.279063],[-6.283995,53.278966],[-6.283995,53.278955],[-6.283996,53.278905],[-6.283998,53.278834],[-6.284001,53.278793],[-6.284006,53.278747],[-6.284013,53.27871],[-6.284018,53.278683],[-6.284024,53.278664],[-6.284077,53.27855],[-6.284097,53.278509],[-6.28411,53.278477],[-6.284137,53.278405],[-6.284148,53.278377],[-6.284151,53.278361],[-6.284152,53.278354],[-6.284153,53.278331],[-6.284153,53.278324],[-6.28416,53.278286],[-6.28417,53.278247],[-6.2842,53.278139],[-6.28421,53.278097],[-6.284208,53.278082],[-6.2842,53.278058],[-6.284252,53.278061],[-6.284253,53.278061],[-6.284335,53.278065]]]},"properties":{"aca_name":"Whitechurch Road and Taylor\u2019s Lane Cottages, Rathfarnham","council":"south-dublin","council_label":"South Dublin County Council","ref":"ACA005","designation":"Architectural Conservation Area"}},{"type":"Feature","geometry":{"type":"Polygon","coordinates":[[[-6.335743,53.29012],[-6.335655,53.290126],[-6.335659,53.290025],[-6.335657,53.289962],[-6.335657,53.289916],[-6.335844,53.289906],[-6.335972,53.289898],[-6.336048,53.289894],[-6.336095,53.289892],[-6.336216,53.289886],[-6.336224,53.28991],[-6.336244,53.289983],[-6.336253,53.290045],[-6.336253,53.290097],[-6.336127,53.290102],[-6.335998,53.290108],[-6.335871,53.290114],[-6.335743,53.29012]]]},"properties":{"aca_name":"Balrothery Cottages, Tallaght","council":"south-dublin","council_label":"South Dublin County Council","ref":"ACA006","designation":"Architectural Conservation Area"}},{"type":"Feature","geometry":{"type":"Polygon","coordinates":[[[-6.294005,53.28569],[-6.293943,53.285651],[-6.293868,53.285601],[-6.293946,53.285555],[-6.293975,53.285538],[-6.294005,53.285515],[-6.294029,53.28549],[-6.29406,53.285449],[-6.294075,53.285423],[-6.294086,53.285404],[-6.294088,53.285387],[-6.294085,53.285357],[-6.294077,53.285305],[-6.29412,53.285306],[-6.294111,53.285298],[-6.294119,53.285288],[-6.294126,53.285239],[-6.294167,53.285204],[-6.294188,53.285213],[-6.29422,53.285186],[-6.294228,53.285178],[-6.294185,53.28516],[-6.294246,53.285104],[-6.294274,53.285116],[-6.29437,53.285032],[-6.294289,53.285],[-6.294329,53.284961],[-6.294352,53.284953],[-6.294385,53.284906],[-6.294418,53.284869],[-6.294435,53.284855],[-6.29446,53.28484],[-6.294491,53.284827],[-6.294507,53.284833],[-6.294611,53.284795],[-6.294646,53.284786],[-6.294708,53.284769],[-6.294772,53.284751],[-6.294786,53.284747],[-6.294807,53.284743],[-6.294868,53.284737],[-6.294925,53.284741],[-6.294925,53.284741],[-6.294929,53.284742],[-6.294934,53.284742],[-6.294938,53.284743],[-6.294943,53.284744],[-6.294948,53.284745],[-6.294952,53.284746],[-6.295057,53.284761],[-6.295143,53.284777],[-6.295142,53.284778],[-6.295118,53.28481],[-6.295043,53.284902],[-6.294995,53.284956],[-6.294944,53.285013],[-6.294925,53.285034],[-6.294925,53.285034],[-6.294861,53.285104],[-6.294769,53.285194],[-6.294668,53.285281],[-6.29466,53.285288],[-6.294561,53.285367],[-6.294452,53.285448],[-6.29442,53.285471],[-6.294387,53.285496],[-6.294078,53.285726],[-6.294062,53.285719],[-6.294005,53.28569]]]},"properties":{"aca_name":"Boden Village Cottages, Ballyboden","council":"south-dublin","council_label":"South Dublin County Council","ref":"ACA007","designation":"Architectural Conservation Area"}},{"type":"Feature","geometry":{"type":"Polygon","coordinates":[[[-6.378411,53.316219],[-6.378361,53.316146],[-6.378621,53.316082],[-6.378668,53.316159],[-6.378697,53.316217],[-6.37873,53.316282],[-6.378751,53.316327],[-6.378914,53.316578],[-6.379184,53.317059],[-6.379212,53.317113],[-6.379359,53.317368],[-6.379391,53.31742],[-6.379416,53.317463],[-6.379441,53.317504],[-6.379535,53.317671],[-6.379455,53.317677],[-6.379377,53.317687],[-6.379312,53.317696],[-6.379252,53.317704],[-6.379156,53.317533],[-6.379077,53.317394],[-6.378929,53.317139],[-6.378859,53.317001],[-6.378707,53.316748],[-6.378634,53.31661],[-6.378411,53.316219]]]},"properties":{"aca_name":"Saint Bridget\u2019s Cottage","council":"south-dublin","council_label":"South Dublin County Council","ref":"ACA015","designation":"Architectural Conservation Area"}},{"type":"Feature","geometry":{"type":"Polygon","coordinates":[[[-6.395559,53.329815],[-6.395587,53.329828],[-6.395613,53.32984],[-6.395654,53.32985],[-6.395697,53.329855],[-6.395732,53.329856],[-6.39575,53.329855],[-6.395766,53.329852],[-6.395793,53.329846],[-6.395829,53.329832],[-6.395919,53.329798],[-6.396014,53.329758],[-6.396164,53.329695],[-6.396341,53.329621],[-6.396544,53.329543],[-6.396642,53.329505],[-6.396974,53.329378],[-6.397013,53.329361],[-6.397087,53.329334],[-6.397097,53.329331],[-6.397258,53.329192],[-6.39723,53.329043],[-6.397215,53.329],[-6.397214,53.328996],[-6.397202,53.328954],[-6.3972,53.328946],[-6.397189,53.328912],[-6.397186,53.328904],[-6.397134,53.328738],[-6.397199,53.328721],[-6.397298,53.3287],[-6.397409,53.328682],[-6.397564,53.328665],[-6.397655,53.328666],[-6.397797,53.328677],[-6.397932,53.328689],[-6.397865,53.328919],[-6.397861,53.328933],[-6.398161,53.328936],[-6.398228,53.328936],[-6.398189,53.32936],[-6.397457,53.329281],[-6.397502,53.32932],[-6.397273,53.329405],[-6.397345,53.329483],[-6.397353,53.32949],[-6.397319,53.329501],[-6.397245,53.329524],[-6.397232,53.329512],[-6.397132,53.3294],[-6.397094,53.329413],[-6.397083,53.329416],[-6.396236,53.329758],[-6.3961,53.329813],[-6.395883,53.329912],[-6.395768,53.329924],[-6.395723,53.329929],[-6.395716,53.329929],[-6.39564,53.329934],[-6.395369,53.329887],[-6.395224,53.329844],[-6.395012,53.329801],[-6.39504,53.329716],[-6.395069,53.329637],[-6.39535,53.329676],[-6.395333,53.329703],[-6.39532,53.329721],[-6.395314,53.329732],[-6.395431,53.329766],[-6.395474,53.329781],[-6.39552,53.329799],[-6.395522,53.3298],[-6.395559,53.329815]]]},"properties":{"aca_name":"Ballymanagin Lane","council":"south-dublin","council_label":"South Dublin County Council","ref":"ACA016","designation":"Architectural Conservation Area"}},{"type":"Feature","geometry":{"type":"Polygon","coordinates":[[[-6.369129,53.354585],[-6.369179,53.354593],[-6.369259,53.354642],[-6.369295,53.354649],[-6.369476,53.354689],[-6.369623,53.354732],[-6.369767,53.354777],[-6.369878,53.35482],[-6.369909,53.354831],[-6.369999,53.354866],[-6.370133,53.354934],[-6.37025,53.354994],[-6.370368,53.355054],[-6.370491,53.35511],[-6.370564,53.355149],[-6.370604,53.355169],[-6.370667,53.355203],[-6.370714,53.355223],[-6.370437,53.355481],[-6.370406,53.35551],[-6.370297,53.355612],[-6.370247,53.355638],[-6.370301,53.355663],[-6.370321,53.355672],[-6.370185,53.355776],[-6.370158,53.355796],[-6.37015,53.355802],[-6.370121,53.355823],[-6.370057,53.355792],[-6.369943,53.355738],[-6.369657,53.355609],[-6.369517,53.355544],[-6.369415,53.355494],[-6.369304,53.355437],[-6.369273,53.35542],[-6.36924,53.355403],[-6.36885,53.3552],[-6.368689,53.355116],[-6.368662,53.355102],[-6.368443,53.354988],[-6.368453,53.354975],[-6.36843,53.354933],[-6.368444,53.354934],[-6.368456,53.354932],[-6.368464,53.354929],[-6.368614,53.354822],[-6.36862,53.35451],[-6.369006,53.354567],[-6.369129,53.354585]]]},"properties":{"aca_name":"Red Cow Cottages","council":"south-dublin","council_label":"South Dublin County Council","ref":"ACA017","designation":"Architectural Conservation Area"}},{"type":"Feature","geometry":{"type":"Polygon","coordinates":[[[-6.360929,53.285518],[-6.360926,53.285514],[-6.360889,53.285524],[-6.360873,53.285505],[-6.360848,53.285472],[-6.360887,53.285462],[-6.360884,53.285458],[-6.360839,53.285399],[-6.360681,53.285222],[-6.360635,53.285158],[-6.360736,53.285132],[-6.360839,53.285105],[-6.360846,53.285115],[-6.360901,53.285184],[-6.360935,53.285228],[-6.360983,53.285289],[-6.361033,53.285352],[-6.361073,53.285404],[-6.361122,53.285465],[-6.361066,53.28548],[-6.361031,53.28549],[-6.361007,53.285496],[-6.361001,53.285498],[-6.360929,53.285518]]]},"properties":{"aca_name":"Saint Maelrans Terrace","council":"south-dublin","council_label":"South Dublin County Council","ref":"ACA018","designation":"Architectural Conservation Area"}},{"type":"Feature","geometry":{"type":"Polygon","coordinates":[[[-6.317078,53.306777],[-6.31709,53.306791],[-6.317113,53.306818],[-6.317119,53.306824],[-6.317133,53.30684],[-6.317178,53.306898],[-6.317214,53.306941],[-6.31727,53.307011],[-6.317331,53.307091],[-6.317391,53.307165],[-6.317437,53.307223],[-6.317534,53.307345],[-6.317543,53.307356],[-6.317734,53.307561],[-6.317746,53.307575],[-6.317674,53.307602],[-6.317689,53.307617],[-6.31783,53.307744],[-6.317847,53.307738],[-6.317855,53.307743],[-6.31789,53.307772],[-6.317921,53.30782],[-6.317787,53.307871],[-6.317623,53.307934],[-6.317515,53.307976],[-6.31752,53.307985],[-6.317484,53.308],[-6.317369,53.308049],[-6.317294,53.308081],[-6.317249,53.308098],[-6.317121,53.308152],[-6.317025,53.308191],[-6.316982,53.30821],[-6.316874,53.308255],[-6.316805,53.308283],[-6.31674,53.308308],[-6.3166,53.308363],[-6.316404,53.308438],[-6.316273,53.308486],[-6.316268,53.308481],[-6.316222,53.308427],[-6.316116,53.308308],[-6.316051,53.308234],[-6.315983,53.308155],[-6.315967,53.308134],[-6.315951,53.308113],[-6.315915,53.308067],[-6.315892,53.308031],[-6.315861,53.307985],[-6.315842,53.307957],[-6.315814,53.307922],[-6.315792,53.307897],[-6.315753,53.307853],[-6.315719,53.307816],[-6.315643,53.307736],[-6.315631,53.307739],[-6.315569,53.307654],[-6.31558,53.307649],[-6.315523,53.307563],[-6.315508,53.307542],[-6.315468,53.307498],[-6.31544,53.307468],[-6.315416,53.307444],[-6.3154,53.307429],[-6.315385,53.307413],[-6.315345,53.307358],[-6.315319,53.307321],[-6.315309,53.307309],[-6.315262,53.307258],[-6.31521,53.307203],[-6.315177,53.307167],[-6.315147,53.307135],[-6.315252,53.307107],[-6.315335,53.307087],[-6.315371,53.307078],[-6.31544,53.307061],[-6.315504,53.307047],[-6.315551,53.307037],[-6.31558,53.307032],[-6.315635,53.307029],[-6.315701,53.307027],[-6.315736,53.307028],[-6.315771,53.307033],[-6.315835,53.307045],[-6.315891,53.307057],[-6.315958,53.307069],[-6.315968,53.307069],[-6.315985,53.307065],[-6.316015,53.307059],[-6.316038,53.307053],[-6.316082,53.307041],[-6.316131,53.307027],[-6.316172,53.307012],[-6.316217,53.306993],[-6.316272,53.306966],[-6.316321,53.306939],[-6.316366,53.306912],[-6.316386,53.306899],[-6.316402,53.30689],[-6.316411,53.306887],[-6.316587,53.306851],[-6.3166,53.306857],[-6.316821,53.306825],[-6.316955,53.30679],[-6.317078,53.306777]]]},"properties":{"aca_name":"Whitehall Road Cottages","council":"south-dublin","council_label":"South Dublin County Council","ref":"ACA019","designation":"Architectural Conservation Area"}},{"type":"Feature","geometry":{"type":"Polygon","coordinates":[[[-6.3598,53.282889],[-6.35973,53.282899],[-6.359568,53.282899],[-6.359533,53.282789],[-6.359529,53.282776],[-6.359519,53.282744],[-6.359495,53.282669],[-6.359807,53.282628],[-6.35999,53.282605],[-6.360025,53.282689],[-6.360031,53.282702],[-6.360068,53.282695],[-6.360087,53.282692],[-6.360056,53.282785],[-6.360068,53.282796],[-6.360078,53.282801],[-6.360083,53.282805],[-6.360091,53.282836],[-6.360078,53.282845],[-6.359988,53.282859],[-6.3598,53.282889]]]},"properties":{"aca_name":" TJ Burns Cottages, Old Bawn Road","council":"south-dublin","council_label":"South Dublin County Council","ref":"ACA013","designation":"Architectural Conservation Area"}},{"type":"Feature","geometry":{"type":"Polygon","coordinates":[[[-6.230009,53.277903],[-6.230017,53.277933],[-6.230027,53.277973],[-6.230063,53.278114],[-6.230072,53.278153],[-6.230186,53.27814],[-6.230182,53.278121],[-6.230179,53.278104],[-6.230289,53.278092],[-6.230344,53.278086],[-6.2304,53.27808],[-6.230509,53.278069],[-6.230622,53.278058],[-6.230645,53.278056],[-6.230735,53.278047],[-6.230771,53.278043],[-6.230844,53.278036],[-6.230964,53.278024],[-6.23092,53.277849],[-6.230914,53.277819],[-6.230908,53.277789],[-6.230859,53.277757],[-6.230805,53.277706],[-6.230799,53.277701],[-6.230691,53.277724],[-6.230606,53.277738],[-6.230538,53.27775],[-6.230524,53.277752],[-6.230498,53.277749],[-6.230467,53.277744],[-6.230321,53.277758],[-6.23029,53.277761],[-6.230246,53.277765],[-6.23017,53.277773],[-6.229983,53.27779],[-6.229992,53.277831],[-6.229995,53.277841],[-6.230002,53.277873],[-6.230009,53.277903]]]},"properties":{"aca_name":"Balally Cottages, Sandyford Road, Sandyford","council":"dlr","council_label":"D\u00fan Laoghaire-Rathdown County Council","ref":"","designation":"Architectural Conservation Area"}},{"type":"Feature","geometry":{"type":"Polygon","coordinates":[[[-6.189686,53.23287],[-6.189626,53.232889],[-6.189561,53.232908],[-6.189473,53.232932],[-6.189573,53.233039],[-6.18972,53.233215],[-6.18976,53.23326],[-6.189802,53.23331],[-6.19,53.233531],[-6.190114,53.233658],[-6.190177,53.233641],[-6.190221,53.233628],[-6.190255,53.233617],[-6.190314,53.2336],[-6.19031,53.233595],[-6.19032,53.233592],[-6.190382,53.233575],[-6.190101,53.233261],[-6.190082,53.233237],[-6.190055,53.233204],[-6.189744,53.232849],[-6.189686,53.23287]]]},"properties":{"aca_name":"Moss Cottages, Enniskerry Road, Kiltiernan","council":"dlr","council_label":"D\u00fan Laoghaire-Rathdown County Council","ref":"","designation":"Architectural Conservation Area"}},{"type":"Feature","geometry":{"type":"Polygon","coordinates":[[[-6.1722,53.299263],[-6.172264,53.299166],[-6.172372,53.298999],[-6.172347,53.298993],[-6.172245,53.298971],[-6.172202,53.298961],[-6.17212,53.298945],[-6.172089,53.298938],[-6.172073,53.298934],[-6.172054,53.29893],[-6.172046,53.298929],[-6.172042,53.298928],[-6.172014,53.298922],[-6.172,53.298919],[-6.171955,53.298909],[-6.171864,53.298888],[-6.171746,53.298865],[-6.171727,53.29886],[-6.171391,53.299405],[-6.171356,53.299462],[-6.171436,53.299484],[-6.171575,53.299521],[-6.17162,53.299534],[-6.171662,53.299545],[-6.171698,53.299555],[-6.171749,53.299569],[-6.171962,53.299628],[-6.172006,53.299561],[-6.172039,53.299509],[-6.172053,53.299488],[-6.172065,53.29947],[-6.17207,53.299463],[-6.1722,53.299263]]]},"properties":{"aca_name":"Newtown Villas, Blackrock","council":"dlr","council_label":"D\u00fan Laoghaire-Rathdown County Council","ref":"","designation":"Architectural Conservation Area"}},{"type":"Feature","geometry":{"type":"Polygon","coordinates":[[[-6.127563,53.290139],[-6.127563,53.290156],[-6.127565,53.290165],[-6.127572,53.290176],[-6.127582,53.290186],[-6.127599,53.290207],[-6.127626,53.290235],[-6.127674,53.290281],[-6.127772,53.290372],[-6.127927,53.290517],[-6.128147,53.290719],[-6.12834,53.290899],[-6.128379,53.290937],[-6.128437,53.290992],[-6.128534,53.290989],[-6.128555,53.290958],[-6.12862,53.290864],[-6.128701,53.29074],[-6.128784,53.290613],[-6.128889,53.290455],[-6.128996,53.290294],[-6.129087,53.290158],[-6.129222,53.28996],[-6.129225,53.289956],[-6.129239,53.289937],[-6.129252,53.289918],[-6.129276,53.289885],[-6.129344,53.289782],[-6.12945,53.289624],[-6.129472,53.289506],[-6.129474,53.289494],[-6.129474,53.28949],[-6.129464,53.289485],[-6.129296,53.289412],[-6.129184,53.289363],[-6.129129,53.28934],[-6.129052,53.289306],[-6.128954,53.289262],[-6.128819,53.2892],[-6.12879,53.289188],[-6.128763,53.289175],[-6.128668,53.289133],[-6.128605,53.289168],[-6.128593,53.289175],[-6.128512,53.2892],[-6.128414,53.289282],[-6.128365,53.28932],[-6.128345,53.289352],[-6.128203,53.289471],[-6.128191,53.289479],[-6.128165,53.2895],[-6.128155,53.289508],[-6.128153,53.289507],[-6.128136,53.289523],[-6.1281,53.289559],[-6.1281,53.289559],[-6.128099,53.289559],[-6.12795,53.289496],[-6.127955,53.289491],[-6.127865,53.289452],[-6.127827,53.289436],[-6.127814,53.289431],[-6.127783,53.289459],[-6.12774,53.289498],[-6.127721,53.289515],[-6.127699,53.289534],[-6.127641,53.289586],[-6.127609,53.289615],[-6.12732,53.289871],[-6.127339,53.289901],[-6.127359,53.289935],[-6.127371,53.289955],[-6.127385,53.289972],[-6.127401,53.289989],[-6.127414,53.290005],[-6.127431,53.290026],[-6.127447,53.290046],[-6.127495,53.290107],[-6.127502,53.290113],[-6.127508,53.290114],[-6.127515,53.290113],[-6.12756,53.290112],[-6.127564,53.290112],[-6.127563,53.290139]]]},"properties":{"aca_name":"Peoples Park, Dun Laoghaire","council":"dlr","council_label":"D\u00fan Laoghaire-Rathdown County Council","ref":"","designation":"Candidate Architectural Conservation Area"}},{"type":"Feature","geometry":{"type":"Polygon","coordinates":[[[-6.243696,53.288761],[-6.243735,53.288804],[-6.243772,53.288843],[-6.243804,53.288878],[-6.243827,53.288901],[-6.243825,53.28892],[-6.243823,53.28895],[-6.243824,53.288957],[-6.243823,53.288979],[-6.243823,53.289001],[-6.243901,53.289005],[-6.243973,53.289005],[-6.244039,53.289004],[-6.244039,53.288978],[-6.244093,53.288978],[-6.24409,53.288929],[-6.243992,53.288792],[-6.243956,53.288753],[-6.24392,53.288715],[-6.243878,53.28867],[-6.243845,53.288634],[-6.243811,53.288597],[-6.243783,53.288572],[-6.243749,53.288584],[-6.243679,53.288608],[-6.243582,53.28864],[-6.243608,53.288667],[-6.243644,53.288706],[-6.243696,53.288761]]]},"properties":{"aca_name":"Pembroke Cottages, Ballinteer Road, Dundrum","council":"dlr","council_label":"D\u00fan Laoghaire-Rathdown County Council","ref":"","designation":"Architectural Conservation Area"}},{"type":"Feature","geometry":{"type":"Polygon","coordinates":[[[-6.106707,53.277827],[-6.106697,53.277826],[-6.106692,53.277838],[-6.106232,53.277775],[-6.106324,53.277508],[-6.106324,53.277508],[-6.106066,53.277467],[-6.105995,53.277456],[-6.105831,53.27743],[-6.105829,53.27743],[-6.105788,53.277424],[-6.105785,53.277423],[-6.105784,53.277423],[-6.105282,53.277342],[-6.10532,53.277267],[-6.10532,53.277267],[-6.105327,53.277253],[-6.105411,53.277086],[-6.105411,53.277086],[-6.105485,53.276909],[-6.105494,53.276887],[-6.105495,53.276813],[-6.105495,53.276808],[-6.105442,53.276799],[-6.105368,53.276784],[-6.105327,53.276777],[-6.105253,53.276763],[-6.105181,53.276751],[-6.105141,53.276743],[-6.105115,53.276738],[-6.105109,53.276751],[-6.105089,53.276791],[-6.105053,53.276865],[-6.105038,53.276897],[-6.105006,53.276961],[-6.104951,53.277075],[-6.104857,53.277066],[-6.104781,53.277058],[-6.104779,53.277058],[-6.104712,53.277041],[-6.104645,53.277025],[-6.104556,53.277003],[-6.1045,53.276989],[-6.104462,53.27698],[-6.104144,53.276925],[-6.104009,53.276897],[-6.103872,53.276871],[-6.103896,53.276849],[-6.10391,53.276838],[-6.103954,53.276805],[-6.103992,53.276765],[-6.10402,53.276739],[-6.104074,53.276691],[-6.104102,53.276665],[-6.104104,53.276651],[-6.104129,53.276646],[-6.104157,53.276644],[-6.104184,53.276641],[-6.10421,53.27664],[-6.104211,53.27664],[-6.104267,53.276643],[-6.104342,53.276645],[-6.104342,53.276645],[-6.104454,53.276659],[-6.104454,53.276659],[-6.104488,53.276663],[-6.104526,53.276667],[-6.104567,53.276673],[-6.104607,53.276678],[-6.104643,53.276683],[-6.10469,53.276689],[-6.104718,53.276692],[-6.104756,53.276697],[-6.104798,53.276702],[-6.104846,53.276708],[-6.104859,53.276709],[-6.104921,53.276716],[-6.104943,53.276647],[-6.104949,53.27663],[-6.104966,53.276575],[-6.104972,53.27656],[-6.104982,53.276534],[-6.104985,53.276525],[-6.104989,53.276517],[-6.10499,53.276514],[-6.105,53.276487],[-6.105003,53.276479],[-6.105016,53.276448],[-6.105019,53.276441],[-6.10502,53.276437],[-6.105023,53.276426],[-6.105028,53.276413],[-6.105037,53.27639],[-6.105054,53.276346],[-6.105079,53.27635],[-6.105089,53.276321],[-6.105096,53.2763],[-6.1051,53.276288],[-6.105082,53.276285],[-6.105102,53.276234],[-6.105115,53.2762],[-6.105096,53.276195],[-6.105056,53.276186],[-6.105019,53.276176],[-6.104982,53.276167],[-6.104945,53.276157],[-6.10491,53.276148],[-6.104871,53.276138],[-6.104833,53.276129],[-6.104795,53.276119],[-6.104762,53.276111],[-6.104727,53.276101],[-6.104689,53.276091],[-6.104658,53.276083],[-6.104611,53.276072],[-6.1046,53.276068],[-6.104582,53.276066],[-6.10458,53.276066],[-6.104578,53.276066],[-6.104576,53.276065],[-6.104574,53.276065],[-6.104572,53.276065],[-6.10457,53.276065],[-6.104568,53.276065],[-6.104566,53.276065],[-6.104565,53.276065],[-6.104563,53.276065],[-6.10456,53.276065],[-6.104558,53.276065],[-6.104556,53.276065],[-6.104554,53.276065],[-6.104552,53.276065],[-6.10455,53.276065],[-6.104548,53.276065],[-6.104546,53.276065],[-6.104544,53.276065],[-6.104542,53.276065],[-6.104539,53.276065],[-6.104537,53.276065],[-6.104535,53.276065],[-6.104533,53.276065],[-6.10453,53.276066],[-6.104494,53.27607],[-6.104493,53.276054],[-6.104491,53.276031],[-6.104491,53.276021],[-6.104491,53.276018],[-6.10449,53.276014],[-6.104492,53.27601],[-6.104495,53.276004],[-6.104499,53.275996],[-6.104506,53.275986],[-6.104508,53.275982],[-6.104517,53.275968],[-6.104521,53.275962],[-6.104527,53.275955],[-6.104537,53.275941],[-6.104548,53.275925],[-6.104566,53.2759],[-6.104576,53.275888],[-6.104582,53.275881],[-6.104585,53.275879],[-6.104592,53.275874],[-6.104595,53.275871],[-6.104597,53.275869],[-6.104597,53.275868],[-6.104597,53.275866],[-6.104596,53.27586],[-6.104596,53.27585],[-6.104598,53.275842],[-6.104601,53.275832],[-6.104599,53.275832],[-6.104525,53.275826],[-6.104525,53.275826],[-6.104524,53.275826],[-6.10446,53.275819],[-6.104451,53.275818],[-6.104447,53.275821],[-6.104447,53.275826],[-6.104453,53.275831],[-6.104457,53.275832],[-6.104461,53.275834],[-6.104465,53.275837],[-6.104468,53.275839],[-6.104472,53.275841],[-6.104474,53.275843],[-6.104478,53.275846],[-6.104481,53.275851],[-6.104483,53.275855],[-6.104484,53.27586],[-6.104483,53.275863],[-6.104483,53.275868],[-6.104482,53.275871],[-6.104104,53.27578],[-6.104057,53.275768],[-6.104031,53.275761],[-6.103889,53.275726],[-6.103611,53.275657],[-6.10358,53.27565],[-6.103434,53.275613],[-6.103302,53.27558],[-6.103203,53.275554],[-6.103177,53.275591],[-6.103169,53.275602],[-6.103159,53.275616],[-6.103149,53.275631],[-6.103139,53.275645],[-6.103133,53.275654],[-6.10312,53.275673],[-6.103112,53.275685],[-6.103112,53.275685],[-6.103109,53.275689],[-6.103061,53.275754],[-6.103118,53.275768],[-6.103118,53.275768],[-6.103124,53.275769],[-6.103126,53.27579],[-6.103126,53.275791],[-6.103126,53.275792],[-6.103126,53.275793],[-6.103126,53.275794],[-6.103126,53.275795],[-6.103126,53.275796],[-6.103127,53.275797],[-6.103127,53.275798],[-6.103128,53.275799],[-6.103128,53.2758],[-6.103129,53.275801],[-6.103129,53.275802],[-6.10313,53.275803],[-6.103131,53.275803],[-6.103132,53.275804],[-6.103132,53.275805],[-6.103133,53.275806],[-6.103134,53.275807],[-6.103135,53.275808],[-6.103136,53.275809],[-6.103137,53.275809],[-6.103138,53.27581],[-6.103139,53.275811],[-6.103141,53.275812],[-6.103142,53.275812],[-6.103143,53.275813],[-6.103144,53.275814],[-6.103146,53.275814],[-6.103147,53.275815],[-6.103149,53.275816],[-6.10315,53.275816],[-6.103152,53.275817],[-6.103153,53.275817],[-6.103155,53.275818],[-6.103156,53.275818],[-6.103281,53.275849],[-6.103218,53.275938],[-6.103218,53.275938],[-6.103218,53.275938],[-6.103203,53.275961],[-6.103203,53.275961],[-6.103193,53.275981],[-6.103188,53.275992],[-6.103181,53.276008],[-6.103181,53.276008],[-6.103118,53.275993],[-6.102963,53.275957],[-6.102794,53.275917],[-6.102636,53.27588],[-6.102617,53.275875],[-6.102382,53.27582],[-6.102375,53.275818],[-6.102367,53.275815],[-6.102362,53.275814],[-6.102355,53.27581],[-6.102334,53.275798],[-6.102282,53.275764],[-6.10226,53.275749],[-6.102259,53.275749],[-6.102257,53.275748],[-6.102256,53.275747],[-6.102255,53.275747],[-6.102253,53.275746],[-6.102252,53.275745],[-6.102251,53.275744],[-6.102249,53.275744],[-6.102248,53.275743],[-6.102246,53.275743],[-6.102245,53.275742],[-6.102244,53.275741],[-6.102242,53.275741],[-6.102241,53.27574],[-6.102239,53.275739],[-6.102238,53.275739],[-6.102236,53.275738],[-6.102235,53.275738],[-6.102233,53.275737],[-6.102232,53.275736],[-6.10223,53.275736],[-6.102229,53.275735],[-6.102227,53.275735],[-6.102226,53.275734],[-6.102224,53.275734],[-6.102223,53.275733],[-6.102221,53.275733],[-6.10222,53.275732],[-6.102218,53.275732],[-6.102216,53.275731],[-6.102215,53.275731],[-6.102213,53.27573],[-6.102212,53.27573],[-6.10221,53.275729],[-6.102208,53.275729],[-6.102206,53.275728],[-6.102204,53.275728],[-6.102202,53.275727],[-6.1022,53.275727],[-6.102198,53.275726],[-6.102196,53.275726],[-6.102194,53.275725],[-6.102192,53.275725],[-6.10219,53.275724],[-6.102188,53.275724],[-6.102186,53.275723],[-6.102183,53.275723],[-6.102181,53.275723],[-6.102179,53.275722],[-6.102177,53.275722],[-6.102175,53.275721],[-6.102173,53.275721],[-6.102171,53.275721],[-6.102169,53.27572],[-6.102167,53.27572],[-6.102165,53.27572],[-6.102162,53.27572],[-6.10216,53.275719],[-6.102142,53.275718],[-6.102019,53.27571],[-6.101965,53.275706],[-6.101912,53.275702],[-6.101852,53.275696],[-6.101835,53.275693],[-6.1018,53.275686],[-6.10175,53.275676],[-6.101723,53.27567],[-6.101697,53.275665],[-6.101673,53.27566],[-6.101654,53.275655],[-6.101635,53.27565],[-6.101621,53.275646],[-6.101604,53.275642],[-6.101423,53.275594],[-6.101411,53.275592],[-6.101201,53.275538],[-6.101191,53.275536],[-6.101143,53.275524],[-6.101094,53.275512],[-6.101013,53.275491],[-6.100987,53.275484],[-6.100884,53.275454],[-6.100777,53.275425],[-6.100614,53.275383],[-6.100555,53.275368],[-6.100517,53.275357],[-6.100354,53.275316],[-6.100303,53.275302],[-6.100255,53.275289],[-6.100139,53.275259],[-6.100107,53.275251],[-6.100096,53.275249],[-6.10008,53.275244],[-6.100043,53.275232],[-6.099963,53.275206],[-6.099961,53.275205],[-6.099957,53.275204],[-6.099945,53.275202],[-6.099932,53.2752],[-6.099921,53.275199],[-6.099906,53.275198],[-6.099897,53.275197],[-6.099885,53.275199],[-6.099885,53.275199],[-6.099884,53.275199],[-6.099883,53.275199],[-6.099883,53.275199],[-6.099882,53.275199],[-6.099881,53.275199],[-6.099881,53.275199],[-6.09988,53.2752],[-6.099878,53.2752],[-6.099869,53.275203],[-6.09986,53.275207],[-6.099798,53.27524],[-6.099702,53.27529],[-6.099652,53.275318],[-6.099683,53.275344],[-6.099708,53.275365],[-6.099682,53.275374],[-6.099649,53.275386],[-6.099629,53.275416],[-6.099604,53.275461],[-6.099604,53.275461],[-6.099604,53.275461],[-6.099594,53.27547],[-6.099568,53.275495],[-6.099533,53.275528],[-6.099556,53.275535],[-6.099588,53.275544],[-6.099608,53.275549],[-6.099608,53.275549],[-6.099608,53.275549],[-6.099781,53.275592],[-6.099888,53.275618],[-6.0999,53.275621],[-6.10005,53.27566],[-6.100453,53.275769],[-6.100545,53.275795],[-6.100648,53.275823],[-6.100614,53.275868],[-6.100527,53.275983],[-6.100515,53.275999],[-6.100505,53.276012],[-6.100399,53.275984],[-6.100282,53.275954],[-6.100247,53.275975],[-6.100149,53.276028],[-6.100127,53.276039],[-6.099973,53.276123],[-6.099808,53.27604],[-6.099696,53.275965],[-6.099656,53.27594],[-6.099538,53.275867],[-6.099451,53.275816],[-6.099368,53.275769],[-6.099332,53.275748],[-6.099283,53.275717],[-6.099219,53.275764],[-6.099162,53.275803],[-6.099096,53.275848],[-6.099066,53.275868],[-6.099064,53.275869],[-6.099063,53.27587],[-6.099061,53.27587],[-6.09906,53.275871],[-6.099058,53.275872],[-6.099056,53.275872],[-6.099055,53.275873],[-6.099053,53.275873],[-6.099051,53.275874],[-6.099049,53.275874],[-6.099047,53.275874],[-6.099045,53.275874],[-6.099043,53.275875],[-6.099041,53.275875],[-6.09904,53.275875],[-6.099038,53.275875],[-6.099036,53.275875],[-6.099034,53.275875],[-6.099032,53.275874],[-6.09903,53.275874],[-6.099028,53.275874],[-6.099026,53.275873],[-6.099024,53.275873],[-6.098993,53.275864],[-6.098919,53.27588],[-6.098907,53.275883],[-6.098909,53.275884],[-6.098851,53.275911],[-6.098722,53.275968],[-6.09859,53.276026],[-6.098566,53.276008],[-6.098523,53.276071],[-6.098525,53.276073],[-6.098584,53.276125],[-6.098627,53.276162],[-6.098675,53.276204],[-6.098642,53.276219],[-6.098684,53.276254],[-6.098645,53.276273],[-6.098584,53.276304],[-6.09852,53.276337],[-6.098413,53.276391],[-6.098413,53.276393],[-6.098413,53.276398],[-6.098413,53.276407],[-6.098413,53.276426],[-6.098413,53.276434],[-6.098413,53.276441],[-6.09841,53.276447],[-6.098404,53.276457],[-6.098396,53.276466],[-6.098388,53.276474],[-6.098386,53.276477],[-6.098384,53.27648],[-6.098383,53.276482],[-6.098383,53.276485],[-6.098383,53.276488],[-6.098396,53.276547],[-6.098377,53.276552],[-6.098363,53.276556],[-6.098351,53.276559],[-6.098335,53.276562],[-6.098304,53.276563],[-6.098306,53.276565],[-6.098306,53.276565],[-6.098317,53.276601],[-6.098328,53.276636],[-6.098329,53.276637],[-6.098342,53.276677],[-6.098354,53.276718],[-6.098355,53.276718],[-6.098364,53.276735],[-6.098373,53.276751],[-6.09839,53.276775],[-6.098413,53.276803],[-6.09844,53.276839],[-6.098462,53.276868],[-6.098468,53.276875],[-6.098487,53.276902],[-6.098506,53.276929],[-6.09852,53.276957],[-6.098522,53.27696],[-6.098524,53.276965],[-6.098527,53.276972],[-6.098527,53.276981],[-6.098526,53.276989],[-6.098524,53.276999],[-6.098521,53.27701],[-6.09851,53.277038],[-6.098499,53.277066],[-6.098486,53.277097],[-6.098473,53.277129],[-6.098459,53.27716],[-6.098446,53.277191],[-6.098421,53.277206],[-6.098417,53.277234],[-6.098411,53.277262],[-6.098405,53.277287],[-6.098402,53.277301],[-6.098401,53.277306],[-6.098547,53.277306],[-6.098602,53.27731],[-6.09861,53.277316],[-6.098628,53.277334],[-6.098628,53.277334],[-6.098672,53.277343],[-6.098672,53.277343],[-6.098682,53.277344],[-6.098721,53.277313],[-6.098744,53.277301],[-6.098768,53.277297],[-6.098826,53.277295],[-6.098944,53.277292],[-6.099115,53.27729],[-6.099308,53.277291],[-6.099427,53.277294],[-6.099516,53.277301],[-6.09978,53.277329],[-6.099935,53.277349],[-6.100101,53.277367],[-6.100264,53.277379],[-6.100372,53.277386],[-6.100464,53.277393],[-6.100531,53.277403],[-6.100586,53.277412],[-6.100662,53.277427],[-6.100751,53.277445],[-6.10103,53.277503],[-6.101306,53.277564],[-6.101414,53.277587],[-6.101463,53.277597],[-6.101499,53.277608],[-6.101513,53.277629],[-6.101516,53.277635],[-6.101524,53.277646],[-6.10154,53.277671],[-6.101597,53.277751],[-6.101598,53.277756],[-6.101598,53.277758],[-6.1016,53.277765],[-6.101601,53.277801],[-6.101598,53.277848],[-6.101595,53.277895],[-6.101595,53.277896],[-6.10159,53.277938],[-6.101584,53.27808],[-6.101576,53.278188],[-6.101567,53.278304],[-6.101561,53.278467],[-6.101557,53.278507],[-6.101557,53.278511],[-6.101555,53.278525],[-6.101554,53.278542],[-6.101552,53.27857],[-6.101545,53.278598],[-6.101536,53.278612],[-6.101531,53.278622],[-6.10153,53.278623],[-6.101503,53.278664],[-6.101475,53.278704],[-6.101436,53.278772],[-6.101395,53.278844],[-6.101354,53.278916],[-6.101313,53.278991],[-6.101306,53.279005],[-6.101298,53.279017],[-6.101294,53.279023],[-6.101289,53.27903],[-6.101288,53.279033],[-6.101288,53.27904],[-6.101312,53.279082],[-6.101326,53.279111],[-6.101332,53.279123],[-6.101342,53.279143],[-6.101369,53.279222],[-6.101369,53.279223],[-6.101385,53.279272],[-6.101407,53.279335],[-6.10142,53.279395],[-6.101433,53.279449],[-6.101445,53.279508],[-6.101445,53.279508],[-6.101448,53.27952],[-6.101464,53.279602],[-6.101487,53.279651],[-6.101487,53.279651],[-6.101512,53.279703],[-6.101543,53.27977],[-6.101568,53.279812],[-6.101585,53.279838],[-6.101599,53.279862],[-6.101614,53.279882],[-6.101649,53.279915],[-6.101669,53.279933],[-6.101689,53.279949],[-6.101711,53.279971],[-6.101732,53.279985],[-6.101777,53.280013],[-6.101779,53.280014],[-6.101817,53.280033],[-6.101841,53.280048],[-6.101841,53.280049],[-6.101863,53.280066],[-6.101866,53.280069],[-6.101874,53.280066],[-6.10207,53.279987],[-6.102115,53.279985],[-6.102115,53.279985],[-6.102136,53.279988],[-6.102167,53.279997],[-6.102199,53.280005],[-6.102236,53.280009],[-6.102273,53.280012],[-6.10232,53.280035],[-6.102367,53.280057],[-6.102367,53.280057],[-6.10244,53.28009],[-6.102453,53.280097],[-6.102568,53.280019],[-6.102621,53.279983],[-6.102732,53.279906],[-6.102842,53.27983],[-6.102903,53.279787],[-6.10297,53.279797],[-6.103284,53.279845],[-6.1033,53.279743],[-6.103321,53.279609],[-6.103323,53.279601],[-6.103421,53.279509],[-6.103411,53.279503],[-6.103294,53.279425],[-6.103201,53.279361],[-6.103162,53.279335],[-6.103103,53.279294],[-6.103016,53.279236],[-6.103055,53.279184],[-6.103057,53.27918],[-6.103099,53.279124],[-6.103104,53.279118],[-6.103115,53.279103],[-6.103122,53.279094],[-6.103144,53.279065],[-6.10318,53.279018],[-6.103215,53.278967],[-6.103287,53.278909],[-6.103246,53.278902],[-6.103248,53.278898],[-6.103176,53.278888],[-6.103161,53.278869],[-6.103184,53.278815],[-6.103207,53.278759],[-6.103229,53.278705],[-6.103251,53.27865],[-6.103274,53.278595],[-6.103279,53.278581],[-6.103294,53.278584],[-6.103519,53.278626],[-6.103635,53.278648],[-6.10374,53.278667],[-6.103859,53.278689],[-6.103954,53.278706],[-6.104081,53.278734],[-6.104056,53.278776],[-6.104034,53.278813],[-6.10402,53.278834],[-6.104006,53.278857],[-6.103995,53.278876],[-6.103987,53.278888],[-6.10398,53.278899],[-6.103961,53.27893],[-6.103955,53.27894],[-6.103953,53.278943],[-6.103915,53.279004],[-6.103915,53.279004],[-6.103905,53.279016],[-6.103856,53.279078],[-6.103855,53.27908],[-6.103879,53.279082],[-6.103923,53.279083],[-6.103987,53.279087],[-6.103989,53.279087],[-6.104106,53.279093],[-6.104106,53.279093],[-6.104236,53.279098],[-6.104237,53.279098],[-6.104362,53.279104],[-6.104473,53.27911],[-6.104482,53.27911],[-6.104599,53.279115],[-6.104618,53.279116],[-6.104721,53.27912],[-6.104825,53.279125],[-6.104842,53.279126],[-6.104945,53.279131],[-6.104968,53.279132],[-6.105088,53.279138],[-6.105101,53.279139],[-6.105173,53.279143],[-6.105309,53.279151],[-6.105332,53.279152],[-6.105455,53.27916],[-6.10551,53.279164],[-6.105543,53.279166],[-6.105566,53.279168],[-6.105608,53.279171],[-6.105694,53.279176],[-6.10572,53.279178],[-6.105758,53.279182],[-6.105873,53.279195],[-6.10587,53.279254],[-6.105868,53.279274],[-6.105863,53.27935],[-6.105859,53.279368],[-6.105857,53.279414],[-6.105866,53.279438],[-6.105875,53.279468],[-6.105878,53.279492],[-6.105889,53.279515],[-6.105902,53.279541],[-6.105902,53.279541],[-6.105952,53.279534],[-6.105952,53.279534],[-6.106092,53.279521],[-6.106189,53.279512],[-6.106194,53.279554],[-6.106198,53.279581],[-6.106198,53.279581],[-6.106206,53.27962],[-6.106219,53.279685],[-6.106233,53.279751],[-6.106246,53.279817],[-6.106259,53.279878],[-6.106273,53.279947],[-6.106286,53.280011],[-6.106299,53.280073],[-6.106317,53.280161],[-6.106325,53.280203],[-6.106333,53.280239],[-6.106439,53.280231],[-6.106445,53.280275],[-6.106451,53.280315],[-6.106458,53.280367],[-6.106458,53.280372],[-6.106501,53.280693],[-6.106479,53.280694],[-6.106461,53.280694],[-6.106392,53.280696],[-6.106397,53.280761],[-6.106395,53.280793],[-6.106396,53.280817],[-6.106398,53.280835],[-6.106399,53.280888],[-6.106401,53.280947],[-6.106403,53.280973],[-6.1066,53.280967],[-6.106621,53.280966],[-6.10666,53.280965],[-6.106822,53.28096],[-6.106929,53.280957],[-6.107093,53.280952],[-6.107112,53.280952],[-6.107159,53.28095],[-6.107211,53.28095],[-6.107235,53.28095],[-6.107243,53.28095],[-6.107277,53.280803],[-6.107288,53.280755],[-6.1073,53.280703],[-6.107307,53.280674],[-6.107396,53.280661],[-6.107404,53.28066],[-6.107406,53.28066],[-6.107414,53.28066],[-6.107453,53.280652],[-6.107484,53.280648],[-6.107653,53.280622],[-6.107703,53.280615],[-6.107696,53.2806],[-6.107673,53.280513],[-6.107691,53.280509],[-6.107682,53.280482],[-6.107656,53.280406],[-6.107842,53.280371],[-6.107955,53.28035],[-6.107949,53.280339],[-6.107949,53.280338],[-6.107985,53.280331],[-6.10799,53.28034],[-6.108021,53.280396],[-6.10803,53.280414],[-6.10805,53.280449],[-6.108078,53.280444],[-6.108078,53.280444],[-6.108444,53.28038],[-6.108546,53.280364],[-6.108535,53.280348],[-6.108509,53.28031],[-6.108502,53.280304],[-6.108498,53.280298],[-6.108472,53.280266],[-6.108461,53.280252],[-6.10844,53.280227],[-6.10842,53.280205],[-6.108393,53.280171],[-6.10839,53.280168],[-6.108376,53.280151],[-6.108309,53.280164],[-6.107942,53.280232],[-6.107887,53.280131],[-6.107735,53.279966],[-6.107725,53.279945],[-6.107679,53.279855],[-6.107668,53.279832],[-6.107658,53.279815],[-6.1076,53.279699],[-6.107469,53.279719],[-6.107368,53.279736],[-6.107214,53.279764],[-6.107143,53.279776],[-6.107063,53.279791],[-6.107052,53.279763],[-6.107045,53.279737],[-6.107024,53.279661],[-6.107019,53.279637],[-6.106996,53.279555],[-6.10699,53.279527],[-6.106976,53.279439],[-6.106974,53.279394],[-6.106977,53.27931],[-6.106996,53.279166],[-6.106997,53.279143],[-6.107086,53.279148],[-6.107193,53.279151],[-6.10733,53.279156],[-6.107354,53.279157],[-6.107552,53.279165],[-6.107622,53.279165],[-6.107642,53.279162],[-6.107642,53.279162],[-6.107638,53.279155],[-6.107609,53.279095],[-6.107588,53.279053],[-6.107579,53.279035],[-6.107565,53.279004],[-6.107552,53.278976],[-6.107535,53.278939],[-6.107505,53.278879],[-6.107498,53.278865],[-6.10784,53.278828],[-6.107882,53.278821],[-6.107937,53.278811],[-6.107937,53.27881],[-6.107812,53.278466],[-6.107811,53.278462],[-6.107811,53.278461],[-6.107802,53.278435],[-6.107788,53.278381],[-6.107773,53.278326],[-6.107761,53.278268],[-6.10777,53.27825],[-6.107775,53.27825],[-6.10784,53.27825],[-6.107892,53.27825],[-6.10791,53.278251],[-6.107979,53.278252],[-6.108102,53.278253],[-6.108117,53.278253],[-6.108238,53.278254],[-6.108319,53.278255],[-6.108328,53.278255],[-6.108456,53.278246],[-6.108462,53.278246],[-6.108581,53.278238],[-6.108653,53.278232],[-6.108659,53.278231],[-6.108656,53.278224],[-6.108648,53.278206],[-6.108636,53.278181],[-6.108621,53.27815],[-6.108618,53.278142],[-6.108618,53.278142],[-6.108617,53.278132],[-6.108615,53.278095],[-6.108629,53.278036],[-6.108654,53.277919],[-6.108667,53.277864],[-6.108487,53.277846],[-6.108449,53.277842],[-6.108267,53.277822],[-6.10793,53.277786],[-6.107904,53.277784],[-6.107797,53.277772],[-6.107777,53.277769],[-6.107658,53.277756],[-6.107615,53.277751],[-6.107588,53.277747],[-6.107455,53.277734],[-6.107438,53.277791],[-6.107425,53.277838],[-6.107423,53.277843],[-6.107402,53.277886],[-6.107406,53.277887],[-6.107398,53.277903],[-6.107154,53.277876],[-6.106988,53.277858],[-6.106918,53.27785],[-6.106801,53.277838],[-6.106707,53.277827]]]},"properties":{"aca_name":"Dalkey Village","council":"dlr","council_label":"D\u00fan Laoghaire-Rathdown County Council","ref":"","designation":"Architectural Conservation Area"}},{"type":"Feature","geometry":{"type":"Polygon","coordinates":[[[-6.133217,53.285845],[-6.133201,53.285871],[-6.133158,53.285942],[-6.133132,53.285986],[-6.133103,53.286034],[-6.133084,53.286065],[-6.133076,53.28608],[-6.133049,53.286124],[-6.133048,53.286127],[-6.133036,53.286147],[-6.132991,53.286222],[-6.133065,53.28624],[-6.132907,53.286496],[-6.132885,53.286532],[-6.132747,53.286756],[-6.132738,53.286771],[-6.132914,53.286814],[-6.133283,53.286904],[-6.133341,53.286917],[-6.133558,53.286971],[-6.133587,53.286979],[-6.133743,53.287018],[-6.134128,53.287114],[-6.134235,53.287142],[-6.134435,53.287188],[-6.134468,53.287196],[-6.13474,53.287261],[-6.134875,53.287294],[-6.134919,53.287301],[-6.13497,53.287306],[-6.135099,53.287314],[-6.13527,53.287325],[-6.135295,53.287327],[-6.135298,53.287315],[-6.135331,53.287205],[-6.135349,53.287149],[-6.13536,53.287113],[-6.135422,53.286908],[-6.135435,53.286867],[-6.135439,53.286855],[-6.135443,53.286841],[-6.135447,53.286827],[-6.135454,53.286805],[-6.135463,53.286773],[-6.135468,53.286758],[-6.135476,53.286731],[-6.135485,53.286703],[-6.135493,53.286677],[-6.135501,53.286648],[-6.135505,53.286638],[-6.135525,53.28657],[-6.135546,53.286501],[-6.135565,53.286436],[-6.135583,53.286377],[-6.135586,53.286366],[-6.135603,53.286298],[-6.135608,53.286277],[-6.135615,53.286247],[-6.13562,53.286229],[-6.135628,53.286196],[-6.135635,53.286167],[-6.135636,53.286163],[-6.135647,53.286122],[-6.135653,53.286095],[-6.13566,53.286067],[-6.13567,53.286028],[-6.135692,53.285959],[-6.135703,53.285921],[-6.135711,53.285893],[-6.13572,53.28586],[-6.135732,53.285821],[-6.135712,53.285819],[-6.135658,53.285813],[-6.135662,53.285796],[-6.135686,53.285715],[-6.135689,53.285703],[-6.135709,53.285636],[-6.135712,53.285622],[-6.135718,53.285602],[-6.135742,53.285525],[-6.135747,53.285506],[-6.135768,53.28544],[-6.13577,53.285429],[-6.135777,53.285405],[-6.135798,53.285331],[-6.13582,53.285246],[-6.135822,53.285235],[-6.135844,53.285153],[-6.135848,53.28514],[-6.13587,53.285056],[-6.135874,53.285044],[-6.135901,53.284942],[-6.135923,53.284857],[-6.135928,53.284838],[-6.135943,53.284837],[-6.135968,53.284748],[-6.135993,53.284619],[-6.136022,53.284476],[-6.136039,53.284392],[-6.136072,53.284341],[-6.13597,53.28432],[-6.135719,53.284262],[-6.135585,53.28423],[-6.135577,53.284228],[-6.135409,53.284186],[-6.135357,53.284174],[-6.135273,53.284153],[-6.135131,53.284119],[-6.135075,53.284105],[-6.13498,53.284082],[-6.134861,53.284054],[-6.134825,53.284044],[-6.13463,53.283997],[-6.134613,53.283993],[-6.134479,53.283961],[-6.134367,53.283933],[-6.13433,53.283925],[-6.134136,53.283877],[-6.134116,53.283872],[-6.133896,53.28382],[-6.133783,53.283996],[-6.133736,53.284071],[-6.133594,53.284297],[-6.133206,53.2842],[-6.133184,53.284171],[-6.133181,53.284174],[-6.133172,53.284189],[-6.133157,53.284212],[-6.133124,53.284261],[-6.133103,53.284294],[-6.133087,53.284318],[-6.133444,53.284405],[-6.133443,53.284406],[-6.133443,53.284406],[-6.133395,53.284474],[-6.133359,53.284528],[-6.133329,53.284574],[-6.133318,53.284589],[-6.133311,53.2846],[-6.133385,53.284617],[-6.133323,53.284715],[-6.133287,53.284772],[-6.133262,53.28481],[-6.133225,53.284869],[-6.133459,53.284921],[-6.133515,53.284933],[-6.13354,53.284938],[-6.133634,53.28496],[-6.133775,53.284995],[-6.133862,53.285016],[-6.133814,53.285092],[-6.133761,53.285174],[-6.133745,53.285199],[-6.133687,53.28529],[-6.133633,53.285373],[-6.133569,53.285473],[-6.1338,53.285527],[-6.133735,53.285624],[-6.133666,53.28572],[-6.133656,53.285736],[-6.133499,53.285702],[-6.133419,53.285685],[-6.133394,53.285724],[-6.133382,53.285742],[-6.13336,53.285737],[-6.133309,53.285816],[-6.133253,53.285803],[-6.133238,53.2858],[-6.133231,53.285812],[-6.133217,53.285845]]]},"properties":{"aca_name":"Croswaite Park South, East, West","council":"dlr","council_label":"D\u00fan Laoghaire-Rathdown County Council","ref":"","designation":"Architectural Conservation Area"}},{"type":"Feature","geometry":{"type":"Polygon","coordinates":[[[-6.131337,53.290179],[-6.131523,53.290262],[-6.131567,53.290272],[-6.131591,53.290244],[-6.131607,53.290226],[-6.131653,53.290176],[-6.13171,53.290114],[-6.131779,53.290136],[-6.131795,53.290141],[-6.131823,53.29015],[-6.131835,53.290153],[-6.131864,53.290163],[-6.13189,53.290171],[-6.131986,53.290201],[-6.132028,53.290215],[-6.132057,53.290178],[-6.132116,53.290196],[-6.132114,53.290199],[-6.132219,53.29023],[-6.132436,53.289936],[-6.132483,53.289872],[-6.132651,53.289643],[-6.132656,53.289636],[-6.132704,53.289571],[-6.132714,53.289558],[-6.132766,53.289486],[-6.132826,53.289405],[-6.132894,53.289415],[-6.132927,53.28937],[-6.132947,53.289343],[-6.13297,53.289311],[-6.132997,53.289274],[-6.133033,53.289225],[-6.133049,53.289204],[-6.133101,53.289133],[-6.133146,53.289071],[-6.13315,53.289068],[-6.133156,53.289065],[-6.133161,53.289064],[-6.133189,53.289044],[-6.133203,53.289011],[-6.133218,53.288973],[-6.133238,53.288923],[-6.133239,53.288922],[-6.133239,53.288921],[-6.13324,53.28892],[-6.13324,53.288919],[-6.133241,53.288918],[-6.133242,53.288917],[-6.133243,53.288916],[-6.133244,53.288916],[-6.133245,53.288915],[-6.133246,53.288914],[-6.133247,53.288913],[-6.133248,53.288912],[-6.133249,53.288912],[-6.133251,53.288911],[-6.133252,53.288911],[-6.133253,53.28891],[-6.133255,53.28891],[-6.133256,53.288909],[-6.133258,53.288909],[-6.133259,53.288908],[-6.133261,53.288908],[-6.133275,53.288876],[-6.133211,53.288865],[-6.13323,53.288837],[-6.133244,53.288817],[-6.13326,53.288795],[-6.133279,53.288768],[-6.133285,53.288759],[-6.133301,53.288736],[-6.133344,53.288678],[-6.133374,53.288633],[-6.13339,53.288611],[-6.133402,53.288594],[-6.133432,53.288554],[-6.133463,53.288512],[-6.133471,53.288502],[-6.133477,53.288493],[-6.133541,53.288406],[-6.133551,53.288394],[-6.133747,53.288121],[-6.133783,53.288071],[-6.133794,53.288056],[-6.133811,53.288033],[-6.133837,53.287997],[-6.133846,53.287985],[-6.133852,53.287976],[-6.133907,53.287902],[-6.133911,53.287894],[-6.133968,53.287817],[-6.133971,53.287812],[-6.13398,53.287801],[-6.133994,53.287782],[-6.134027,53.287736],[-6.134037,53.287722],[-6.134079,53.287665],[-6.13414,53.287579],[-6.1342,53.2875],[-6.134203,53.287494],[-6.134218,53.287479],[-6.134284,53.287387],[-6.134293,53.287373],[-6.134299,53.287365],[-6.13433,53.287322],[-6.134363,53.287275],[-6.134376,53.287258],[-6.134352,53.287252],[-6.134041,53.287176],[-6.133895,53.287159],[-6.133896,53.287156],[-6.133895,53.287155],[-6.133894,53.287153],[-6.133893,53.287152],[-6.133892,53.287151],[-6.133891,53.28715],[-6.13389,53.287149],[-6.133889,53.287147],[-6.133888,53.287146],[-6.133886,53.287145],[-6.133885,53.287144],[-6.133884,53.287143],[-6.133882,53.287142],[-6.133881,53.287141],[-6.133879,53.28714],[-6.133878,53.287139],[-6.133876,53.287138],[-6.133874,53.287137],[-6.133873,53.287136],[-6.133871,53.287135],[-6.133869,53.287134],[-6.133867,53.287133],[-6.133865,53.287132],[-6.133863,53.287132],[-6.133861,53.287131],[-6.133859,53.28713],[-6.133857,53.287129],[-6.133855,53.287129],[-6.133853,53.287128],[-6.133851,53.287128],[-6.133849,53.287127],[-6.133847,53.287127],[-6.133845,53.287126],[-6.133842,53.287126],[-6.13384,53.287125],[-6.133838,53.287125],[-6.133574,53.28706],[-6.133385,53.287013],[-6.133244,53.286978],[-6.133097,53.286941],[-6.132843,53.286879],[-6.13271,53.286844],[-6.132391,53.286762],[-6.13236,53.286756],[-6.132359,53.286756],[-6.132357,53.286755],[-6.132356,53.286755],[-6.132354,53.286755],[-6.132353,53.286754],[-6.132351,53.286754],[-6.13235,53.286754],[-6.132086,53.28669],[-6.132085,53.286689],[-6.132083,53.286689],[-6.132081,53.286688],[-6.132079,53.286688],[-6.132004,53.286669],[-6.13192,53.286648],[-6.131845,53.28663],[-6.131735,53.286603],[-6.131576,53.286631],[-6.131508,53.286732],[-6.131498,53.286747],[-6.131489,53.286762],[-6.131447,53.286825],[-6.131402,53.286893],[-6.131361,53.286956],[-6.131319,53.287019],[-6.131278,53.287082],[-6.131237,53.287145],[-6.131194,53.287211],[-6.131152,53.287276],[-6.131137,53.287299],[-6.131111,53.287339],[-6.131088,53.287374],[-6.131071,53.287401],[-6.131029,53.287466],[-6.130985,53.287532],[-6.130943,53.287597],[-6.130899,53.287663],[-6.130856,53.287729],[-6.130813,53.287795],[-6.13077,53.28786],[-6.130729,53.287923],[-6.130689,53.287985],[-6.130647,53.288048],[-6.130605,53.288112],[-6.130563,53.288177],[-6.130522,53.288239],[-6.130479,53.288305],[-6.130438,53.288368],[-6.130393,53.288435],[-6.130382,53.288453],[-6.130353,53.288497],[-6.130312,53.28856],[-6.13027,53.288626],[-6.130231,53.288687],[-6.130186,53.288757],[-6.130117,53.288864],[-6.130059,53.288955],[-6.129965,53.289094],[-6.130001,53.289102],[-6.130013,53.289105],[-6.130148,53.289136],[-6.130192,53.289146],[-6.130209,53.289152],[-6.130233,53.28916],[-6.130222,53.289174],[-6.130206,53.289199],[-6.130193,53.289217],[-6.130148,53.289281],[-6.130127,53.289276],[-6.130096,53.289269],[-6.130068,53.289262],[-6.130057,53.28926],[-6.129996,53.289348],[-6.129992,53.289354],[-6.129984,53.289365],[-6.130067,53.289388],[-6.130118,53.289411],[-6.130185,53.289441],[-6.130184,53.289442],[-6.130206,53.28945],[-6.130264,53.289476],[-6.130272,53.28948],[-6.130339,53.289512],[-6.130341,53.28951],[-6.130386,53.28953],[-6.130478,53.289571],[-6.130605,53.289629],[-6.130609,53.28963],[-6.130653,53.28965],[-6.130773,53.289703],[-6.130847,53.289736],[-6.130917,53.289767],[-6.130998,53.289804],[-6.131024,53.289816],[-6.131059,53.289831],[-6.131142,53.289869],[-6.131213,53.289901],[-6.131286,53.289933],[-6.131357,53.289965],[-6.131411,53.289989],[-6.131423,53.289995],[-6.131437,53.290001],[-6.131467,53.290015],[-6.13146,53.290025],[-6.131337,53.290179]],[[-6.132684,53.287284],[-6.132685,53.287284],[-6.132686,53.287284],[-6.132687,53.287285],[-6.132688,53.287285],[-6.132689,53.287285],[-6.13269,53.287285],[-6.132691,53.287285],[-6.132693,53.287286],[-6.132695,53.287286],[-6.132696,53.287287],[-6.132698,53.287287],[-6.132702,53.287288],[-6.132705,53.287288],[-6.132707,53.287288],[-6.132718,53.287291],[-6.132729,53.287294],[-6.13274,53.287297],[-6.132751,53.2873],[-6.132763,53.287303],[-6.132775,53.287307],[-6.132787,53.28731],[-6.132799,53.287313],[-6.132845,53.287326],[-6.132861,53.28733],[-6.132874,53.287334],[-6.132915,53.287345],[-6.132957,53.287356],[-6.132971,53.28736],[-6.132998,53.287367],[-6.133026,53.287375],[-6.13304,53.287379],[-6.133053,53.287382],[-6.133067,53.287386],[-6.13308,53.28739],[-6.133095,53.287393],[-6.133109,53.287397],[-6.133123,53.287401],[-6.133137,53.287405],[-6.133151,53.287409],[-6.133164,53.287412],[-6.133178,53.287416],[-6.133191,53.28742],[-6.133195,53.287421],[-6.133199,53.287422],[-6.133206,53.287424],[-6.133216,53.287426],[-6.133227,53.287429],[-6.133237,53.287432],[-6.133248,53.287435],[-6.133252,53.287437],[-6.133254,53.287438],[-6.133257,53.287439],[-6.133258,53.287439],[-6.133259,53.28744],[-6.133091,53.287654],[-6.133066,53.287687],[-6.133039,53.28772],[-6.133013,53.287753],[-6.132992,53.28778],[-6.132986,53.287788],[-6.132893,53.287907],[-6.132809,53.288013],[-6.132786,53.288043],[-6.13276,53.288075],[-6.132725,53.288121],[-6.132633,53.288093],[-6.132596,53.288082],[-6.132563,53.288073],[-6.132416,53.288029],[-6.132402,53.288025],[-6.132192,53.287962],[-6.132189,53.287962],[-6.132117,53.28794],[-6.132079,53.287929],[-6.132082,53.287928],[-6.132085,53.287927],[-6.132089,53.287924],[-6.132107,53.287913],[-6.132141,53.287892],[-6.132158,53.287882],[-6.132257,53.287772],[-6.13229,53.287736],[-6.132337,53.287677],[-6.132384,53.287619],[-6.132431,53.287561],[-6.132479,53.287502],[-6.132508,53.287466],[-6.132537,53.28743],[-6.132567,53.287394],[-6.132596,53.287357],[-6.132606,53.287345],[-6.132616,53.287333],[-6.132626,53.287321],[-6.132636,53.287309],[-6.13264,53.287304],[-6.132642,53.287302],[-6.132643,53.2873],[-6.132648,53.287296],[-6.13265,53.287294],[-6.132652,53.287292],[-6.132654,53.287291],[-6.132657,53.28729],[-6.132659,53.287288],[-6.132661,53.287287],[-6.132662,53.287286],[-6.132664,53.287286],[-6.132665,53.287285],[-6.132667,53.287285],[-6.132668,53.287285],[-6.13267,53.287285],[-6.132672,53.287285],[-6.132673,53.287285],[-6.132674,53.287284],[-6.132676,53.287284],[-6.132677,53.287284],[-6.132678,53.287284],[-6.132679,53.287284],[-6.132681,53.287284],[-6.132684,53.287284],[-6.132684,53.287284]]]},"properties":{"aca_name":"Clarinda Park North, East, West / Corrig Road","council":"dlr","council_label":"D\u00fan Laoghaire-Rathdown County Council","ref":"","designation":"Architectural Conservation Area"}},{"type":"Feature","geometry":{"type":"MultiPolygon","coordinates":[[[[-6.131216,53.303828],[-6.131282,53.303858],[-6.131372,53.303892],[-6.131477,53.30393],[-6.131506,53.303938],[-6.131549,53.303947],[-6.13158,53.303952],[-6.132184,53.304012],[-6.132959,53.304089],[-6.133782,53.30417],[-6.134395,53.30423],[-6.134705,53.304259],[-6.134726,53.304261],[-6.134878,53.304258],[-6.134929,53.304254],[-6.135088,53.30424],[-6.135098,53.304238],[-6.135293,53.304188],[-6.135517,53.304131],[-6.13563,53.304097],[-6.13627,53.303904],[-6.136916,53.303707],[-6.137693,53.303468],[-6.138673,53.303164],[-6.139523,53.302893],[-6.139766,53.302815],[-6.139769,53.302814],[-6.14008,53.302552],[-6.140204,53.302449],[-6.140243,53.302417],[-6.14065,53.302076],[-6.140665,53.302065],[-6.140683,53.302063],[-6.140695,53.302052],[-6.140716,53.30205],[-6.140745,53.302038],[-6.140786,53.302022],[-6.140816,53.302008],[-6.140861,53.301981],[-6.140894,53.301955],[-6.140923,53.301926],[-6.14093,53.301911],[-6.140935,53.301893],[-6.140944,53.301895],[-6.140955,53.301879],[-6.140968,53.301857],[-6.14097,53.30185],[-6.140971,53.301844],[-6.140981,53.301844],[-6.140993,53.301817],[-6.140999,53.301804],[-6.141001,53.301793],[-6.141011,53.301794],[-6.141012,53.30178],[-6.141018,53.301777],[-6.141013,53.301769],[-6.141459,53.301399],[-6.141473,53.301396],[-6.141497,53.301383],[-6.141532,53.301367],[-6.141576,53.301342],[-6.141633,53.3013],[-6.141717,53.301235],[-6.141798,53.301169],[-6.141917,53.301074],[-6.142004,53.301],[-6.142083,53.300935],[-6.142225,53.300816],[-6.142358,53.300703],[-6.142479,53.300596],[-6.142635,53.300457],[-6.142801,53.300321],[-6.143009,53.300143],[-6.143166,53.300004],[-6.143228,53.299948],[-6.143272,53.299915],[-6.143351,53.299849],[-6.143382,53.299825],[-6.143408,53.299803],[-6.143419,53.299796],[-6.143454,53.299779],[-6.143479,53.299767],[-6.143507,53.299744],[-6.14353,53.299727],[-6.143546,53.299721],[-6.143555,53.299713],[-6.143592,53.299694],[-6.143645,53.299668],[-6.14369,53.299643],[-6.143753,53.299607],[-6.14383,53.299562],[-6.14387,53.299531],[-6.143901,53.299507],[-6.143922,53.299492],[-6.143942,53.299464],[-6.143999,53.299409],[-6.144058,53.299358],[-6.144128,53.299288],[-6.144182,53.299229],[-6.144228,53.299181],[-6.144248,53.299158],[-6.144255,53.299151],[-6.144263,53.299135],[-6.144278,53.299128],[-6.144292,53.299124],[-6.144307,53.299104],[-6.144318,53.299082],[-6.144335,53.299075],[-6.144338,53.299053],[-6.144334,53.299031],[-6.144331,53.29902],[-6.144324,53.299014],[-6.144615,53.298776],[-6.144661,53.298776],[-6.144737,53.298758],[-6.144803,53.298742],[-6.144876,53.298709],[-6.14491,53.298698],[-6.144933,53.298686],[-6.144957,53.298676],[-6.144989,53.298663],[-6.145034,53.298638],[-6.145067,53.298623],[-6.145079,53.298618],[-6.145091,53.298601],[-6.145105,53.298582],[-6.145107,53.298567],[-6.145119,53.298541],[-6.145122,53.29851],[-6.145129,53.29847],[-6.145133,53.298433],[-6.14514,53.298416],[-6.145155,53.298402],[-6.145168,53.298389],[-6.145199,53.298362],[-6.14525,53.29832],[-6.145313,53.298277],[-6.145371,53.298231],[-6.145407,53.298201],[-6.145423,53.298178],[-6.145433,53.298145],[-6.145434,53.298126],[-6.145439,53.298113],[-6.146612,53.297424],[-6.146933,53.297234],[-6.146985,53.297259],[-6.147115,53.297179],[-6.147035,53.29714],[-6.147017,53.297131],[-6.146993,53.297121],[-6.146979,53.297115],[-6.146965,53.297108],[-6.146956,53.297104],[-6.146945,53.297099],[-6.14693,53.297092],[-6.146925,53.29709],[-6.146994,53.297047],[-6.147078,53.296768],[-6.14715,53.29653],[-6.147115,53.296526],[-6.147116,53.296525],[-6.147129,53.296477],[-6.147144,53.296433],[-6.147376,53.296345],[-6.147376,53.296344],[-6.147376,53.296343],[-6.147375,53.296342],[-6.147375,53.296341],[-6.147375,53.29634],[-6.147375,53.296339],[-6.147375,53.296338],[-6.147336,53.296141],[-6.147285,53.295928],[-6.147271,53.2959],[-6.147259,53.295874],[-6.147239,53.295854],[-6.147216,53.295833],[-6.147186,53.295814],[-6.147167,53.295807],[-6.14714,53.295802],[-6.147114,53.295798],[-6.147092,53.295794],[-6.14704,53.295802],[-6.146952,53.295811],[-6.146926,53.295814],[-6.146384,53.295876],[-6.145871,53.295936],[-6.145266,53.296004],[-6.144733,53.296066],[-6.144319,53.296111],[-6.143835,53.296162],[-6.143426,53.296208],[-6.143123,53.296242],[-6.142914,53.296261],[-6.142706,53.296278],[-6.142441,53.296298],[-6.142178,53.296317],[-6.141834,53.296339],[-6.141765,53.296345],[-6.141637,53.296347],[-6.141463,53.296354],[-6.141272,53.296361],[-6.140899,53.296409],[-6.140546,53.296403],[-6.140238,53.296395],[-6.14009,53.296387],[-6.139836,53.296371],[-6.139664,53.296357],[-6.13957,53.296347],[-6.139415,53.296287],[-6.139279,53.296272],[-6.139158,53.296259],[-6.138988,53.296237],[-6.138911,53.296227],[-6.138668,53.295996],[-6.138627,53.295987],[-6.138481,53.295953],[-6.13831,53.295914],[-6.138104,53.295867],[-6.137936,53.295828],[-6.13778,53.29579],[-6.137632,53.295756],[-6.137428,53.295708],[-6.137223,53.295659],[-6.137069,53.295623],[-6.136502,53.295487],[-6.136354,53.295452],[-6.136208,53.295416],[-6.136165,53.295407],[-6.136057,53.29538],[-6.135927,53.29533],[-6.135808,53.295283],[-6.135749,53.295261],[-6.135556,53.295186],[-6.135403,53.295128],[-6.135291,53.295083],[-6.135223,53.295056],[-6.135049,53.294988],[-6.134878,53.29492],[-6.134673,53.294837],[-6.134606,53.29481],[-6.134508,53.294771],[-6.13449,53.294764],[-6.134383,53.29472],[-6.134323,53.294697],[-6.133415,53.294339],[-6.132092,53.293754],[-6.131048,53.293189],[-6.131231,53.293052],[-6.131225,53.293052],[-6.131079,53.29299],[-6.131,53.292956],[-6.13099,53.292952],[-6.130987,53.292951],[-6.130961,53.292963],[-6.130952,53.292956],[-6.130863,53.292891],[-6.130798,53.292843],[-6.130718,53.292785],[-6.13063,53.292723],[-6.130551,53.292666],[-6.130481,53.292616],[-6.130421,53.292573],[-6.130401,53.292559],[-6.130327,53.292506],[-6.130336,53.2925],[-6.130303,53.292479],[-6.130301,53.292481],[-6.129953,53.292229],[-6.129813,53.292128],[-6.129835,53.292116],[-6.129816,53.292102],[-6.129796,53.292112],[-6.129606,53.291977],[-6.12953,53.291923],[-6.129462,53.291874],[-6.129487,53.291863],[-6.129459,53.291842],[-6.129429,53.291857],[-6.129334,53.29178],[-6.129287,53.291743],[-6.129246,53.291709],[-6.129198,53.291669],[-6.129156,53.291635],[-6.129099,53.29159],[-6.129047,53.291547],[-6.128986,53.291497],[-6.128961,53.291474],[-6.128934,53.291454],[-6.128818,53.291358],[-6.128728,53.291326],[-6.128634,53.29124],[-6.128605,53.291214],[-6.128536,53.291154],[-6.128519,53.291139],[-6.128518,53.291136],[-6.128518,53.291133],[-6.127955,53.291362],[-6.127899,53.291375],[-6.128042,53.291372],[-6.12817,53.291442],[-6.128197,53.291457],[-6.128208,53.291463],[-6.128218,53.291468],[-6.128226,53.291473],[-6.128235,53.291477],[-6.128244,53.291481],[-6.128253,53.291486],[-6.128261,53.291491],[-6.128266,53.291493],[-6.128269,53.291495],[-6.12828,53.2915],[-6.12829,53.291506],[-6.1283,53.291509],[-6.128354,53.291561],[-6.128357,53.291563],[-6.128399,53.291603],[-6.128407,53.291611],[-6.128413,53.291616],[-6.128416,53.29162],[-6.128417,53.291621],[-6.128455,53.291672],[-6.128497,53.291729],[-6.128522,53.291763],[-6.128528,53.29177],[-6.128533,53.291777],[-6.128539,53.291786],[-6.128544,53.291793],[-6.128548,53.291799],[-6.128549,53.291808],[-6.128554,53.291815],[-6.12856,53.291822],[-6.128565,53.291828],[-6.12857,53.291835],[-6.128576,53.291843],[-6.128543,53.291851],[-6.128586,53.291908],[-6.128632,53.29196],[-6.12869,53.292021],[-6.128704,53.292037],[-6.128734,53.292064],[-6.128745,53.292081],[-6.128759,53.292098],[-6.128806,53.292156],[-6.128852,53.292209],[-6.128873,53.292235],[-6.128852,53.292258],[-6.128854,53.29226],[-6.12887,53.292283],[-6.129171,53.292375],[-6.129187,53.292389],[-6.12918,53.292392],[-6.129252,53.292451],[-6.12931,53.292498],[-6.129355,53.29254],[-6.12943,53.292605],[-6.129415,53.292645],[-6.12941,53.292657],[-6.129339,53.292746],[-6.129267,53.292833],[-6.12914,53.292975],[-6.129094,53.293019],[-6.129021,53.293098],[-6.128956,53.293168],[-6.128899,53.293224],[-6.128888,53.293228],[-6.128869,53.293236],[-6.128847,53.293248],[-6.128828,53.293264],[-6.128798,53.293291],[-6.128751,53.293337],[-6.128718,53.293368],[-6.128686,53.293399],[-6.128648,53.293429],[-6.128622,53.293452],[-6.128587,53.293478],[-6.128548,53.293506],[-6.12848,53.293561],[-6.128476,53.293564],[-6.128464,53.293576],[-6.128435,53.293602],[-6.128399,53.293638],[-6.128375,53.29366],[-6.128357,53.293683],[-6.128336,53.29371],[-6.12831,53.293741],[-6.128272,53.293783],[-6.128237,53.293823],[-6.128202,53.293862],[-6.128175,53.293894],[-6.128153,53.293915],[-6.128125,53.293943],[-6.128106,53.293963],[-6.128088,53.293983],[-6.128057,53.29401],[-6.128024,53.294039],[-6.127985,53.294088],[-6.127961,53.294118],[-6.127944,53.294135],[-6.127926,53.294146],[-6.127907,53.294158],[-6.127887,53.294173],[-6.127864,53.294193],[-6.127848,53.294209],[-6.127828,53.294224],[-6.127798,53.294246],[-6.12776,53.29428],[-6.127716,53.294323],[-6.127684,53.294355],[-6.127652,53.294388],[-6.127622,53.294421],[-6.127583,53.294466],[-6.127551,53.294504],[-6.127521,53.294542],[-6.127485,53.294578],[-6.127444,53.294621],[-6.127385,53.294684],[-6.127353,53.294722],[-6.127312,53.294768],[-6.127273,53.294814],[-6.127242,53.294848],[-6.127194,53.294899],[-6.127146,53.294951],[-6.127089,53.295011],[-6.127037,53.295061],[-6.127011,53.295083],[-6.126974,53.295112],[-6.126935,53.295145],[-6.126892,53.295181],[-6.126841,53.295219],[-6.126784,53.295264],[-6.126757,53.295288],[-6.126725,53.295318],[-6.126692,53.295349],[-6.126654,53.295385],[-6.126599,53.295435],[-6.12653,53.295503],[-6.126467,53.295565],[-6.126431,53.295603],[-6.126397,53.295641],[-6.126355,53.295689],[-6.126338,53.295708],[-6.126326,53.295723],[-6.126315,53.295721],[-6.126305,53.295741],[-6.126259,53.29575],[-6.126226,53.295773],[-6.126208,53.295798],[-6.126217,53.29582],[-6.12624,53.295833],[-6.126242,53.295848],[-6.126137,53.295947],[-6.126033,53.296047],[-6.125945,53.296131],[-6.125826,53.296245],[-6.125755,53.296314],[-6.125661,53.296405],[-6.125609,53.296455],[-6.125567,53.296497],[-6.125511,53.296548],[-6.125442,53.296615],[-6.125371,53.29668],[-6.125312,53.296739],[-6.125266,53.296784],[-6.125234,53.29679],[-6.125141,53.296813],[-6.125041,53.296911],[-6.12489,53.297058],[-6.124754,53.297189],[-6.124536,53.297401],[-6.124425,53.297509],[-6.124417,53.297506],[-6.124402,53.297501],[-6.124402,53.297501],[-6.12434,53.297558],[-6.124243,53.297653],[-6.124242,53.297652],[-6.124236,53.29765],[-6.124223,53.297645],[-6.124223,53.297645],[-6.124129,53.297737],[-6.124128,53.297738],[-6.124127,53.297739],[-6.124123,53.297738],[-6.124119,53.297757],[-6.124126,53.297758],[-6.124126,53.297759],[-6.124121,53.297787],[-6.124093,53.297913],[-6.124065,53.298034],[-6.124089,53.298037],[-6.124053,53.298197],[-6.124084,53.298199],[-6.12406,53.298304],[-6.124095,53.298307],[-6.124072,53.298414],[-6.124129,53.298451],[-6.124144,53.298452],[-6.124131,53.298507],[-6.124041,53.298933],[-6.123997,53.299134],[-6.123977,53.299136],[-6.123943,53.299146],[-6.123911,53.299151],[-6.123875,53.299159],[-6.123845,53.299159],[-6.123779,53.299172],[-6.123753,53.299175],[-6.123721,53.29918],[-6.123695,53.29918],[-6.123663,53.299186],[-6.123632,53.299202],[-6.123616,53.29921],[-6.123601,53.299287],[-6.123585,53.299393],[-6.123571,53.29953],[-6.123562,53.29963],[-6.12355,53.299752],[-6.123537,53.299882],[-6.123525,53.300009],[-6.123515,53.300109],[-6.123506,53.300186],[-6.123497,53.300277],[-6.12349,53.300347],[-6.123482,53.300419],[-6.123482,53.30042],[-6.123485,53.300422],[-6.123486,53.300422],[-6.123616,53.300554],[-6.123772,53.30071],[-6.123894,53.300835],[-6.124002,53.300942],[-6.124101,53.301047],[-6.124209,53.301164],[-6.124305,53.301265],[-6.124345,53.301309],[-6.124371,53.301337],[-6.124427,53.301387],[-6.12451,53.301462],[-6.124585,53.301528],[-6.124672,53.301607],[-6.124788,53.301719],[-6.124947,53.301871],[-6.125087,53.302004],[-6.125191,53.302103],[-6.125232,53.302139],[-6.125277,53.302179],[-6.125292,53.302195],[-6.125303,53.302205],[-6.125372,53.302271],[-6.125441,53.302327],[-6.125523,53.302393],[-6.125591,53.302451],[-6.12563,53.302478],[-6.125675,53.302506],[-6.125709,53.302528],[-6.125741,53.302546],[-6.12579,53.302566],[-6.125861,53.302596],[-6.125915,53.30262],[-6.125966,53.302637],[-6.126025,53.302655],[-6.126091,53.302669],[-6.126155,53.302679],[-6.12621,53.302687],[-6.126287,53.302698],[-6.12636,53.302702],[-6.126438,53.302703],[-6.126517,53.3027],[-6.126596,53.302689],[-6.126677,53.302671],[-6.126756,53.302651],[-6.126822,53.302623],[-6.126882,53.302594],[-6.126907,53.302578],[-6.126917,53.302581],[-6.126927,53.302583],[-6.126948,53.302587],[-6.126949,53.302587],[-6.126951,53.302588],[-6.126952,53.302588],[-6.126953,53.302588],[-6.126955,53.302588],[-6.126956,53.302589],[-6.126958,53.302589],[-6.126959,53.302589],[-6.126961,53.302589],[-6.126962,53.30259],[-6.126964,53.30259],[-6.126965,53.30259],[-6.126967,53.30259],[-6.126985,53.302592],[-6.126986,53.302593],[-6.126988,53.302593],[-6.126989,53.302593],[-6.126991,53.302593],[-6.126993,53.302593],[-6.126994,53.302593],[-6.126996,53.302593],[-6.126998,53.302593],[-6.126999,53.302593],[-6.127002,53.302594],[-6.127004,53.302594],[-6.127006,53.302594],[-6.127008,53.302594],[-6.12701,53.302594],[-6.127011,53.302594],[-6.127013,53.302594],[-6.127015,53.302594],[-6.127017,53.302594],[-6.127018,53.302594],[-6.12702,53.302594],[-6.127022,53.302594],[-6.127024,53.302594],[-6.127027,53.302594],[-6.127029,53.302594],[-6.127031,53.302594],[-6.127033,53.302594],[-6.127034,53.302593],[-6.127036,53.302593],[-6.127038,53.302593],[-6.12704,53.302593],[-6.127041,53.302593],[-6.127043,53.302593],[-6.127045,53.302593],[-6.127047,53.302593],[-6.127048,53.302593],[-6.127052,53.302593],[-6.127054,53.302593],[-6.127056,53.302592],[-6.127058,53.302592],[-6.127059,53.302592],[-6.127061,53.302592],[-6.127063,53.302592],[-6.127065,53.302592],[-6.127067,53.302592],[-6.127069,53.302591],[-6.12707,53.302591],[-6.127072,53.302591],[-6.127074,53.302591],[-6.127101,53.302588],[-6.127125,53.302585],[-6.127127,53.302585],[-6.127129,53.302585],[-6.12713,53.302584],[-6.127132,53.302584],[-6.127134,53.302584],[-6.127135,53.302584],[-6.127137,53.302584],[-6.127139,53.302583],[-6.12714,53.302583],[-6.127142,53.302583],[-6.127143,53.302582],[-6.127145,53.302582],[-6.127147,53.302582],[-6.127148,53.302581],[-6.12715,53.302581],[-6.127152,53.302581],[-6.127153,53.30258],[-6.127155,53.30258],[-6.127156,53.302579],[-6.127158,53.302579],[-6.127159,53.302579],[-6.127161,53.302578],[-6.127163,53.302578],[-6.127164,53.302577],[-6.127166,53.302577],[-6.127167,53.302576],[-6.127169,53.302576],[-6.12719,53.302569],[-6.127211,53.302561],[-6.127213,53.302561],[-6.127214,53.30256],[-6.127216,53.30256],[-6.127217,53.302559],[-6.127219,53.302558],[-6.12722,53.302558],[-6.127221,53.302557],[-6.127223,53.302557],[-6.127224,53.302556],[-6.127226,53.302556],[-6.127227,53.302555],[-6.127228,53.302554],[-6.12723,53.302554],[-6.127231,53.302553],[-6.127232,53.302552],[-6.127233,53.302552],[-6.127235,53.302551],[-6.127236,53.302551],[-6.127237,53.30255],[-6.127238,53.302549],[-6.127239,53.302549],[-6.12724,53.302548],[-6.127242,53.302548],[-6.127243,53.302547],[-6.127244,53.302546],[-6.127245,53.302546],[-6.127246,53.302545],[-6.127247,53.302544],[-6.127248,53.302544],[-6.12725,53.302543],[-6.127251,53.302542],[-6.127252,53.302542],[-6.127253,53.302541],[-6.127254,53.30254],[-6.127255,53.30254],[-6.127256,53.302539],[-6.127257,53.302538],[-6.127258,53.302538],[-6.127259,53.302537],[-6.12726,53.302536],[-6.127261,53.302535],[-6.127262,53.302535],[-6.127263,53.302534],[-6.127264,53.302533],[-6.127265,53.302533],[-6.127266,53.302532],[-6.127268,53.302531],[-6.127269,53.30253],[-6.12727,53.302529],[-6.127271,53.302529],[-6.127272,53.302528],[-6.127273,53.302527],[-6.127274,53.302526],[-6.127275,53.302525],[-6.127276,53.302524],[-6.127277,53.302524],[-6.127278,53.302523],[-6.127279,53.302522],[-6.12728,53.302521],[-6.127281,53.30252],[-6.127282,53.302519],[-6.127294,53.302506],[-6.127303,53.302497],[-6.12731,53.302487],[-6.127314,53.302482],[-6.127317,53.302478],[-6.127328,53.302464],[-6.127337,53.302452],[-6.127341,53.302446],[-6.12734,53.30244],[-6.127339,53.302434],[-6.127339,53.302434],[-6.127339,53.302433],[-6.127339,53.302432],[-6.127339,53.302431],[-6.127339,53.30243],[-6.12734,53.302429],[-6.12734,53.302428],[-6.12734,53.302427],[-6.12734,53.302425],[-6.127341,53.302424],[-6.127341,53.302423],[-6.127341,53.302422],[-6.127341,53.302421],[-6.127341,53.30242],[-6.127341,53.302419],[-6.127341,53.302419],[-6.127341,53.302405],[-6.127341,53.302404],[-6.127341,53.302403],[-6.127341,53.302402],[-6.12734,53.302401],[-6.12734,53.3024],[-6.12734,53.302399],[-6.12734,53.302398],[-6.12734,53.302397],[-6.12734,53.302396],[-6.12734,53.302395],[-6.127339,53.302394],[-6.127339,53.302393],[-6.127339,53.302392],[-6.127339,53.302391],[-6.127339,53.30239],[-6.127338,53.302389],[-6.127338,53.302388],[-6.127338,53.302387],[-6.127338,53.302386],[-6.127338,53.302385],[-6.127337,53.302384],[-6.127337,53.302383],[-6.127337,53.302382],[-6.127337,53.302381],[-6.127336,53.30238],[-6.127336,53.30238],[-6.127336,53.302379],[-6.127335,53.302378],[-6.127335,53.302377],[-6.127335,53.302376],[-6.127334,53.302374],[-6.127334,53.302373],[-6.127334,53.302372],[-6.127333,53.302372],[-6.127333,53.302371],[-6.127333,53.30237],[-6.127332,53.302369],[-6.127332,53.302368],[-6.127332,53.302367],[-6.127331,53.302366],[-6.127331,53.302365],[-6.12733,53.302364],[-6.12733,53.302363],[-6.12733,53.302362],[-6.127329,53.302361],[-6.127329,53.30236],[-6.127328,53.302359],[-6.127328,53.302358],[-6.127327,53.302357],[-6.127327,53.302356],[-6.127326,53.302355],[-6.127326,53.302354],[-6.127325,53.302353],[-6.127325,53.302352],[-6.127324,53.302351],[-6.127324,53.30235],[-6.127323,53.302349],[-6.127323,53.302348],[-6.127322,53.302347],[-6.127322,53.302346],[-6.127321,53.302345],[-6.127321,53.302344],[-6.12732,53.302343],[-6.12732,53.302342],[-6.127319,53.302341],[-6.127318,53.30234],[-6.127318,53.302339],[-6.127317,53.302338],[-6.127317,53.302337],[-6.127316,53.302336],[-6.127316,53.302335],[-6.127315,53.302334],[-6.127314,53.302333],[-6.127314,53.302332],[-6.127313,53.302331],[-6.127312,53.30233],[-6.127312,53.302329],[-6.127311,53.302328],[-6.12731,53.302327],[-6.127309,53.302326],[-6.127309,53.302325],[-6.127308,53.302324],[-6.127307,53.302323],[-6.127306,53.302322],[-6.127305,53.302322],[-6.127305,53.302321],[-6.127304,53.30232],[-6.127303,53.302319],[-6.127302,53.302318],[-6.127302,53.302317],[-6.127301,53.302317],[-6.1273,53.302316],[-6.127299,53.302315],[-6.127299,53.302314],[-6.127298,53.302313],[-6.127297,53.302313],[-6.127296,53.302312],[-6.127295,53.302311],[-6.127294,53.30231],[-6.127293,53.302309],[-6.127292,53.302308],[-6.127291,53.302307],[-6.127291,53.302307],[-6.12729,53.302306],[-6.127289,53.302305],[-6.127288,53.302304],[-6.127287,53.302304],[-6.127286,53.302303],[-6.127285,53.302302],[-6.127284,53.302301],[-6.127283,53.302301],[-6.127282,53.3023],[-6.127281,53.302299],[-6.12728,53.302298],[-6.127279,53.302298],[-6.127278,53.302297],[-6.127277,53.302296],[-6.127276,53.302295],[-6.127275,53.302294],[-6.127274,53.302294],[-6.127273,53.302293],[-6.127272,53.302292],[-6.12727,53.302291],[-6.127269,53.302291],[-6.127268,53.30229],[-6.127267,53.302289],[-6.127266,53.302289],[-6.127265,53.302288],[-6.127263,53.302287],[-6.127245,53.302277],[-6.127232,53.302271],[-6.127219,53.302265],[-6.126986,53.302215],[-6.126956,53.302236],[-6.126855,53.302303],[-6.126382,53.302202],[-6.126351,53.302195],[-6.126322,53.302188],[-6.126247,53.30217],[-6.126229,53.302165],[-6.126226,53.302164],[-6.126223,53.302161],[-6.126091,53.302033],[-6.1259,53.301849],[-6.125703,53.30166],[-6.125468,53.301431],[-6.125335,53.301302],[-6.125329,53.301295],[-6.125328,53.301295],[-6.125245,53.301214],[-6.125099,53.301071],[-6.124933,53.300909],[-6.124771,53.30075],[-6.124593,53.300577],[-6.124476,53.300463],[-6.124309,53.3003],[-6.124247,53.30024],[-6.124274,53.300098],[-6.124299,53.299983],[-6.1243,53.299982],[-6.124298,53.299981],[-6.124331,53.299823],[-6.124366,53.299652],[-6.124402,53.299469],[-6.124437,53.299297],[-6.12448,53.299082],[-6.12451,53.298938],[-6.124509,53.298937],[-6.124509,53.298937],[-6.124539,53.29879],[-6.124572,53.298637],[-6.124612,53.298428],[-6.124664,53.298184],[-6.124711,53.29796],[-6.124712,53.297953],[-6.124712,53.297948],[-6.124714,53.297942],[-6.124716,53.297938],[-6.124718,53.297932],[-6.124721,53.297927],[-6.124723,53.297921],[-6.124729,53.297913],[-6.124735,53.297905],[-6.124742,53.297896],[-6.12475,53.297887],[-6.124867,53.297772],[-6.125009,53.297636],[-6.125203,53.297451],[-6.125347,53.297313],[-6.125517,53.297152],[-6.125691,53.296985],[-6.125808,53.296873],[-6.125812,53.296869],[-6.125813,53.296868],[-6.125823,53.296858],[-6.125834,53.296848],[-6.125834,53.296848],[-6.125886,53.2968],[-6.125875,53.2968],[-6.125878,53.296798],[-6.125881,53.296795],[-6.125897,53.296795],[-6.125933,53.29676],[-6.126004,53.296694],[-6.126116,53.296587],[-6.126207,53.296501],[-6.126375,53.29634],[-6.126493,53.296228],[-6.12661,53.296119],[-6.126652,53.296078],[-6.126873,53.295869],[-6.126878,53.295866],[-6.126887,53.295866],[-6.126902,53.295863],[-6.126914,53.295857],[-6.127005,53.295769],[-6.127121,53.295656],[-6.127243,53.295536],[-6.12728,53.295501],[-6.127286,53.295491],[-6.127285,53.295479],[-6.127277,53.295469],[-6.127273,53.295462],[-6.127275,53.295454],[-6.127276,53.295453],[-6.127281,53.295447],[-6.127287,53.295441],[-6.127294,53.295433],[-6.1273,53.295427],[-6.127307,53.295423],[-6.127308,53.295423],[-6.127313,53.295419],[-6.127318,53.295415],[-6.127325,53.295411],[-6.12733,53.295407],[-6.127331,53.295406],[-6.127338,53.295402],[-6.12734,53.295402],[-6.127345,53.295397],[-6.12735,53.295394],[-6.127365,53.295384],[-6.127576,53.295185],[-6.127643,53.295121],[-6.127643,53.295121],[-6.127758,53.295013],[-6.127796,53.295],[-6.127964,53.294845],[-6.128089,53.294729],[-6.128138,53.294683],[-6.128191,53.294631],[-6.128192,53.294631],[-6.128219,53.294628],[-6.128346,53.294677],[-6.128552,53.294481],[-6.128805,53.294237],[-6.128943,53.294105],[-6.12894,53.294104],[-6.129056,53.294035],[-6.129103,53.294072],[-6.129186,53.293993],[-6.129132,53.293966],[-6.129104,53.2939],[-6.129094,53.29386],[-6.129178,53.293737],[-6.129187,53.293727],[-6.129194,53.293727],[-6.129242,53.293675],[-6.129259,53.293645],[-6.129266,53.293633],[-6.129312,53.293598],[-6.129422,53.293511],[-6.129547,53.293414],[-6.129617,53.293361],[-6.129636,53.293352],[-6.129647,53.29334],[-6.129649,53.293337],[-6.129773,53.293349],[-6.129865,53.293241],[-6.129928,53.293168],[-6.129957,53.293126],[-6.129973,53.293131],[-6.130023,53.293147],[-6.129815,53.293366],[-6.130022,53.293436],[-6.129997,53.293453],[-6.130005,53.293457],[-6.130036,53.293473],[-6.130121,53.29341],[-6.130193,53.293357],[-6.130236,53.293325],[-6.130273,53.293388],[-6.130264,53.293393],[-6.130262,53.293394],[-6.130249,53.293386],[-6.130176,53.293438],[-6.130042,53.293535],[-6.130049,53.293538],[-6.130337,53.293707],[-6.130442,53.293647],[-6.13046,53.293647],[-6.130506,53.293629],[-6.13058,53.293589],[-6.130663,53.293568],[-6.130646,53.293798],[-6.130692,53.2938],[-6.130706,53.293685],[-6.130776,53.293704],[-6.130843,53.293722],[-6.130828,53.293739],[-6.130822,53.293744],[-6.13069,53.293869],[-6.130745,53.293889],[-6.130868,53.293775],[-6.130889,53.293756],[-6.130949,53.293723],[-6.130952,53.293725],[-6.130998,53.293794],[-6.131075,53.29391],[-6.131171,53.293918],[-6.131255,53.293916],[-6.131254,53.293918],[-6.131244,53.293931],[-6.131228,53.29395],[-6.131223,53.293955],[-6.131218,53.293961],[-6.131217,53.293962],[-6.131212,53.293966],[-6.131206,53.293974],[-6.131199,53.29398],[-6.131193,53.293987],[-6.131184,53.293996],[-6.130553,53.294634],[-6.130549,53.294632],[-6.130544,53.29463],[-6.130543,53.29463],[-6.130541,53.29463],[-6.130539,53.29463],[-6.130538,53.294629],[-6.130536,53.294629],[-6.130535,53.294629],[-6.130533,53.294629],[-6.130532,53.294629],[-6.13053,53.294628],[-6.130528,53.294628],[-6.130527,53.294628],[-6.130525,53.294628],[-6.130524,53.294629],[-6.130522,53.294629],[-6.13052,53.294629],[-6.130519,53.294629],[-6.130517,53.294629],[-6.130516,53.29463],[-6.130514,53.29463],[-6.130513,53.294631],[-6.130512,53.294631],[-6.13051,53.294632],[-6.130509,53.294632],[-6.130508,53.294633],[-6.130402,53.294742],[-6.130144,53.295003],[-6.129761,53.295387],[-6.129535,53.295613],[-6.12946,53.295689],[-6.129459,53.29569],[-6.129458,53.295691],[-6.129457,53.295692],[-6.129456,53.295693],[-6.129455,53.295694],[-6.129455,53.295694],[-6.129454,53.295695],[-6.129453,53.295696],[-6.129452,53.295697],[-6.129451,53.295698],[-6.12945,53.295699],[-6.12945,53.2957],[-6.129449,53.295701],[-6.129448,53.295702],[-6.129447,53.295703],[-6.129446,53.295704],[-6.129445,53.295704],[-6.129445,53.295705],[-6.129444,53.295706],[-6.129443,53.295707],[-6.129442,53.295708],[-6.129442,53.295709],[-6.12944,53.29571],[-6.12944,53.295711],[-6.129439,53.295712],[-6.129438,53.295713],[-6.129437,53.295714],[-6.129437,53.295715],[-6.129436,53.295716],[-6.129435,53.295717],[-6.129434,53.295718],[-6.129434,53.295719],[-6.129433,53.295719],[-6.129432,53.29572],[-6.129431,53.295721],[-6.129431,53.295722],[-6.12943,53.295723],[-6.129429,53.295724],[-6.129429,53.295725],[-6.129428,53.295726],[-6.129427,53.295727],[-6.129426,53.295728],[-6.129426,53.295729],[-6.129425,53.29573],[-6.129424,53.295731],[-6.129423,53.295732],[-6.129423,53.295733],[-6.129422,53.295734],[-6.129421,53.295735],[-6.12942,53.295736],[-6.12942,53.295737],[-6.129419,53.295738],[-6.129418,53.295739],[-6.129417,53.29574],[-6.129417,53.295741],[-6.129416,53.295742],[-6.129415,53.295744],[-6.129415,53.295745],[-6.129414,53.295746],[-6.129413,53.295747],[-6.129412,53.295748],[-6.129412,53.295749],[-6.129411,53.29575],[-6.12941,53.295751],[-6.12941,53.295752],[-6.129409,53.295753],[-6.129408,53.295754],[-6.129408,53.295755],[-6.129407,53.295756],[-6.129406,53.295758],[-6.129405,53.295759],[-6.129405,53.29576],[-6.129404,53.295761],[-6.129403,53.295762],[-6.129403,53.295763],[-6.129402,53.295764],[-6.129402,53.295765],[-6.129401,53.295766],[-6.1294,53.295767],[-6.1294,53.295768],[-6.129399,53.295769],[-6.129399,53.29577],[-6.129398,53.295771],[-6.129398,53.295773],[-6.129397,53.295774],[-6.129397,53.295775],[-6.129396,53.295776],[-6.129396,53.295777],[-6.129395,53.295778],[-6.129395,53.295779],[-6.129394,53.29578],[-6.129393,53.295782],[-6.129393,53.295783],[-6.129393,53.295784],[-6.129392,53.295785],[-6.129392,53.295786],[-6.129391,53.295787],[-6.129391,53.295788],[-6.12939,53.295789],[-6.12939,53.29579],[-6.12939,53.295791],[-6.129389,53.295792],[-6.129389,53.295793],[-6.129388,53.295794],[-6.129388,53.295795],[-6.129388,53.295796],[-6.129387,53.295797],[-6.129387,53.295799],[-6.129387,53.2958],[-6.129386,53.295801],[-6.129386,53.295802],[-6.129386,53.295803],[-6.129385,53.295804],[-6.129385,53.295805],[-6.129385,53.295806],[-6.129384,53.295807],[-6.129384,53.295808],[-6.129384,53.295809],[-6.129383,53.29581],[-6.129383,53.295811],[-6.129383,53.295812],[-6.129382,53.295813],[-6.129382,53.295814],[-6.129382,53.295815],[-6.129382,53.295817],[-6.129381,53.295819],[-6.129381,53.29582],[-6.129381,53.295821],[-6.12938,53.295822],[-6.12938,53.295823],[-6.12938,53.295824],[-6.12938,53.295825],[-6.129379,53.295826],[-6.129379,53.295827],[-6.129379,53.295828],[-6.129379,53.295829],[-6.129378,53.29583],[-6.129378,53.295831],[-6.129378,53.295832],[-6.129378,53.295834],[-6.129378,53.295835],[-6.129377,53.295836],[-6.129377,53.295837],[-6.129377,53.295838],[-6.129377,53.295839],[-6.129377,53.29584],[-6.129377,53.295841],[-6.129376,53.295842],[-6.129376,53.295843],[-6.129376,53.295844],[-6.129376,53.295845],[-6.129376,53.295846],[-6.129376,53.295847],[-6.129376,53.295849],[-6.129375,53.29585],[-6.129375,53.295851],[-6.129375,53.295852],[-6.129375,53.295853],[-6.129375,53.295854],[-6.129375,53.295856],[-6.129375,53.295857],[-6.129375,53.295858],[-6.129375,53.295859],[-6.129374,53.29586],[-6.129374,53.295861],[-6.129374,53.295862],[-6.129374,53.295863],[-6.129374,53.295864],[-6.129374,53.295866],[-6.129375,53.295867],[-6.129375,53.295868],[-6.129375,53.295869],[-6.129375,53.29587],[-6.129377,53.295886],[-6.129384,53.295889],[-6.129385,53.29589],[-6.129385,53.295891],[-6.129385,53.295892],[-6.129385,53.295893],[-6.129385,53.295894],[-6.129385,53.295895],[-6.129386,53.295896],[-6.129386,53.295897],[-6.129386,53.295898],[-6.129386,53.295899],[-6.129386,53.2959],[-6.129387,53.295901],[-6.129387,53.295902],[-6.129387,53.295903],[-6.129388,53.295905],[-6.129388,53.295906],[-6.129388,53.295907],[-6.129389,53.295908],[-6.129389,53.295909],[-6.12939,53.29591],[-6.12939,53.295911],[-6.12939,53.295912],[-6.129391,53.295913],[-6.129391,53.295914],[-6.129392,53.295915],[-6.129392,53.295916],[-6.129393,53.295917],[-6.129393,53.295918],[-6.129394,53.295919],[-6.129394,53.29592],[-6.129395,53.295921],[-6.129395,53.295922],[-6.129396,53.295923],[-6.129397,53.295924],[-6.129397,53.295925],[-6.129398,53.295926],[-6.129398,53.295927],[-6.129399,53.295928],[-6.1294,53.295929],[-6.1294,53.29593],[-6.129401,53.295931],[-6.129402,53.295932],[-6.129402,53.295933],[-6.129403,53.295934],[-6.129404,53.295935],[-6.129405,53.295936],[-6.129405,53.295937],[-6.129406,53.295938],[-6.129407,53.295939],[-6.129408,53.29594],[-6.129409,53.295941],[-6.12941,53.295942],[-6.129411,53.295943],[-6.129411,53.295944],[-6.129412,53.295944],[-6.129413,53.295945],[-6.129414,53.295946],[-6.129415,53.295947],[-6.129416,53.295948],[-6.129417,53.295949],[-6.129419,53.295949],[-6.12942,53.29595],[-6.129421,53.295951],[-6.129422,53.295952],[-6.129423,53.295953],[-6.129424,53.295953],[-6.129426,53.295955],[-6.129427,53.295955],[-6.129429,53.295956],[-6.12943,53.295957],[-6.129431,53.295958],[-6.129432,53.295958],[-6.129434,53.295959],[-6.129435,53.29596],[-6.129436,53.29596],[-6.129438,53.295961],[-6.129439,53.295962],[-6.129442,53.295963],[-6.129443,53.295963],[-6.129444,53.295964],[-6.129446,53.295964],[-6.129447,53.295965],[-6.129449,53.295965],[-6.12945,53.295966],[-6.129452,53.295966],[-6.129453,53.295966],[-6.129455,53.295967],[-6.129456,53.295967],[-6.129458,53.295968],[-6.129478,53.295971],[-6.129479,53.295972],[-6.129481,53.295972],[-6.129482,53.295972],[-6.129484,53.295973],[-6.129485,53.295973],[-6.129487,53.295973],[-6.129488,53.295973],[-6.12949,53.295973],[-6.129492,53.295974],[-6.129493,53.295974],[-6.129495,53.295974],[-6.129496,53.295974],[-6.129498,53.295975],[-6.129499,53.295975],[-6.129501,53.295975],[-6.129503,53.295975],[-6.129504,53.295975],[-6.129506,53.295976],[-6.129507,53.295976],[-6.129509,53.295976],[-6.12951,53.295976],[-6.129512,53.295976],[-6.129514,53.295976],[-6.129515,53.295976],[-6.129517,53.295976],[-6.129518,53.295976],[-6.12952,53.295976],[-6.129522,53.295976],[-6.129523,53.295976],[-6.129525,53.295976],[-6.129527,53.295976],[-6.129528,53.295976],[-6.12953,53.295976],[-6.129531,53.295976],[-6.129533,53.295976],[-6.129535,53.295976],[-6.129536,53.295976],[-6.129538,53.295976],[-6.129539,53.295976],[-6.129541,53.295976],[-6.129543,53.295975],[-6.129544,53.295975],[-6.129546,53.295975],[-6.129547,53.295975],[-6.129549,53.295975],[-6.12955,53.295974],[-6.129552,53.295974],[-6.129554,53.295974],[-6.129555,53.295974],[-6.129557,53.295973],[-6.129559,53.295973],[-6.129561,53.295973],[-6.129562,53.295972],[-6.129564,53.295972],[-6.129566,53.295972],[-6.129567,53.295972],[-6.129569,53.295971],[-6.129571,53.295971],[-6.129573,53.295971],[-6.129574,53.29597],[-6.129576,53.29597],[-6.129578,53.295969],[-6.129579,53.295969],[-6.129581,53.295969],[-6.129583,53.295968],[-6.129584,53.295968],[-6.129586,53.295967],[-6.129588,53.295967],[-6.129589,53.295967],[-6.129591,53.295966],[-6.129593,53.295966],[-6.129594,53.295965],[-6.129596,53.295965],[-6.129597,53.295964],[-6.129599,53.295964],[-6.129601,53.295963],[-6.129607,53.295968],[-6.129609,53.295968],[-6.129611,53.295968],[-6.129613,53.295967],[-6.129615,53.295967],[-6.129617,53.295967],[-6.129619,53.295966],[-6.12962,53.295966],[-6.129622,53.295965],[-6.129623,53.295965],[-6.129625,53.295965],[-6.129627,53.295964],[-6.129629,53.295964],[-6.12963,53.295963],[-6.129632,53.295963],[-6.129634,53.295962],[-6.129636,53.295962],[-6.129637,53.295962],[-6.12964,53.295961],[-6.129642,53.29596],[-6.129645,53.29596],[-6.129646,53.295959],[-6.129648,53.295959],[-6.12965,53.295958],[-6.129652,53.295958],[-6.129654,53.295957],[-6.129656,53.295956],[-6.129658,53.295956],[-6.129659,53.295956],[-6.12966,53.295955],[-6.129662,53.295955],[-6.129663,53.295954],[-6.129665,53.295954],[-6.129667,53.295953],[-6.129668,53.295953],[-6.12967,53.295952],[-6.129671,53.295952],[-6.129673,53.295951],[-6.129674,53.295951],[-6.129675,53.29595],[-6.129677,53.29595],[-6.129678,53.295949],[-6.12968,53.295949],[-6.129681,53.295948],[-6.129682,53.295948],[-6.129683,53.295947],[-6.129685,53.295947],[-6.129686,53.295946],[-6.129687,53.295946],[-6.129689,53.295945],[-6.12969,53.295945],[-6.129691,53.295944],[-6.129692,53.295944],[-6.129694,53.295943],[-6.129695,53.295943],[-6.129696,53.295942],[-6.129697,53.295942],[-6.129699,53.295941],[-6.129701,53.29594],[-6.129702,53.29594],[-6.129703,53.295939],[-6.129705,53.295938],[-6.129706,53.295938],[-6.129708,53.295937],[-6.129709,53.295937],[-6.12971,53.295936],[-6.129712,53.295935],[-6.129713,53.295935],[-6.129714,53.295934],[-6.129715,53.295934],[-6.129716,53.295933],[-6.129718,53.295933],[-6.129719,53.295932],[-6.12972,53.295932],[-6.129721,53.295931],[-6.129722,53.295931],[-6.129723,53.29593],[-6.129725,53.295929],[-6.129726,53.295929],[-6.129727,53.295928],[-6.129729,53.295927],[-6.12973,53.295927],[-6.129732,53.295926],[-6.129733,53.295925],[-6.129734,53.295925],[-6.129735,53.295924],[-6.129736,53.295924],[-6.129738,53.295923],[-6.129739,53.295922],[-6.12974,53.295922],[-6.129741,53.295921],[-6.129742,53.29592],[-6.129744,53.29592],[-6.129745,53.295919],[-6.129746,53.295918],[-6.129747,53.295918],[-6.129748,53.295917],[-6.12975,53.295916],[-6.129751,53.295916],[-6.129752,53.295915],[-6.129753,53.295915],[-6.129754,53.295914],[-6.129756,53.295913],[-6.129782,53.295897],[-6.129802,53.295884],[-6.129803,53.295884],[-6.129804,53.295883],[-6.129805,53.295882],[-6.129806,53.295882],[-6.129807,53.295881],[-6.129809,53.29588],[-6.12981,53.295879],[-6.129811,53.295879],[-6.129812,53.295878],[-6.129813,53.295877],[-6.129814,53.295876],[-6.129815,53.295876],[-6.129816,53.295875],[-6.129817,53.295874],[-6.129818,53.295873],[-6.129819,53.295873],[-6.12982,53.295872],[-6.129832,53.295862],[-6.129839,53.295851],[-6.129941,53.295756],[-6.130112,53.295583],[-6.130258,53.295436],[-6.130294,53.295399],[-6.130347,53.295347],[-6.1305,53.295193],[-6.130601,53.295091],[-6.130711,53.294981],[-6.130814,53.294875],[-6.130843,53.294846],[-6.130852,53.294849],[-6.130909,53.29479],[-6.13081,53.294737],[-6.13064,53.294675],[-6.130699,53.294608],[-6.130728,53.294573],[-6.130737,53.294562],[-6.130743,53.294553],[-6.130748,53.294547],[-6.130752,53.29454],[-6.130759,53.294533],[-6.130768,53.294524],[-6.130835,53.294456],[-6.130863,53.294428],[-6.130867,53.294423],[-6.130875,53.294416],[-6.130886,53.294404],[-6.130897,53.294392],[-6.13091,53.294381],[-6.130918,53.294371],[-6.130924,53.294367],[-6.130931,53.294362],[-6.130936,53.294355],[-6.130941,53.294351],[-6.130949,53.294346],[-6.130958,53.294337],[-6.130969,53.29433],[-6.130978,53.294323],[-6.130984,53.294317],[-6.130991,53.294313],[-6.130996,53.294308],[-6.131001,53.294304],[-6.131006,53.2943],[-6.131011,53.294296],[-6.131016,53.294292],[-6.13102,53.29429],[-6.131025,53.294287],[-6.131028,53.294286],[-6.131033,53.294283],[-6.13104,53.294278],[-6.131047,53.294274],[-6.131055,53.294269],[-6.131065,53.294263],[-6.131073,53.294259],[-6.131079,53.294255],[-6.131087,53.294252],[-6.131094,53.294248],[-6.131102,53.294244],[-6.131108,53.294241],[-6.131117,53.294236],[-6.131124,53.294232],[-6.131132,53.294228],[-6.131143,53.294222],[-6.131154,53.294217],[-6.131168,53.29421],[-6.131178,53.294205],[-6.131191,53.294199],[-6.131195,53.294197],[-6.131205,53.294192],[-6.131217,53.294187],[-6.131222,53.294184],[-6.131228,53.294181],[-6.131236,53.294177],[-6.131244,53.294174],[-6.131253,53.29417],[-6.131264,53.294165],[-6.131272,53.294161],[-6.131283,53.294156],[-6.13129,53.294153],[-6.131292,53.294152],[-6.1313,53.294149],[-6.131309,53.294145],[-6.131318,53.294141],[-6.13133,53.294136],[-6.131346,53.29413],[-6.131364,53.294123],[-6.131385,53.294115],[-6.13142,53.294101],[-6.131452,53.294088],[-6.131465,53.294083],[-6.131477,53.294078],[-6.131486,53.294095],[-6.131522,53.294172],[-6.131578,53.294291],[-6.131685,53.294515],[-6.13187,53.294582],[-6.132557,53.294829],[-6.132563,53.294831],[-6.132572,53.294834],[-6.132552,53.294845],[-6.13254,53.294851],[-6.132516,53.294864],[-6.132076,53.295101],[-6.132322,53.295149],[-6.132323,53.29515],[-6.132319,53.295157],[-6.132319,53.295157],[-6.132294,53.295153],[-6.132272,53.295181],[-6.132249,53.29521],[-6.13224,53.295222],[-6.132218,53.29524],[-6.132149,53.295299],[-6.132155,53.295301],[-6.132131,53.295327],[-6.13213,53.295328],[-6.132129,53.295329],[-6.132129,53.295329],[-6.132128,53.29533],[-6.132127,53.295331],[-6.132127,53.295332],[-6.132126,53.295333],[-6.132126,53.295334],[-6.132125,53.295335],[-6.132125,53.295336],[-6.132125,53.295337],[-6.132125,53.295338],[-6.132125,53.295339],[-6.132125,53.29534],[-6.132125,53.295341],[-6.132126,53.295342],[-6.132126,53.295342],[-6.132127,53.295343],[-6.132127,53.295344],[-6.132128,53.295345],[-6.132129,53.295346],[-6.13213,53.295347],[-6.132131,53.295347],[-6.132132,53.295348],[-6.132134,53.295349],[-6.132193,53.295374],[-6.132312,53.295417],[-6.132559,53.295508],[-6.132455,53.295612],[-6.13228,53.29579],[-6.132245,53.295825],[-6.132222,53.295847],[-6.132268,53.295865],[-6.13228,53.295866],[-6.132323,53.295873],[-6.13234,53.295874],[-6.132355,53.295857],[-6.13242,53.295879],[-6.1324,53.295895],[-6.132408,53.295901],[-6.132436,53.295922],[-6.132475,53.295939],[-6.132369,53.296045],[-6.132323,53.296091],[-6.132223,53.29619],[-6.131892,53.296522],[-6.131619,53.296795],[-6.131556,53.296857],[-6.131525,53.296887],[-6.131384,53.297017],[-6.131361,53.297042],[-6.131355,53.297059],[-6.13135,53.297076],[-6.131352,53.297097],[-6.131356,53.297111],[-6.131361,53.297127],[-6.131371,53.297141],[-6.131393,53.297156],[-6.131413,53.297167],[-6.131416,53.297168],[-6.131442,53.297177],[-6.131472,53.297184],[-6.131502,53.297187],[-6.131532,53.297186],[-6.131555,53.297183],[-6.131576,53.297177],[-6.131604,53.297167],[-6.131617,53.297158],[-6.131628,53.29715],[-6.131888,53.296892],[-6.132049,53.296735],[-6.132183,53.296785],[-6.132184,53.296785],[-6.132183,53.296785],[-6.132184,53.296785],[-6.132222,53.2968],[-6.132129,53.296896],[-6.131961,53.297064],[-6.131987,53.297074],[-6.132037,53.297092],[-6.132305,53.297187],[-6.132357,53.297206],[-6.132382,53.297215],[-6.132637,53.29696],[-6.132651,53.296964],[-6.132703,53.296983],[-6.132758,53.297003],[-6.132778,53.297008],[-6.132815,53.297019],[-6.132851,53.297027],[-6.132884,53.297036],[-6.132921,53.297043],[-6.132973,53.297051],[-6.133013,53.297056],[-6.133062,53.297062],[-6.133168,53.297064],[-6.133296,53.297063],[-6.133485,53.297043],[-6.133632,53.297007],[-6.133802,53.296937],[-6.133834,53.296923],[-6.133942,53.296871],[-6.134105,53.296799],[-6.134264,53.296728],[-6.134387,53.296672],[-6.134427,53.296651],[-6.134464,53.296629],[-6.134505,53.296599],[-6.134548,53.296568],[-6.134593,53.296529],[-6.134821,53.296302],[-6.13484,53.296309],[-6.13487,53.296281],[-6.134903,53.296248],[-6.134995,53.296157],[-6.135022,53.296155],[-6.135071,53.296151],[-6.135249,53.296212],[-6.135287,53.296211],[-6.135293,53.296211],[-6.135314,53.296229],[-6.135357,53.296264],[-6.135419,53.296243],[-6.135349,53.296193],[-6.135344,53.29619],[-6.135344,53.296171],[-6.135342,53.296081],[-6.135389,53.29607],[-6.135413,53.296064],[-6.135543,53.296076],[-6.135583,53.296151],[-6.135674,53.296133],[-6.135701,53.296135],[-6.135768,53.296132],[-6.135855,53.296144],[-6.135896,53.296154],[-6.135829,53.296234],[-6.135826,53.296235],[-6.136252,53.296362],[-6.136214,53.296402],[-6.136337,53.29644],[-6.136585,53.296515],[-6.136701,53.296383],[-6.136777,53.296383],[-6.136788,53.296383],[-6.137013,53.296419],[-6.137014,53.29642],[-6.137007,53.296466],[-6.137029,53.29647],[-6.137039,53.296471],[-6.137041,53.29647],[-6.137044,53.29647],[-6.137047,53.29647],[-6.13705,53.29647],[-6.137052,53.29647],[-6.137055,53.296469],[-6.137058,53.296467],[-6.137064,53.296461],[-6.137065,53.29646],[-6.137067,53.296457],[-6.137071,53.296453],[-6.137076,53.296449],[-6.137089,53.29644],[-6.13709,53.296439],[-6.137091,53.296438],[-6.137092,53.296437],[-6.137094,53.296437],[-6.137095,53.296436],[-6.137096,53.296435],[-6.137097,53.296434],[-6.137099,53.296434],[-6.1371,53.296433],[-6.137101,53.296432],[-6.137102,53.296432],[-6.137104,53.296431],[-6.137105,53.29643],[-6.137106,53.29643],[-6.137107,53.296429],[-6.137108,53.296428],[-6.13711,53.296428],[-6.137111,53.296427],[-6.137112,53.296426],[-6.137113,53.296426],[-6.137114,53.296425],[-6.137116,53.296425],[-6.137117,53.296424],[-6.137118,53.296423],[-6.137119,53.296423],[-6.13712,53.296422],[-6.137122,53.296422],[-6.137123,53.296421],[-6.137124,53.29642],[-6.137125,53.29642],[-6.137127,53.296419],[-6.137128,53.296419],[-6.137129,53.296418],[-6.13713,53.296418],[-6.137132,53.296417],[-6.137133,53.296416],[-6.137134,53.296416],[-6.137135,53.296415],[-6.137137,53.296415],[-6.137138,53.296414],[-6.137139,53.296414],[-6.13714,53.296413],[-6.137142,53.296413],[-6.137143,53.296412],[-6.137144,53.296411],[-6.137146,53.296411],[-6.137147,53.29641],[-6.137148,53.29641],[-6.13715,53.296409],[-6.137151,53.296409],[-6.137153,53.296408],[-6.137154,53.296408],[-6.137156,53.296407],[-6.137157,53.296407],[-6.137159,53.296406],[-6.13716,53.296406],[-6.137186,53.296397],[-6.137207,53.296392],[-6.137247,53.296387],[-6.137297,53.296383],[-6.137387,53.296381],[-6.137498,53.296384],[-6.13756,53.296387],[-6.137636,53.296394],[-6.137638,53.296394],[-6.137641,53.296394],[-6.137643,53.296395],[-6.137645,53.296395],[-6.137647,53.296396],[-6.13765,53.296396],[-6.137652,53.296397],[-6.137654,53.296397],[-6.137656,53.296398],[-6.137659,53.296399],[-6.137661,53.296399],[-6.137663,53.2964],[-6.137665,53.296401],[-6.137667,53.296401],[-6.137669,53.296402],[-6.137672,53.296403],[-6.137674,53.296403],[-6.137676,53.296404],[-6.137678,53.296405],[-6.13768,53.296406],[-6.137682,53.296406],[-6.137684,53.296407],[-6.137686,53.296408],[-6.137688,53.296409],[-6.13769,53.29641],[-6.137692,53.29641],[-6.137694,53.296411],[-6.137696,53.296412],[-6.137698,53.296413],[-6.1377,53.296414],[-6.137702,53.296415],[-6.137703,53.296416],[-6.137705,53.296417],[-6.137707,53.296418],[-6.137709,53.296419],[-6.137737,53.296432],[-6.137751,53.296433],[-6.137786,53.296437],[-6.137857,53.296447],[-6.137894,53.296452],[-6.138004,53.296478],[-6.138076,53.296498],[-6.138345,53.296591],[-6.138551,53.296663],[-6.138477,53.29673],[-6.13836,53.296835],[-6.138328,53.296864],[-6.138673,53.296998],[-6.138707,53.297011],[-6.138909,53.297089],[-6.139247,53.297221],[-6.13931,53.29717],[-6.139322,53.297159],[-6.139344,53.297141],[-6.139359,53.297129],[-6.13944,53.297064],[-6.139456,53.297051],[-6.139471,53.297058],[-6.139663,53.29713],[-6.139451,53.297303],[-6.139988,53.297547],[-6.140318,53.297281],[-6.140334,53.297293],[-6.140346,53.297308],[-6.140348,53.297321],[-6.140351,53.297332],[-6.140354,53.29734],[-6.140357,53.29735],[-6.140363,53.297359],[-6.140369,53.297365],[-6.140391,53.297379],[-6.140409,53.297388],[-6.140452,53.297412],[-6.140487,53.297434],[-6.140593,53.297554],[-6.140572,53.297564],[-6.140603,53.297592],[-6.140547,53.297613],[-6.140537,53.297604],[-6.140536,53.297602],[-6.140548,53.297597],[-6.14049,53.297542],[-6.140476,53.297529],[-6.140429,53.297494],[-6.140409,53.297492],[-6.140405,53.297493],[-6.140401,53.2975],[-6.14041,53.297509],[-6.140446,53.297543],[-6.140455,53.297552],[-6.140465,53.297561],[-6.140475,53.29757],[-6.140484,53.297579],[-6.140494,53.297588],[-6.140469,53.2976],[-6.140756,53.297881],[-6.14084,53.297962],[-6.14092,53.298009],[-6.142365,53.298843],[-6.142482,53.298772],[-6.142489,53.298767],[-6.142496,53.298763],[-6.142561,53.298724],[-6.142596,53.298702],[-6.141187,53.297876],[-6.141371,53.297698],[-6.14158,53.297497],[-6.141594,53.297502],[-6.14161,53.297508],[-6.141629,53.297516],[-6.141644,53.29752],[-6.141767,53.297567],[-6.142028,53.29733],[-6.142111,53.297255],[-6.142241,53.297136],[-6.142252,53.297125],[-6.142278,53.297102],[-6.142286,53.297095],[-6.142291,53.297091],[-6.142337,53.297084],[-6.142342,53.297083],[-6.142402,53.297072],[-6.142452,53.297057],[-6.142633,53.297003],[-6.142693,53.296976],[-6.142775,53.296949],[-6.142814,53.296918],[-6.142955,53.29686],[-6.143009,53.296832],[-6.14307,53.296861],[-6.143097,53.296876],[-6.143104,53.29688],[-6.143158,53.296906],[-6.143218,53.296936],[-6.143246,53.29695],[-6.143395,53.297023],[-6.143496,53.297074],[-6.144112,53.297371],[-6.144112,53.297371],[-6.144124,53.297377],[-6.144299,53.297247],[-6.144286,53.29724],[-6.14395,53.297081],[-6.143478,53.296852],[-6.143417,53.296822],[-6.143381,53.296805],[-6.143332,53.296781],[-6.143319,53.296775],[-6.143285,53.296758],[-6.143027,53.296633],[-6.142846,53.296545],[-6.142643,53.296441],[-6.142641,53.296432],[-6.142638,53.29643],[-6.142639,53.296429],[-6.142646,53.296431],[-6.142646,53.296431],[-6.143142,53.296378],[-6.143184,53.296372],[-6.14323,53.296367],[-6.143528,53.296334],[-6.143528,53.296334],[-6.143518,53.296303],[-6.143512,53.296278],[-6.143509,53.296277],[-6.143511,53.296277],[-6.143525,53.296275],[-6.143666,53.29626],[-6.144136,53.296207],[-6.144671,53.296148],[-6.145188,53.296088],[-6.145645,53.296037],[-6.146015,53.295995],[-6.14636,53.295954],[-6.146381,53.295961],[-6.146396,53.295966],[-6.146705,53.296181],[-6.146719,53.296199],[-6.146733,53.296199],[-6.146748,53.296222],[-6.146738,53.296227],[-6.146781,53.296285],[-6.146799,53.296311],[-6.146809,53.296324],[-6.146815,53.296336],[-6.146762,53.296569],[-6.146656,53.29656],[-6.146607,53.296821],[-6.14658,53.296983],[-6.146575,53.296996],[-6.146574,53.297007],[-6.146572,53.297008],[-6.146554,53.297024],[-6.146537,53.297019],[-6.1465,53.297056],[-6.146478,53.297073],[-6.146458,53.297082],[-6.146424,53.297096],[-6.146391,53.297112],[-6.146377,53.297118],[-6.145297,53.297678],[-6.145271,53.297702],[-6.145218,53.297724],[-6.145217,53.297725],[-6.145206,53.29773],[-6.145036,53.297818],[-6.144971,53.297852],[-6.142108,53.300233],[-6.142107,53.300235],[-6.142071,53.300251],[-6.142069,53.300251],[-6.142064,53.300256],[-6.142056,53.300262],[-6.142047,53.300269],[-6.14204,53.300276],[-6.142031,53.300283],[-6.142022,53.300291],[-6.142012,53.300299],[-6.142002,53.300307],[-6.141991,53.300316],[-6.140777,53.301325],[-6.140777,53.301327],[-6.140776,53.301326],[-6.140774,53.301328],[-6.140702,53.301388],[-6.140276,53.301743],[-6.139816,53.302127],[-6.139484,53.302402],[-6.139482,53.302403],[-6.139481,53.302404],[-6.139326,53.302527],[-6.139254,53.302544],[-6.139203,53.30257],[-6.13915,53.302594],[-6.13904,53.30263],[-6.138835,53.302694],[-6.138543,53.302787],[-6.138374,53.302842],[-6.137989,53.302965],[-6.137669,53.303068],[-6.137634,53.303079],[-6.137605,53.303088],[-6.137246,53.303202],[-6.136894,53.303316],[-6.136591,53.303413],[-6.136262,53.303518],[-6.135954,53.303617],[-6.135652,53.303714],[-6.135254,53.303842],[-6.135165,53.30387],[-6.13511,53.303869],[-6.13502,53.303866],[-6.134707,53.303832],[-6.134153,53.303773],[-6.133609,53.303713],[-6.133078,53.303654],[-6.132696,53.303612],[-6.132368,53.303576],[-6.132058,53.303541],[-6.131863,53.30352],[-6.131843,53.303517],[-6.131516,53.303389],[-6.131241,53.303281],[-6.131132,53.303236],[-6.131132,53.303226],[-6.131132,53.303215],[-6.131132,53.303205],[-6.131131,53.303195],[-6.131131,53.303185],[-6.131131,53.303174],[-6.131131,53.303164],[-6.131131,53.303154],[-6.131131,53.303143],[-6.131131,53.303133],[-6.131129,53.303108],[-6.130938,53.303065],[-6.130894,53.303055],[-6.130856,53.303052],[-6.130807,53.303054],[-6.130769,53.303061],[-6.130729,53.303076],[-6.130704,53.303087],[-6.130664,53.303106],[-6.130626,53.303133],[-6.130602,53.303155],[-6.130581,53.303182],[-6.130566,53.303208],[-6.130562,53.303229],[-6.130561,53.303254],[-6.130571,53.303283],[-6.130587,53.303308],[-6.130612,53.303338],[-6.130637,53.303361],[-6.13067,53.303381],[-6.1307,53.303395],[-6.13074,53.30341],[-6.130789,53.303422],[-6.130831,53.303427],[-6.130856,53.303428],[-6.130947,53.303448],[-6.130951,53.30346],[-6.13095,53.303479],[-6.130953,53.303515],[-6.130957,53.303538],[-6.13097,53.303574],[-6.130993,53.303623],[-6.131023,53.303672],[-6.13106,53.303717],[-6.131096,53.303751],[-6.131135,53.30378],[-6.13117,53.303803],[-6.131216,53.303828]]],[[[-6.134918,53.293198],[-6.134919,53.293203],[-6.13492,53.293209],[-6.13492,53.293211],[-6.134943,53.293173],[-6.134943,53.293173],[-6.134918,53.293198]]]]},"properties":{"aca_name":"Dun Laoghaire Harbour, Dun Laoghaire Seafront, Pavilion Complex, Moran Park and Adelaide Street","council":"dlr","council_label":"D\u00fan Laoghaire-Rathdown County Council","ref":"","designation":"Candidate Architectural Conservation Area"}},{"type":"Feature","geometry":{"type":"Polygon","coordinates":[[[-6.190594,53.27389],[-6.190729,53.274],[-6.19076,53.274025],[-6.190771,53.274035],[-6.190837,53.274088],[-6.190881,53.274124],[-6.19093,53.274166],[-6.190953,53.274185],[-6.19097,53.274199],[-6.191005,53.274227],[-6.19102,53.274238],[-6.191025,53.274243],[-6.191075,53.274286],[-6.191108,53.274313],[-6.191092,53.274322],[-6.191145,53.274357],[-6.191056,53.274399],[-6.190909,53.274471],[-6.190852,53.274499],[-6.190798,53.27455],[-6.191057,53.274821],[-6.191152,53.274921],[-6.191156,53.274921],[-6.191327,53.274861],[-6.19138,53.274841],[-6.191476,53.274804],[-6.191645,53.274744],[-6.191875,53.274659],[-6.192075,53.274586],[-6.192152,53.274557],[-6.192449,53.274473],[-6.192635,53.274412],[-6.192861,53.274338],[-6.192864,53.274337],[-6.19287,53.274335],[-6.192868,53.274328],[-6.192867,53.27432],[-6.192866,53.274314],[-6.192866,53.274306],[-6.192868,53.274286],[-6.192868,53.274285],[-6.192868,53.274284],[-6.192868,53.274283],[-6.192868,53.274282],[-6.192868,53.274281],[-6.192868,53.27428],[-6.192868,53.27428],[-6.192867,53.274279],[-6.192867,53.274278],[-6.192867,53.274277],[-6.192866,53.274276],[-6.192866,53.274275],[-6.192866,53.274274],[-6.192865,53.274273],[-6.192865,53.274272],[-6.192864,53.274271],[-6.192863,53.274269],[-6.192863,53.274269],[-6.192862,53.274268],[-6.192861,53.274267],[-6.19286,53.274266],[-6.19286,53.274265],[-6.192859,53.274265],[-6.192858,53.274264],[-6.192857,53.274263],[-6.192856,53.274262],[-6.192856,53.274262],[-6.192855,53.274261],[-6.192854,53.27426],[-6.192853,53.274259],[-6.192852,53.274259],[-6.192851,53.274258],[-6.192849,53.274257],[-6.192835,53.274248],[-6.192819,53.27424],[-6.192809,53.274234],[-6.192799,53.274228],[-6.192788,53.274221],[-6.192779,53.274214],[-6.192771,53.274207],[-6.192763,53.274198],[-6.192759,53.274192],[-6.192754,53.274187],[-6.192751,53.274179],[-6.192978,53.274114],[-6.192793,53.273884],[-6.193075,53.273804],[-6.193062,53.273789],[-6.192722,53.273677],[-6.19247,53.273595],[-6.192451,53.273589],[-6.192373,53.273564],[-6.192077,53.273465],[-6.191862,53.273395],[-6.191556,53.273291],[-6.191315,53.273208],[-6.191083,53.273128],[-6.19091,53.273069],[-6.190687,53.272987],[-6.190561,53.272941],[-6.19039,53.272871],[-6.190162,53.272775],[-6.189991,53.272703],[-6.189832,53.272636],[-6.189664,53.272565],[-6.189513,53.272502],[-6.189503,53.272507],[-6.189387,53.272443],[-6.189218,53.272352],[-6.189192,53.272334],[-6.18908,53.272273],[-6.188881,53.272164],[-6.188832,53.272137],[-6.188695,53.272055],[-6.188539,53.271964],[-6.188498,53.271941],[-6.188481,53.271931],[-6.188392,53.271872],[-6.188333,53.271833],[-6.188198,53.271748],[-6.188063,53.271661],[-6.188038,53.271646],[-6.187962,53.271596],[-6.187888,53.27155],[-6.187858,53.271517],[-6.18775,53.271438],[-6.187647,53.271363],[-6.187299,53.271079],[-6.187383,53.271038],[-6.187509,53.270986],[-6.187263,53.270788],[-6.187174,53.270717],[-6.187118,53.27067],[-6.187048,53.270606],[-6.186954,53.270515],[-6.186854,53.270417],[-6.186744,53.270299],[-6.186721,53.270274],[-6.186694,53.270245],[-6.186565,53.2701],[-6.186458,53.269979],[-6.186377,53.269889],[-6.186151,53.269959],[-6.18603,53.269796],[-6.185914,53.269638],[-6.185841,53.269529],[-6.185757,53.269399],[-6.185713,53.269313],[-6.185614,53.26912],[-6.185608,53.269103],[-6.185585,53.269064],[-6.185584,53.269063],[-6.185883,53.269026],[-6.185851,53.268972],[-6.185779,53.268849],[-6.185763,53.268816],[-6.185752,53.268796],[-6.18573,53.268722],[-6.185709,53.268642],[-6.185696,53.268586],[-6.185696,53.268566],[-6.185154,53.268627],[-6.185142,53.268574],[-6.18509,53.268341],[-6.185051,53.26817],[-6.18498,53.268177],[-6.184954,53.268084],[-6.184914,53.267946],[-6.184845,53.267703],[-6.184778,53.267453],[-6.184754,53.267367],[-6.184733,53.267297],[-6.184692,53.267148],[-6.184647,53.266987],[-6.184621,53.266895],[-6.184616,53.266888],[-6.184613,53.266885],[-6.184637,53.26688],[-6.18468,53.266876],[-6.184728,53.266872],[-6.184734,53.266872],[-6.184778,53.266866],[-6.184818,53.266861],[-6.184826,53.26686],[-6.18487,53.266856],[-6.184867,53.266845],[-6.184855,53.266802],[-6.184855,53.266802],[-6.184897,53.266797],[-6.184985,53.266785],[-6.184968,53.266732],[-6.184966,53.266733],[-6.184965,53.266733],[-6.184924,53.266743],[-6.184842,53.266756],[-6.184839,53.266744],[-6.184831,53.266715],[-6.184809,53.266633],[-6.184802,53.266607],[-6.184753,53.266615],[-6.18466,53.266626],[-6.184663,53.266634],[-6.18457,53.266645],[-6.184573,53.266655],[-6.184481,53.266665],[-6.184453,53.266581],[-6.184442,53.266553],[-6.184439,53.266546],[-6.184427,53.266516],[-6.184421,53.266505],[-6.184417,53.26649],[-6.184411,53.266465],[-6.184339,53.266375],[-6.184301,53.266326],[-6.18429,53.266311],[-6.184419,53.266279],[-6.184591,53.266242],[-6.184575,53.266188],[-6.18456,53.266145],[-6.18455,53.26611],[-6.184542,53.266082],[-6.18452,53.266021],[-6.184505,53.26597],[-6.184492,53.265926],[-6.18429,53.265978],[-6.184244,53.265991],[-6.184205,53.266002],[-6.184095,53.266032],[-6.184055,53.265976],[-6.183964,53.266002],[-6.18396,53.265997],[-6.183943,53.265973],[-6.183905,53.26592],[-6.183875,53.265928],[-6.183725,53.265968],[-6.183696,53.265976],[-6.183702,53.265968],[-6.18371,53.26596],[-6.183713,53.265955],[-6.183711,53.265951],[-6.183706,53.265941],[-6.183686,53.265914],[-6.183666,53.265886],[-6.183659,53.265889],[-6.183649,53.265888],[-6.183639,53.265886],[-6.183632,53.265883],[-6.183627,53.26588],[-6.183622,53.265876],[-6.183616,53.26587],[-6.183532,53.265753],[-6.183525,53.265745],[-6.184022,53.265619],[-6.183993,53.265579],[-6.184012,53.265574],[-6.183987,53.265528],[-6.183953,53.265469],[-6.183918,53.265412],[-6.183891,53.265362],[-6.183882,53.265365],[-6.183867,53.265345],[-6.183842,53.26531],[-6.183783,53.265225],[-6.183327,53.265336],[-6.183277,53.265346],[-6.18325,53.265368],[-6.183154,53.265394],[-6.18305,53.265421],[-6.183028,53.265429],[-6.182979,53.26544],[-6.182966,53.265425],[-6.182883,53.26533],[-6.182776,53.265205],[-6.182574,53.264968],[-6.182617,53.264955],[-6.182635,53.264949],[-6.182643,53.264946],[-6.18265,53.264944],[-6.182677,53.264934],[-6.18271,53.264922],[-6.18276,53.264904],[-6.182873,53.264864],[-6.182945,53.264839],[-6.182964,53.264833],[-6.183032,53.264809],[-6.183115,53.26478],[-6.183193,53.264755],[-6.183365,53.2647],[-6.183404,53.264687],[-6.183601,53.264624],[-6.183665,53.264604],[-6.18372,53.264586],[-6.183805,53.264559],[-6.183523,53.264226],[-6.183369,53.264038],[-6.183326,53.26399],[-6.183201,53.26381],[-6.183113,53.263788],[-6.183089,53.263758],[-6.182918,53.263534],[-6.182965,53.263521],[-6.182989,53.263514],[-6.182888,53.263376],[-6.182802,53.263259],[-6.182729,53.26328],[-6.182706,53.263243],[-6.182687,53.263211],[-6.182653,53.263159],[-6.182638,53.263138],[-6.182625,53.263122],[-6.182613,53.263107],[-6.182599,53.263091],[-6.182544,53.263029],[-6.182114,53.262383],[-6.181969,53.262406],[-6.181901,53.262322],[-6.181894,53.262313],[-6.181883,53.262304],[-6.181875,53.262299],[-6.181874,53.262298],[-6.181873,53.262297],[-6.181872,53.262297],[-6.181871,53.262296],[-6.18187,53.262295],[-6.181869,53.262295],[-6.181867,53.262294],[-6.181866,53.262293],[-6.181865,53.262293],[-6.181863,53.262292],[-6.181862,53.262292],[-6.18186,53.262291],[-6.181859,53.262291],[-6.181857,53.26229],[-6.181856,53.26229],[-6.181854,53.26229],[-6.181852,53.262289],[-6.18185,53.262289],[-6.181849,53.262289],[-6.181847,53.262288],[-6.181845,53.262288],[-6.181843,53.262288],[-6.181842,53.262287],[-6.18184,53.262287],[-6.181838,53.262287],[-6.181836,53.262287],[-6.181835,53.262287],[-6.181833,53.262287],[-6.181831,53.262287],[-6.181829,53.262287],[-6.181828,53.262287],[-6.181826,53.262287],[-6.181824,53.262287],[-6.181821,53.262287],[-6.181812,53.262288],[-6.181794,53.262293],[-6.181771,53.2623],[-6.181752,53.262305],[-6.181722,53.262317],[-6.181686,53.262331],[-6.181633,53.262351],[-6.181617,53.262358],[-6.181602,53.262364],[-6.181592,53.262367],[-6.18158,53.262372],[-6.181571,53.262374],[-6.181552,53.262378],[-6.181534,53.262354],[-6.181315,53.262038],[-6.181222,53.261954],[-6.181486,53.261859],[-6.181363,53.261748],[-6.181252,53.26165],[-6.181144,53.261554],[-6.181128,53.26154],[-6.18111,53.261527],[-6.181098,53.261518],[-6.181087,53.26151],[-6.181077,53.261504],[-6.181062,53.261496],[-6.181035,53.261482],[-6.181009,53.261469],[-6.180996,53.261462],[-6.180975,53.261454],[-6.180896,53.261492],[-6.180723,53.261577],[-6.180475,53.261393],[-6.180436,53.261364],[-6.180435,53.261363],[-6.180391,53.261326],[-6.180224,53.261188],[-6.180106,53.261092],[-6.180023,53.261036],[-6.180003,53.260959],[-6.18,53.260942],[-6.179984,53.26085],[-6.179951,53.260665],[-6.179928,53.260532],[-6.179923,53.260503],[-6.179904,53.260507],[-6.179897,53.260509],[-6.179892,53.260511],[-6.179872,53.260516],[-6.179769,53.260545],[-6.179626,53.260585],[-6.17951,53.260616],[-6.179404,53.260646],[-6.179159,53.260727],[-6.178898,53.260799],[-6.178559,53.260882],[-6.17855,53.260874],[-6.178566,53.260868],[-6.178572,53.26086],[-6.178542,53.260822],[-6.178571,53.260814],[-6.178572,53.260814],[-6.178574,53.260813],[-6.178575,53.260812],[-6.178577,53.260811],[-6.178578,53.260811],[-6.17858,53.26081],[-6.178581,53.260809],[-6.178583,53.260808],[-6.178584,53.260807],[-6.178585,53.260806],[-6.178587,53.260806],[-6.178588,53.260805],[-6.178589,53.260804],[-6.178591,53.260803],[-6.178592,53.260802],[-6.178593,53.260801],[-6.178595,53.2608],[-6.178596,53.260799],[-6.178597,53.260798],[-6.178598,53.260797],[-6.178599,53.260796],[-6.178601,53.260796],[-6.178602,53.260795],[-6.178603,53.260794],[-6.178604,53.260793],[-6.178605,53.260792],[-6.178606,53.260791],[-6.178607,53.26079],[-6.178608,53.260789],[-6.178609,53.260788],[-6.17861,53.260787],[-6.178611,53.260786],[-6.178612,53.260785],[-6.178613,53.260783],[-6.178614,53.260782],[-6.178621,53.260772],[-6.178656,53.260761],[-6.17867,53.260771],[-6.178682,53.260775],[-6.178701,53.260775],[-6.178884,53.260724],[-6.179021,53.260687],[-6.179119,53.260657],[-6.17917,53.260643],[-6.179208,53.260631],[-6.179224,53.260622],[-6.179234,53.260613],[-6.179235,53.260606],[-6.179239,53.260597],[-6.179244,53.260576],[-6.179244,53.260575],[-6.179244,53.260573],[-6.179244,53.260572],[-6.179245,53.260571],[-6.179245,53.26057],[-6.179245,53.260568],[-6.179245,53.260567],[-6.179245,53.260566],[-6.179245,53.260564],[-6.179245,53.260563],[-6.179245,53.260562],[-6.179245,53.26056],[-6.179245,53.260559],[-6.179245,53.260558],[-6.179245,53.260556],[-6.179245,53.260555],[-6.179244,53.260554],[-6.179244,53.260552],[-6.179244,53.260551],[-6.179244,53.26055],[-6.179243,53.260548],[-6.179243,53.260547],[-6.179243,53.260546],[-6.179242,53.260544],[-6.179242,53.260543],[-6.179241,53.260542],[-6.179241,53.260541],[-6.17924,53.260539],[-6.17924,53.260538],[-6.179239,53.260537],[-6.179239,53.260535],[-6.179238,53.260534],[-6.179237,53.260533],[-6.179237,53.260532],[-6.179236,53.26053],[-6.178926,53.260173],[-6.178988,53.260154],[-6.179229,53.260082],[-6.179522,53.259996],[-6.179705,53.259942],[-6.179727,53.259935],[-6.179847,53.259898],[-6.179864,53.259894],[-6.179873,53.259892],[-6.179873,53.259892],[-6.17992,53.259875],[-6.180176,53.259796],[-6.180631,53.259663],[-6.181108,53.259519],[-6.181082,53.25949],[-6.181065,53.259471],[-6.181039,53.259442],[-6.180446,53.259621],[-6.180042,53.259738],[-6.179953,53.259764],[-6.179755,53.25982],[-6.179629,53.259856],[-6.179609,53.259862],[-6.179551,53.25988],[-6.179547,53.259881],[-6.179544,53.259882],[-6.17953,53.259887],[-6.179463,53.259906],[-6.179303,53.259953],[-6.179284,53.259932],[-6.179288,53.259922],[-6.17929,53.259917],[-6.179291,53.259912],[-6.179291,53.259909],[-6.179289,53.259904],[-6.179281,53.259896],[-6.179266,53.259883],[-6.179266,53.259882],[-6.178972,53.259552],[-6.178875,53.259452],[-6.178568,53.259543],[-6.178541,53.259506],[-6.178474,53.259437],[-6.178399,53.25936],[-6.178381,53.259343],[-6.178368,53.259329],[-6.178349,53.25931],[-6.178197,53.259161],[-6.178337,53.259118],[-6.178027,53.258748],[-6.178011,53.25873],[-6.178006,53.258721],[-6.177566,53.258837],[-6.177233,53.258924],[-6.177183,53.258881],[-6.176985,53.258717],[-6.176789,53.258549],[-6.176312,53.258275],[-6.176195,53.258325],[-6.176101,53.258363],[-6.175898,53.258446],[-6.175533,53.258599],[-6.175423,53.258584],[-6.175054,53.258533],[-6.175072,53.25845],[-6.175082,53.258421],[-6.175072,53.258398],[-6.175061,53.258382],[-6.175062,53.258354],[-6.175064,53.258334],[-6.174879,53.258309],[-6.174282,53.258256],[-6.173839,53.258105],[-6.173475,53.258019],[-6.173405,53.257988],[-6.173304,53.257947],[-6.173269,53.25794],[-6.173242,53.257938],[-6.173161,53.257943],[-6.172874,53.257874],[-6.172927,53.257701],[-6.172929,53.257696],[-6.172928,53.257696],[-6.172932,53.257683],[-6.172822,53.257696],[-6.172641,53.257716],[-6.172589,53.257722],[-6.172589,53.257722],[-6.172316,53.257724],[-6.1722,53.257724],[-6.172058,53.257727],[-6.171886,53.25773],[-6.17185,53.257725],[-6.171731,53.257629],[-6.171731,53.257628],[-6.17162,53.257538],[-6.171619,53.257539],[-6.171502,53.257633],[-6.171384,53.257728],[-6.171384,53.257729],[-6.171424,53.257861],[-6.171426,53.257866],[-6.17144,53.257903],[-6.171513,53.258098],[-6.1715,53.258149],[-6.171493,53.258175],[-6.170979,53.258106],[-6.170857,53.258089],[-6.170773,53.258086],[-6.170643,53.25808],[-6.170624,53.258078],[-6.170572,53.258077],[-6.170548,53.25808],[-6.170512,53.258092],[-6.170476,53.258105],[-6.170443,53.258122],[-6.17042,53.258142],[-6.17041,53.25816],[-6.1704,53.258189],[-6.170401,53.258213],[-6.170404,53.258236],[-6.170416,53.258267],[-6.170442,53.258327],[-6.170479,53.258413],[-6.170525,53.2585],[-6.170557,53.258531],[-6.170638,53.258612],[-6.170745,53.258699],[-6.170866,53.258798],[-6.170944,53.258884],[-6.170986,53.258941],[-6.171006,53.258938],[-6.171015,53.258936],[-6.171164,53.258927],[-6.171247,53.25892],[-6.17172,53.258885],[-6.17234,53.25884],[-6.1724,53.259009],[-6.172443,53.259164],[-6.17258,53.259157],[-6.172743,53.259146],[-6.172743,53.258898],[-6.172898,53.258901],[-6.172997,53.258898],[-6.173042,53.258899],[-6.173184,53.258891],[-6.173186,53.258936],[-6.173268,53.258978],[-6.173328,53.258988],[-6.173345,53.258997],[-6.173886,53.259013],[-6.17389,53.258996],[-6.173911,53.258911],[-6.174544,53.258979],[-6.174649,53.25899],[-6.174731,53.259],[-6.174732,53.259025],[-6.174729,53.259124],[-6.174719,53.259344],[-6.174716,53.259442],[-6.174705,53.259627],[-6.174328,53.259653],[-6.174076,53.259673],[-6.173943,53.259678],[-6.173802,53.259686],[-6.17334,53.259708],[-6.173335,53.259455],[-6.173314,53.259429],[-6.172933,53.259417],[-6.172927,53.259648],[-6.172919,53.259726],[-6.172795,53.259729],[-6.172554,53.259746],[-6.172434,53.25975],[-6.172281,53.259757],[-6.172006,53.259636],[-6.172019,53.259613],[-6.172204,53.259266],[-6.172251,53.259177],[-6.172015,53.25919],[-6.171855,53.259201],[-6.171893,53.259351],[-6.171449,53.259458],[-6.171073,53.259552],[-6.171007,53.259588],[-6.171007,53.259592],[-6.171006,53.259651],[-6.171,53.259712],[-6.170993,53.259756],[-6.170972,53.259802],[-6.170934,53.259886],[-6.170893,53.259985],[-6.170804,53.260376],[-6.170802,53.260386],[-6.170951,53.260376],[-6.171023,53.260372],[-6.171108,53.260368],[-6.171128,53.260393],[-6.171171,53.260443],[-6.171211,53.260489],[-6.171234,53.260513],[-6.171255,53.260535],[-6.171263,53.260543],[-6.171274,53.260553],[-6.17129,53.260564],[-6.171326,53.260592],[-6.171356,53.260615],[-6.171366,53.260624],[-6.171426,53.260667],[-6.171452,53.260687],[-6.171465,53.260696],[-6.171489,53.260713],[-6.171473,53.260722],[-6.171469,53.260737],[-6.171465,53.260763],[-6.171461,53.26078],[-6.171459,53.260804],[-6.171456,53.260826],[-6.171456,53.260834],[-6.171557,53.26086],[-6.171742,53.260908],[-6.171829,53.26093],[-6.171815,53.260942],[-6.17172,53.261023],[-6.171627,53.261103],[-6.171588,53.261136],[-6.171522,53.261191],[-6.171441,53.261259],[-6.171504,53.261291],[-6.171571,53.261326],[-6.171596,53.261338],[-6.171611,53.261345],[-6.17167,53.261372],[-6.171769,53.261415],[-6.171785,53.261422],[-6.171891,53.261468],[-6.171911,53.261477],[-6.171921,53.261471],[-6.171929,53.261466],[-6.171949,53.261452],[-6.171977,53.261431],[-6.172008,53.261407],[-6.172044,53.261381],[-6.172089,53.261347],[-6.172141,53.261307],[-6.172187,53.261273],[-6.172228,53.261242],[-6.172285,53.261199],[-6.172318,53.261174],[-6.172325,53.261169],[-6.172443,53.261219],[-6.172576,53.261276],[-6.17274,53.261346],[-6.172815,53.261379],[-6.17292,53.261424],[-6.172877,53.261452],[-6.172822,53.261489],[-6.172759,53.261532],[-6.172686,53.26158],[-6.172622,53.261622],[-6.172574,53.261655],[-6.172906,53.261735],[-6.173203,53.261807],[-6.173274,53.261824],[-6.173543,53.261889],[-6.173861,53.261966],[-6.174177,53.262043],[-6.174313,53.262075],[-6.174452,53.261895],[-6.174443,53.261888],[-6.174407,53.261855],[-6.174352,53.261804],[-6.174289,53.261745],[-6.174236,53.261697],[-6.17418,53.261646],[-6.174127,53.261597],[-6.174081,53.261554],[-6.174036,53.261513],[-6.174023,53.261501],[-6.173988,53.261468],[-6.173908,53.261395],[-6.173886,53.261374],[-6.173914,53.261366],[-6.174038,53.261326],[-6.174224,53.261265],[-6.174241,53.261264],[-6.174305,53.261259],[-6.174474,53.261245],[-6.174622,53.261233],[-6.174815,53.261216],[-6.174921,53.261208],[-6.174921,53.261211],[-6.175053,53.261206],[-6.175192,53.261201],[-6.175235,53.261199],[-6.175317,53.261193],[-6.175325,53.261197],[-6.175327,53.2612],[-6.175388,53.261311],[-6.175388,53.261327],[-6.175392,53.261369],[-6.175397,53.261421],[-6.175398,53.261441],[-6.1754,53.261466],[-6.175507,53.261436],[-6.175519,53.261434],[-6.175582,53.261415],[-6.17575,53.261522],[-6.175912,53.261625],[-6.175991,53.261676],[-6.176025,53.261719],[-6.176027,53.261722],[-6.176049,53.261717],[-6.176126,53.261702],[-6.17619,53.26169],[-6.176282,53.261671],[-6.176435,53.261641],[-6.176492,53.26163],[-6.176609,53.261606],[-6.1767,53.261588],[-6.176713,53.261592],[-6.176917,53.261561],[-6.176909,53.26154],[-6.17697,53.261531],[-6.177051,53.261519],[-6.177075,53.261517],[-6.177078,53.261528],[-6.177114,53.261523],[-6.177215,53.261505],[-6.177249,53.261498],[-6.177276,53.261535],[-6.177349,53.261587],[-6.177403,53.261628],[-6.177486,53.26169],[-6.177495,53.261697],[-6.177573,53.261759],[-6.177723,53.261875],[-6.177829,53.261956],[-6.177864,53.261993],[-6.178054,53.262194],[-6.178055,53.262195],[-6.178056,53.262195],[-6.17826,53.262178],[-6.17826,53.262178],[-6.17829,53.262206],[-6.178316,53.26223],[-6.178318,53.262234],[-6.178331,53.26226],[-6.178332,53.262262],[-6.178326,53.262263],[-6.178325,53.262263],[-6.178289,53.262273],[-6.178083,53.262331],[-6.177822,53.262405],[-6.177597,53.262467],[-6.177517,53.262489],[-6.177469,53.262502],[-6.177341,53.262538],[-6.177134,53.262597],[-6.176975,53.262646],[-6.176948,53.262654],[-6.17699,53.262676],[-6.17713,53.262755],[-6.177326,53.262863],[-6.177625,53.263029],[-6.177893,53.263176],[-6.178185,53.263339],[-6.178336,53.263423],[-6.178327,53.263425],[-6.178366,53.26345],[-6.178391,53.263464],[-6.178531,53.263546],[-6.178606,53.263587],[-6.17895,53.263774],[-6.179259,53.263925],[-6.179532,53.264107],[-6.17954,53.264113],[-6.179536,53.264114],[-6.179627,53.26416],[-6.179571,53.264191],[-6.180575,53.264842],[-6.180758,53.264876],[-6.181207,53.264729],[-6.181212,53.264735],[-6.181216,53.264734],[-6.181261,53.26472],[-6.181381,53.264853],[-6.181501,53.264816],[-6.181598,53.264932],[-6.181624,53.264962],[-6.181553,53.264985],[-6.181612,53.265059],[-6.181616,53.265064],[-6.181747,53.265232],[-6.181589,53.265282],[-6.18151,53.265309],[-6.181166,53.265422],[-6.18143,53.265902],[-6.181671,53.266343],[-6.181686,53.26637],[-6.182274,53.26633],[-6.182447,53.26632],[-6.182511,53.266313],[-6.182873,53.266264],[-6.183179,53.266225],[-6.183234,53.266296],[-6.18325,53.266317],[-6.183275,53.266352],[-6.182952,53.2664],[-6.183023,53.266507],[-6.182724,53.266542],[-6.182392,53.266581],[-6.182336,53.266587],[-6.182342,53.266599],[-6.182357,53.266633],[-6.182291,53.266646],[-6.181912,53.266693],[-6.181911,53.266703],[-6.181878,53.266706],[-6.181882,53.266713],[-6.181692,53.266804],[-6.18137,53.266963],[-6.181317,53.266997],[-6.180715,53.266729],[-6.180571,53.266665],[-6.180527,53.266703],[-6.180412,53.266823],[-6.180386,53.266822],[-6.180274,53.266822],[-6.180232,53.266823],[-6.180075,53.266832],[-6.180042,53.266834],[-6.180012,53.266835],[-6.179898,53.266834],[-6.179632,53.26683],[-6.179462,53.266798],[-6.179445,53.266795],[-6.179252,53.266996],[-6.179188,53.267186],[-6.179173,53.267183],[-6.178819,53.267118],[-6.178806,53.267145],[-6.178802,53.267151],[-6.17879,53.267148],[-6.178796,53.267138],[-6.178689,53.26712],[-6.178679,53.267137],[-6.178654,53.267179],[-6.178747,53.267199],[-6.178737,53.267216],[-6.178318,53.267331],[-6.17824,53.267442],[-6.178221,53.267468],[-6.178107,53.267621],[-6.178098,53.267644],[-6.178071,53.267687],[-6.17773,53.267457],[-6.177692,53.267487],[-6.177066,53.267798],[-6.177021,53.267765],[-6.176975,53.267732],[-6.176934,53.267701],[-6.176906,53.267682],[-6.176898,53.267676],[-6.17688,53.267655],[-6.176849,53.267623],[-6.176791,53.26756],[-6.176758,53.267523],[-6.176733,53.267492],[-6.176703,53.267456],[-6.176674,53.267422],[-6.176651,53.267393],[-6.176634,53.267373],[-6.17662,53.267356],[-6.176611,53.267345],[-6.176908,53.267179],[-6.177091,53.267077],[-6.177077,53.267067],[-6.177098,53.267055],[-6.177053,53.267033],[-6.177053,53.267033],[-6.177011,53.267006],[-6.176993,53.267015],[-6.176991,53.267016],[-6.176987,53.267017],[-6.176982,53.267019],[-6.176976,53.26702],[-6.176967,53.267019],[-6.17696,53.267016],[-6.176949,53.267011],[-6.176935,53.267004],[-6.176917,53.266996],[-6.1769,53.266988],[-6.176882,53.26698],[-6.176864,53.266972],[-6.176847,53.266963],[-6.176833,53.266957],[-6.176822,53.266952],[-6.176813,53.266947],[-6.176802,53.26694],[-6.176789,53.266932],[-6.17677,53.266922],[-6.176751,53.26691],[-6.176742,53.266905],[-6.176733,53.266899],[-6.176724,53.266895],[-6.176709,53.266887],[-6.1767,53.266881],[-6.176692,53.266877],[-6.176686,53.266874],[-6.176678,53.26687],[-6.176667,53.266864],[-6.176653,53.266857],[-6.176637,53.26685],[-6.176625,53.266843],[-6.176614,53.266838],[-6.1766,53.266831],[-6.176589,53.266826],[-6.176574,53.266819],[-6.176562,53.266813],[-6.176554,53.266809],[-6.176541,53.266802],[-6.176529,53.266796],[-6.176515,53.266788],[-6.176502,53.266781],[-6.176493,53.266776],[-6.176477,53.266767],[-6.17647,53.266762],[-6.176464,53.266759],[-6.176457,53.266756],[-6.176452,53.266753],[-6.176447,53.266751],[-6.176443,53.266748],[-6.176417,53.266735],[-6.176397,53.266723],[-6.176379,53.266713],[-6.176363,53.266704],[-6.176351,53.266697],[-6.17634,53.266691],[-6.176325,53.266682],[-6.176311,53.266675],[-6.176292,53.266663],[-6.176277,53.266655],[-6.176264,53.266648],[-6.176257,53.266643],[-6.176245,53.266635],[-6.176237,53.266631],[-6.176226,53.266625],[-6.176216,53.26662],[-6.176206,53.266614],[-6.176195,53.266608],[-6.176184,53.266602],[-6.176175,53.266597],[-6.176164,53.26659],[-6.176155,53.266586],[-6.176128,53.266571],[-6.176112,53.26656],[-6.176096,53.266551],[-6.176081,53.266544],[-6.176071,53.266539],[-6.176063,53.266534],[-6.176035,53.266519],[-6.176011,53.266505],[-6.175992,53.266495],[-6.175977,53.266488],[-6.175954,53.266475],[-6.175937,53.266466],[-6.175907,53.266449],[-6.175885,53.266437],[-6.175869,53.266428],[-6.175854,53.26642],[-6.175842,53.266414],[-6.175835,53.26641],[-6.17581,53.266397],[-6.175756,53.266367],[-6.175722,53.266348],[-6.175703,53.266337],[-6.175638,53.266303],[-6.175627,53.266297],[-6.175579,53.266337],[-6.175549,53.266362],[-6.17549,53.26641],[-6.175478,53.26642],[-6.175442,53.266451],[-6.175405,53.266481],[-6.175366,53.266514],[-6.175316,53.266555],[-6.175249,53.26661],[-6.1752,53.266648],[-6.175133,53.2667],[-6.175127,53.266706],[-6.175123,53.266709],[-6.175119,53.266713],[-6.175114,53.266716],[-6.175109,53.266721],[-6.175104,53.266727],[-6.175096,53.266734],[-6.175089,53.266741],[-6.175085,53.266745],[-6.175079,53.266751],[-6.175074,53.266756],[-6.175071,53.266761],[-6.175066,53.266768],[-6.175063,53.266774],[-6.175058,53.266781],[-6.175053,53.266789],[-6.175049,53.266797],[-6.175046,53.266805],[-6.175041,53.266813],[-6.175039,53.266821],[-6.175036,53.266836],[-6.175034,53.266852],[-6.175023,53.266936],[-6.174932,53.266937],[-6.174932,53.267001],[-6.174934,53.267059],[-6.174935,53.267177],[-6.174938,53.267335],[-6.174943,53.267529],[-6.174793,53.267529],[-6.174618,53.267528],[-6.17443,53.267527],[-6.174337,53.267527],[-6.174291,53.267526],[-6.174266,53.267525],[-6.17425,53.267525],[-6.174233,53.267525],[-6.174155,53.267528],[-6.17411,53.26753],[-6.174019,53.267531],[-6.173944,53.267532],[-6.173927,53.267533],[-6.173903,53.267534],[-6.173816,53.267541],[-6.173758,53.267545],[-6.173758,53.267545],[-6.173758,53.267545],[-6.173728,53.267549],[-6.173739,53.267623],[-6.173771,53.267773],[-6.173804,53.267913],[-6.173881,53.268216],[-6.173894,53.268283],[-6.173901,53.268319],[-6.173907,53.268348],[-6.173907,53.268349],[-6.173908,53.268357],[-6.173912,53.268359],[-6.173929,53.26837],[-6.173933,53.26837],[-6.174096,53.268472],[-6.174351,53.26863],[-6.174436,53.268682],[-6.174368,53.268718],[-6.174357,53.268723],[-6.174128,53.268837],[-6.174086,53.268858],[-6.174078,53.268862],[-6.174133,53.268984],[-6.174192,53.269024],[-6.17407,53.269088],[-6.174017,53.269057],[-6.174026,53.269052],[-6.173981,53.269023],[-6.173971,53.269028],[-6.173925,53.268996],[-6.173933,53.268991],[-6.173914,53.268978],[-6.173904,53.268984],[-6.173891,53.268974],[-6.1739,53.268969],[-6.173887,53.268962],[-6.173878,53.268966],[-6.173613,53.268782],[-6.173588,53.268764],[-6.173559,53.268778],[-6.173457,53.268684],[-6.173392,53.268738],[-6.173062,53.269013],[-6.173128,53.269043],[-6.173131,53.26904],[-6.173136,53.269043],[-6.173142,53.269047],[-6.173154,53.269055],[-6.173181,53.269071],[-6.173216,53.269092],[-6.173291,53.269138],[-6.173367,53.269185],[-6.173562,53.269307],[-6.173596,53.269327],[-6.173473,53.269437],[-6.173203,53.269683],[-6.173157,53.269732],[-6.172802,53.269579],[-6.172651,53.269522],[-6.172615,53.269558],[-6.172431,53.269726],[-6.172348,53.269802],[-6.172031,53.270091],[-6.171857,53.270016],[-6.171737,53.270124],[-6.171641,53.27021],[-6.171627,53.270223],[-6.171446,53.270358],[-6.17156,53.270505],[-6.17155,53.270518],[-6.171547,53.270521],[-6.171545,53.270524],[-6.17154,53.27053],[-6.17153,53.270539],[-6.171519,53.270548],[-6.171459,53.270595],[-6.171354,53.270674],[-6.171264,53.270745],[-6.171239,53.270762],[-6.171226,53.270754],[-6.171149,53.270715],[-6.171144,53.270719],[-6.171119,53.270705],[-6.171051,53.270669],[-6.171031,53.270657],[-6.170969,53.270635],[-6.170948,53.270627],[-6.170947,53.270626],[-6.170946,53.270625],[-6.170944,53.270625],[-6.170943,53.270624],[-6.170942,53.270623],[-6.17094,53.270622],[-6.170939,53.270622],[-6.170937,53.270621],[-6.170936,53.27062],[-6.170934,53.27062],[-6.170933,53.270619],[-6.170931,53.270618],[-6.170929,53.270618],[-6.170928,53.270617],[-6.170926,53.270617],[-6.170925,53.270616],[-6.170923,53.270616],[-6.170921,53.270616],[-6.170919,53.270615],[-6.170918,53.270615],[-6.170916,53.270614],[-6.170914,53.270614],[-6.170912,53.270614],[-6.170911,53.270614],[-6.170909,53.270613],[-6.170907,53.270613],[-6.170905,53.270613],[-6.170903,53.270613],[-6.170901,53.270613],[-6.1709,53.270613],[-6.170898,53.270613],[-6.170896,53.270613],[-6.170894,53.270613],[-6.170891,53.270613],[-6.170832,53.270612],[-6.17068,53.270613],[-6.170658,53.270615],[-6.170642,53.270617],[-6.170625,53.27062],[-6.170607,53.270629],[-6.170591,53.270642],[-6.170573,53.270662],[-6.170554,53.270687],[-6.170543,53.2707],[-6.17053,53.270718],[-6.170508,53.270739],[-6.170483,53.270762],[-6.170468,53.270773],[-6.170438,53.270792],[-6.170393,53.270817],[-6.17036,53.270836],[-6.170327,53.270853],[-6.170326,53.270853],[-6.170325,53.270854],[-6.170324,53.270855],[-6.170322,53.270855],[-6.170321,53.270856],[-6.17032,53.270856],[-6.170319,53.270857],[-6.170318,53.270858],[-6.170317,53.270858],[-6.170315,53.270859],[-6.170314,53.27086],[-6.170313,53.27086],[-6.170312,53.270861],[-6.170311,53.270862],[-6.17031,53.270862],[-6.170309,53.270863],[-6.170308,53.270864],[-6.170306,53.270864],[-6.170305,53.270865],[-6.170304,53.270866],[-6.170303,53.270866],[-6.170302,53.270867],[-6.170301,53.270868],[-6.1703,53.270868],[-6.170299,53.270869],[-6.170298,53.27087],[-6.170297,53.270871],[-6.170296,53.270871],[-6.170295,53.270872],[-6.170294,53.270873],[-6.170293,53.270874],[-6.170292,53.270874],[-6.170291,53.270875],[-6.17029,53.270876],[-6.170289,53.270877],[-6.170288,53.270877],[-6.170287,53.270878],[-6.170287,53.270879],[-6.170286,53.27088],[-6.170285,53.27088],[-6.170284,53.270881],[-6.170283,53.270882],[-6.170282,53.270883],[-6.170281,53.270884],[-6.17028,53.270884],[-6.17028,53.270885],[-6.170279,53.270886],[-6.170278,53.270887],[-6.170277,53.270888],[-6.170276,53.270888],[-6.170276,53.270889],[-6.170275,53.27089],[-6.170274,53.270891],[-6.170273,53.270892],[-6.170273,53.270893],[-6.170272,53.270893],[-6.170271,53.270894],[-6.17027,53.270895],[-6.17027,53.270896],[-6.170269,53.270897],[-6.170268,53.270898],[-6.170268,53.270898],[-6.170267,53.270899],[-6.170266,53.2709],[-6.170266,53.270901],[-6.170265,53.270902],[-6.170264,53.270903],[-6.170264,53.270904],[-6.170263,53.270905],[-6.170242,53.270955],[-6.170236,53.270995],[-6.170235,53.270996],[-6.170249,53.271057],[-6.170279,53.271088],[-6.170284,53.271092],[-6.1703,53.271095],[-6.170343,53.271102],[-6.170428,53.271101],[-6.170468,53.2711],[-6.170545,53.271102],[-6.170625,53.271112],[-6.170701,53.271124],[-6.170778,53.271141],[-6.170862,53.27116],[-6.170986,53.271189],[-6.171107,53.271224],[-6.171201,53.271256],[-6.171243,53.271273],[-6.171365,53.271334],[-6.171543,53.271472],[-6.171597,53.271515],[-6.171762,53.271598],[-6.171835,53.271638],[-6.171835,53.271639],[-6.171847,53.271666],[-6.171849,53.271693],[-6.171833,53.271711],[-6.171833,53.271711],[-6.171735,53.271786],[-6.171735,53.271787],[-6.171725,53.271796],[-6.171724,53.271797],[-6.171676,53.271842],[-6.171584,53.271932],[-6.171443,53.272058],[-6.171428,53.27207],[-6.171362,53.272122],[-6.171361,53.272123],[-6.17136,53.272123],[-6.171359,53.272124],[-6.171357,53.272125],[-6.171356,53.272125],[-6.171355,53.272126],[-6.171353,53.272126],[-6.171311,53.272153],[-6.171333,53.272163],[-6.171673,53.272321],[-6.171676,53.272323],[-6.171724,53.272354],[-6.172011,53.272525],[-6.172137,53.272599],[-6.172166,53.272616],[-6.172325,53.272529],[-6.172406,53.272484],[-6.172436,53.272468],[-6.172523,53.27242],[-6.172633,53.272361],[-6.172679,53.272334],[-6.172773,53.272284],[-6.173029,53.272141],[-6.173058,53.27212],[-6.17309,53.2721],[-6.173135,53.272073],[-6.173195,53.272033],[-6.17323,53.27201],[-6.173255,53.27199],[-6.173278,53.271972],[-6.173417,53.271859],[-6.173482,53.271809],[-6.173526,53.271776],[-6.173662,53.271674],[-6.173609,53.271649],[-6.173686,53.271586],[-6.173743,53.271541],[-6.17376,53.271527],[-6.173661,53.271486],[-6.173627,53.271471],[-6.17356,53.271441],[-6.17358,53.271425],[-6.173621,53.271391],[-6.173881,53.271175],[-6.173835,53.271153],[-6.174148,53.270902],[-6.174166,53.270884],[-6.174253,53.270816],[-6.174277,53.2708],[-6.17443,53.27087],[-6.174697,53.270596],[-6.17484,53.270451],[-6.174828,53.270425],[-6.17482,53.270421],[-6.174744,53.27039],[-6.174778,53.270371],[-6.174858,53.270403],[-6.175141,53.270521],[-6.175169,53.270496],[-6.175254,53.270429],[-6.175434,53.270287],[-6.175477,53.270251],[-6.175505,53.270229],[-6.175549,53.270195],[-6.175601,53.270154],[-6.175686,53.270091],[-6.175773,53.270026],[-6.175874,53.269953],[-6.17593,53.269912],[-6.17595,53.269898],[-6.176129,53.269766],[-6.1762,53.269713],[-6.176192,53.269709],[-6.176185,53.269635],[-6.176177,53.269479],[-6.176173,53.26941],[-6.176123,53.26941],[-6.176111,53.269411],[-6.176058,53.269365],[-6.175785,53.269155],[-6.175523,53.26895],[-6.175544,53.268939],[-6.175564,53.268928],[-6.175576,53.268922],[-6.175586,53.268916],[-6.175714,53.268973],[-6.175863,53.26904],[-6.175933,53.269072],[-6.176169,53.269176],[-6.176434,53.269296],[-6.176665,53.269401],[-6.176706,53.269421],[-6.176766,53.269432],[-6.176796,53.269445],[-6.177072,53.269213],[-6.177156,53.269145],[-6.177619,53.269338],[-6.177693,53.269368],[-6.177705,53.269374],[-6.177873,53.269463],[-6.178044,53.269533],[-6.178059,53.269542],[-6.178097,53.269565],[-6.178131,53.269586],[-6.178158,53.269603],[-6.17823,53.269631],[-6.17829,53.269641],[-6.178232,53.269613],[-6.178196,53.269314],[-6.178174,53.269155],[-6.178165,53.269085],[-6.178164,53.269069],[-6.17817,53.269042],[-6.178179,53.269015],[-6.17819,53.268989],[-6.178229,53.268935],[-6.178273,53.268873],[-6.178309,53.268836],[-6.178332,53.268819],[-6.17836,53.268807],[-6.178379,53.268801],[-6.178346,53.268785],[-6.178329,53.26876],[-6.178307,53.268733],[-6.178286,53.268708],[-6.178208,53.268611],[-6.178183,53.268579],[-6.178174,53.268567],[-6.178167,53.268559],[-6.178138,53.268522],[-6.178124,53.268506],[-6.177959,53.268295],[-6.178191,53.268164],[-6.178431,53.268029],[-6.178827,53.26831],[-6.179132,53.268526],[-6.179322,53.268472],[-6.179717,53.268358],[-6.179801,53.268334],[-6.180289,53.268195],[-6.180336,53.268182],[-6.180344,53.268179],[-6.180407,53.268153],[-6.180436,53.268142],[-6.180744,53.268042],[-6.180804,53.268025],[-6.180876,53.268014],[-6.180922,53.26801],[-6.18095,53.268008],[-6.180996,53.268011],[-6.181055,53.268023],[-6.181153,53.268042],[-6.181181,53.268074],[-6.18127,53.268192],[-6.181611,53.268108],[-6.18162,53.268122],[-6.181637,53.268107],[-6.181649,53.268086],[-6.181647,53.268072],[-6.181642,53.268051],[-6.181619,53.268016],[-6.181581,53.267962],[-6.181531,53.267893],[-6.18147,53.267811],[-6.181442,53.267775],[-6.181469,53.267768],[-6.18149,53.267762],[-6.181508,53.267757],[-6.181434,53.26764],[-6.18162,53.267616],[-6.181697,53.267607],[-6.181797,53.267594],[-6.181842,53.267586],[-6.18188,53.26758],[-6.181897,53.267619],[-6.181883,53.267621],[-6.181986,53.267822],[-6.182202,53.267793],[-6.182406,53.267766],[-6.182413,53.267765],[-6.182475,53.267756],[-6.18282,53.26771],[-6.182962,53.26769],[-6.183182,53.267661],[-6.18321,53.267657],[-6.183267,53.267851],[-6.183235,53.267857],[-6.183317,53.268017],[-6.183007,53.26807],[-6.183081,53.268114],[-6.183182,53.268347],[-6.183189,53.268365],[-6.183217,53.268434],[-6.18325,53.268515],[-6.18328,53.268575],[-6.183312,53.268622],[-6.183349,53.26868],[-6.183432,53.268872],[-6.183469,53.268911],[-6.18349,53.268908],[-6.183591,53.269047],[-6.183725,53.269221],[-6.183557,53.269281],[-6.183521,53.269294],[-6.183538,53.269311],[-6.183662,53.269454],[-6.183807,53.269617],[-6.183946,53.269776],[-6.184035,53.269858],[-6.18395,53.269887],[-6.183801,53.26994],[-6.183834,53.269961],[-6.184124,53.270238],[-6.183911,53.270344],[-6.183614,53.270486],[-6.183356,53.270609],[-6.183532,53.270731],[-6.183577,53.270763],[-6.183651,53.270812],[-6.183819,53.270925],[-6.183933,53.27099],[-6.184076,53.27108],[-6.184176,53.271149],[-6.184199,53.271175],[-6.184374,53.271083],[-6.184502,53.271016],[-6.18458,53.270974],[-6.184729,53.271063],[-6.184928,53.271181],[-6.185022,53.271237],[-6.185036,53.271248],[-6.185045,53.271257],[-6.185053,53.271266],[-6.185063,53.271275],[-6.185073,53.271282],[-6.185082,53.271288],[-6.185089,53.271291],[-6.1851,53.271296],[-6.185105,53.271297],[-6.185116,53.271301],[-6.185128,53.271304],[-6.185137,53.271306],[-6.185144,53.271308],[-6.185165,53.271319],[-6.185246,53.271368],[-6.185257,53.271375],[-6.185259,53.271376],[-6.185293,53.271396],[-6.185333,53.271422],[-6.185391,53.271454],[-6.185349,53.271499],[-6.185204,53.271657],[-6.185269,53.271683],[-6.18534,53.271716],[-6.185471,53.271775],[-6.185584,53.271835],[-6.185635,53.271861],[-6.185661,53.271854],[-6.185712,53.271836],[-6.185802,53.271803],[-6.185886,53.271772],[-6.185906,53.271786],[-6.185956,53.271822],[-6.186025,53.27187],[-6.186074,53.271905],[-6.186098,53.271921],[-6.186207,53.271991],[-6.186345,53.272082],[-6.186228,53.272146],[-6.186219,53.272151],[-6.186184,53.272168],[-6.186154,53.272184],[-6.186094,53.272219],[-6.1862,53.272292],[-6.18632,53.272375],[-6.186437,53.272456],[-6.186489,53.27249],[-6.186562,53.27254],[-6.186673,53.272616],[-6.186754,53.272674],[-6.186793,53.272699],[-6.186813,53.272712],[-6.186883,53.272756],[-6.186915,53.272775],[-6.186927,53.272783],[-6.187003,53.272828],[-6.187093,53.272883],[-6.18711,53.272892],[-6.187216,53.272956],[-6.187276,53.272991],[-6.187425,53.273079],[-6.187535,53.273142],[-6.187582,53.273172],[-6.18762,53.273193],[-6.187834,53.273319],[-6.187967,53.273397],[-6.187977,53.273391],[-6.18799,53.273383],[-6.188081,53.273326],[-6.188147,53.273282],[-6.188199,53.273304],[-6.188267,53.273336],[-6.188336,53.27333],[-6.188368,53.273349],[-6.188548,53.273452],[-6.188613,53.273488],[-6.188848,53.273426],[-6.189028,53.273521],[-6.1891,53.273559],[-6.189204,53.273613],[-6.189318,53.273672],[-6.189383,53.273702],[-6.189456,53.273739],[-6.189533,53.273782],[-6.18956,53.273797],[-6.18969,53.273772],[-6.189737,53.273795],[-6.189841,53.27385],[-6.18994,53.273898],[-6.190073,53.273961],[-6.190329,53.273883],[-6.190476,53.273838],[-6.190519,53.273825],[-6.190594,53.27389]]]},"properties":{"aca_name":"Foxrock","council":"dlr","council_label":"D\u00fan Laoghaire-Rathdown County Council","ref":"","designation":"Architectural Conservation Area"}},{"type":"Feature","geometry":{"type":"Polygon","coordinates":[[[-6.135871,53.287377],[-6.135916,53.287383],[-6.135963,53.287389],[-6.136138,53.287415],[-6.136169,53.287421],[-6.136228,53.287432],[-6.136398,53.287464],[-6.136756,53.287529],[-6.13698,53.287569],[-6.137027,53.287577],[-6.137277,53.28763],[-6.137328,53.28764],[-6.137272,53.287574],[-6.137328,53.287378],[-6.137597,53.287404],[-6.137635,53.28732],[-6.137644,53.287301],[-6.137681,53.287305],[-6.137751,53.287312],[-6.137871,53.287324],[-6.137982,53.287336],[-6.13809,53.287346],[-6.138199,53.287357],[-6.138261,53.287364],[-6.138324,53.287137],[-6.138337,53.287088],[-6.138396,53.286876],[-6.138442,53.286713],[-6.138572,53.286213],[-6.138662,53.285867],[-6.138667,53.285846],[-6.13883,53.285283],[-6.138838,53.285151],[-6.138819,53.285149],[-6.138821,53.285139],[-6.138785,53.285136],[-6.138309,53.285087],[-6.138184,53.285074],[-6.138104,53.285065],[-6.137985,53.285053],[-6.137905,53.285046],[-6.137886,53.285044],[-6.137828,53.285038],[-6.137828,53.285038],[-6.137822,53.285043],[-6.137812,53.285075],[-6.137802,53.285109],[-6.137796,53.285129],[-6.137753,53.285273],[-6.137722,53.285378],[-6.137709,53.285422],[-6.137678,53.285525],[-6.13741,53.285507],[-6.137238,53.285496],[-6.137189,53.285493],[-6.13698,53.285479],[-6.136716,53.285461],[-6.136702,53.285461],[-6.136654,53.28546],[-6.136566,53.285459],[-6.136517,53.285458],[-6.136432,53.285457],[-6.136414,53.285457],[-6.136162,53.285453],[-6.136145,53.285452],[-6.136091,53.285452],[-6.136076,53.285451],[-6.136076,53.285452],[-6.136073,53.285461],[-6.136047,53.285557],[-6.136019,53.285654],[-6.135993,53.285749],[-6.135966,53.285847],[-6.135962,53.285846],[-6.135961,53.285846],[-6.1359,53.285839],[-6.135732,53.285821],[-6.13572,53.28586],[-6.135711,53.285893],[-6.135703,53.285921],[-6.135692,53.285959],[-6.13567,53.286028],[-6.13566,53.286067],[-6.135653,53.286095],[-6.135647,53.286122],[-6.135636,53.286163],[-6.135635,53.286167],[-6.135628,53.286196],[-6.13562,53.286229],[-6.135615,53.286247],[-6.135608,53.286277],[-6.135603,53.286298],[-6.135586,53.286366],[-6.135583,53.286377],[-6.135565,53.286436],[-6.135546,53.286501],[-6.135525,53.28657],[-6.135505,53.286638],[-6.135501,53.286648],[-6.135493,53.286677],[-6.135485,53.286703],[-6.135476,53.286731],[-6.135468,53.286758],[-6.135463,53.286773],[-6.135454,53.286805],[-6.135447,53.286827],[-6.135443,53.286841],[-6.135439,53.286855],[-6.135435,53.286867],[-6.135422,53.286908],[-6.135494,53.286916],[-6.135616,53.286929],[-6.135624,53.28693],[-6.13567,53.286935],[-6.135662,53.286963],[-6.135788,53.28698],[-6.135859,53.286989],[-6.136079,53.287018],[-6.136087,53.287019],[-6.136052,53.287135],[-6.136002,53.287299],[-6.135986,53.287349],[-6.135871,53.287377]]]},"properties":{"aca_name":"Royal Terrace North, East, West / Royal Terrace Lane / Myrtle Avenue","council":"dlr","council_label":"D\u00fan Laoghaire-Rathdown County Council","ref":"","designation":"Architectural Conservation Area"}},{"type":"Feature","geometry":{"type":"Polygon","coordinates":[[[-6.198186,53.304957],[-6.198183,53.304966],[-6.198173,53.304999],[-6.198165,53.305026],[-6.198162,53.305036],[-6.198158,53.305038],[-6.198154,53.30504],[-6.19811,53.305112],[-6.19805,53.305204],[-6.198048,53.305211],[-6.198049,53.305214],[-6.198051,53.305217],[-6.198054,53.305219],[-6.198112,53.305226],[-6.19821,53.305239],[-6.198249,53.305244],[-6.198301,53.30525],[-6.198357,53.305259],[-6.198405,53.305267],[-6.198528,53.305296],[-6.198557,53.305305],[-6.198578,53.305311],[-6.198658,53.305347],[-6.198687,53.305363],[-6.198756,53.305397],[-6.198772,53.305403],[-6.198795,53.305411],[-6.198913,53.305297],[-6.198915,53.305295],[-6.198915,53.305295],[-6.199025,53.30519],[-6.199035,53.305174],[-6.199044,53.305169],[-6.199065,53.305138],[-6.199093,53.305094],[-6.199104,53.305078],[-6.199137,53.305031],[-6.199157,53.305002],[-6.199181,53.304965],[-6.199213,53.30492],[-6.199229,53.304898],[-6.199261,53.304852],[-6.1993,53.304792],[-6.199309,53.304779],[-6.199201,53.30477],[-6.199183,53.30477],[-6.198991,53.30475],[-6.198979,53.304749],[-6.198819,53.304735],[-6.198813,53.30475],[-6.19879,53.30479],[-6.198773,53.304815],[-6.198752,53.304846],[-6.198732,53.30488],[-6.198692,53.304872],[-6.198639,53.304862],[-6.198583,53.304851],[-6.198499,53.304835],[-6.198478,53.304831],[-6.198435,53.304823],[-6.198434,53.304825],[-6.198347,53.304811],[-6.198339,53.304809],[-6.198289,53.304801],[-6.19824,53.304873],[-6.198186,53.304957]]]},"properties":{"aca_name":"Pembrooke Cottages, Booterstown Avenue","council":"dlr","council_label":"D\u00fan Laoghaire-Rathdown County Council","ref":"","designation":"Architectural Conservation Area"}},{"type":"Feature","geometry":{"type":"Polygon","coordinates":[[[-6.170641,53.294832],[-6.170366,53.295194],[-6.170074,53.295159],[-6.169923,53.29514],[-6.169834,53.29513],[-6.16977,53.295158],[-6.169749,53.295166],[-6.169708,53.29518],[-6.169717,53.295192],[-6.169727,53.29521],[-6.169744,53.295242],[-6.169753,53.29526],[-6.169758,53.295269],[-6.169774,53.295306],[-6.169805,53.295382],[-6.169807,53.295388],[-6.169813,53.295403],[-6.169845,53.295487],[-6.169867,53.295493],[-6.170015,53.295529],[-6.170058,53.295538],[-6.170127,53.295552],[-6.170183,53.295562],[-6.170277,53.295591],[-6.170337,53.295605],[-6.170418,53.295619],[-6.17053,53.295634],[-6.170679,53.295656],[-6.170822,53.295673],[-6.171003,53.295695],[-6.171184,53.295718],[-6.171236,53.295724],[-6.171299,53.295732],[-6.171327,53.295736],[-6.171372,53.295741],[-6.171431,53.295749],[-6.171475,53.295754],[-6.171646,53.295777],[-6.171813,53.295801],[-6.171961,53.295822],[-6.172104,53.295844],[-6.17227,53.295868],[-6.172307,53.295873],[-6.172345,53.295891],[-6.172406,53.295907],[-6.17274,53.295993],[-6.173015,53.296043],[-6.173097,53.295986],[-6.173124,53.295932],[-6.173153,53.295852],[-6.17317,53.295785],[-6.173185,53.295715],[-6.173188,53.295648],[-6.173185,53.295576],[-6.173179,53.295496],[-6.173166,53.295383],[-6.173156,53.295303],[-6.173151,53.2953],[-6.17272,53.295163],[-6.172592,53.29512],[-6.172504,53.295093],[-6.172478,53.295099],[-6.172462,53.295097],[-6.172439,53.295086],[-6.172421,53.295077],[-6.172403,53.29507],[-6.172365,53.295059],[-6.172313,53.295049],[-6.172262,53.295041],[-6.172181,53.294987],[-6.172195,53.294967],[-6.172119,53.294946],[-6.172051,53.294927],[-6.171874,53.294877],[-6.171748,53.294843],[-6.171671,53.294822],[-6.171647,53.294819],[-6.171621,53.29482],[-6.171595,53.294822],[-6.171569,53.294828],[-6.171555,53.294831],[-6.17154,53.294836],[-6.171518,53.294835],[-6.171488,53.29483],[-6.171409,53.294809],[-6.171176,53.294748],[-6.171147,53.294738],[-6.171105,53.294724],[-6.170985,53.294678],[-6.170809,53.294611],[-6.170762,53.294673],[-6.170727,53.294718],[-6.170641,53.294832]]]},"properties":{"aca_name":"Friends Burial Ground, Temple Hill, Blackrock","council":"dlr","council_label":"D\u00fan Laoghaire-Rathdown County Council","ref":"","designation":"Candidate Architectural Conservation Area"}},{"type":"Feature","geometry":{"type":"Polygon","coordinates":[[[-6.197126,53.30538],[-6.196166,53.307131],[-6.196181,53.308199],[-6.196411,53.30824],[-6.196441,53.308242],[-6.196539,53.308253],[-6.196466,53.308499],[-6.196422,53.30858],[-6.19639,53.308664],[-6.197082,53.308741],[-6.198655,53.305346],[-6.198578,53.305311],[-6.198557,53.305305],[-6.198528,53.305296],[-6.198405,53.305267],[-6.198357,53.305259],[-6.198301,53.30525],[-6.198249,53.305244],[-6.19821,53.305239],[-6.198112,53.305226],[-6.198054,53.305219],[-6.198051,53.305217],[-6.198049,53.305214],[-6.198048,53.305211],[-6.19805,53.305204],[-6.19811,53.305112],[-6.198154,53.30504],[-6.198158,53.305038],[-6.198162,53.305036],[-6.198165,53.305026],[-6.198173,53.304999],[-6.198183,53.304966],[-6.198186,53.304957],[-6.19824,53.304873],[-6.198289,53.304801],[-6.198339,53.304809],[-6.198347,53.304811],[-6.198434,53.304825],[-6.198435,53.304823],[-6.198478,53.304831],[-6.198499,53.304835],[-6.198583,53.304851],[-6.198639,53.304862],[-6.198692,53.304872],[-6.198732,53.30488],[-6.198752,53.304846],[-6.198773,53.304815],[-6.19879,53.30479],[-6.198813,53.30475],[-6.198819,53.304735],[-6.198934,53.304745],[-6.199384,53.303772],[-6.19942,53.303692],[-6.19828,53.303472],[-6.198143,53.303684],[-6.198082,53.30377],[-6.197126,53.30538]]]},"properties":{"aca_name":"Booterstown Avenue","council":"dlr","council_label":"D\u00fan Laoghaire-Rathdown County Council","ref":"","designation":"Candidate Architectural Conservation Area"}},{"type":"Feature","geometry":{"type":"Polygon","coordinates":[[[-6.226301,53.301572],[-6.226339,53.301596],[-6.226347,53.301601],[-6.226364,53.301611],[-6.226378,53.30162],[-6.226424,53.301648],[-6.226459,53.301626],[-6.22655,53.301571],[-6.226668,53.301645],[-6.226687,53.301629],[-6.226683,53.301627],[-6.226568,53.301559],[-6.226511,53.301523],[-6.226434,53.301478],[-6.226385,53.301449],[-6.226325,53.301414],[-6.226299,53.301398],[-6.226277,53.301412],[-6.226304,53.301427],[-6.226244,53.301464],[-6.226226,53.301475],[-6.226184,53.301501],[-6.226212,53.301518],[-6.226243,53.301537],[-6.226276,53.301557],[-6.226301,53.301572]]]},"properties":{"aca_name":"Castle Cottages, Roebuck Road, Clonskeagh","council":"dlr","council_label":"D\u00fan Laoghaire-Rathdown County Council","ref":"","designation":"Architectural Conservation Area"}},{"type":"Feature","geometry":{"type":"Polygon","coordinates":[[[-6.118868,53.266008],[-6.118869,53.266015],[-6.118872,53.266023],[-6.118875,53.266029],[-6.118883,53.266032],[-6.118894,53.266035],[-6.118906,53.266039],[-6.119082,53.26609],[-6.119157,53.26611],[-6.119231,53.266129],[-6.119581,53.266214],[-6.119728,53.266052],[-6.119792,53.265981],[-6.119887,53.265874],[-6.119927,53.265831],[-6.119905,53.265824],[-6.119882,53.265816],[-6.119861,53.265805],[-6.119851,53.265799],[-6.119838,53.265785],[-6.119814,53.265762],[-6.119792,53.265745],[-6.119769,53.265729],[-6.119749,53.265718],[-6.119734,53.26571],[-6.119724,53.265707],[-6.119709,53.265707],[-6.119684,53.265708],[-6.119658,53.265709],[-6.119628,53.265709],[-6.119615,53.265709],[-6.119502,53.265709],[-6.119481,53.26571],[-6.119458,53.265705],[-6.119307,53.265701],[-6.119268,53.265699],[-6.119241,53.265698],[-6.119226,53.265697],[-6.119211,53.265695],[-6.11917,53.265689],[-6.119152,53.265685],[-6.119121,53.265678],[-6.11909,53.265669],[-6.119044,53.265654],[-6.118972,53.265628],[-6.118874,53.265584],[-6.118847,53.265571],[-6.118834,53.265572],[-6.118825,53.26557],[-6.118807,53.265565],[-6.118792,53.265561],[-6.118771,53.265562],[-6.118738,53.265562],[-6.11871,53.265564],[-6.118681,53.265563],[-6.11866,53.265561],[-6.118631,53.265559],[-6.1186,53.265556],[-6.118583,53.265555],[-6.118573,53.265556],[-6.118556,53.265558],[-6.118538,53.265559],[-6.118513,53.265559],[-6.118491,53.265557],[-6.11846,53.265555],[-6.118431,53.265549],[-6.118399,53.265541],[-6.118368,53.265533],[-6.118363,53.265527],[-6.118354,53.265519],[-6.118347,53.265513],[-6.118326,53.265489],[-6.118311,53.265477],[-6.118278,53.265469],[-6.118236,53.265454],[-6.118211,53.265452],[-6.11819,53.265459],[-6.118159,53.265452],[-6.118106,53.265445],[-6.118073,53.265439],[-6.118044,53.265411],[-6.118006,53.265376],[-6.117974,53.265342],[-6.118002,53.265294],[-6.117995,53.265219],[-6.117993,53.265213],[-6.117929,53.265136],[-6.117928,53.265123],[-6.117983,53.265124],[-6.117987,53.265114],[-6.118015,53.265118],[-6.118044,53.265121],[-6.118067,53.265128],[-6.118103,53.265139],[-6.118167,53.265157],[-6.118198,53.265166],[-6.118229,53.265176],[-6.118305,53.265198],[-6.118343,53.265206],[-6.118363,53.265209],[-6.118396,53.265215],[-6.11843,53.265221],[-6.118508,53.265223],[-6.118584,53.265221],[-6.118655,53.265194],[-6.118708,53.265176],[-6.11875,53.265152],[-6.11879,53.265109],[-6.118812,53.265066],[-6.118811,53.265023],[-6.11877,53.264967],[-6.118708,53.26491],[-6.118658,53.264878],[-6.118577,53.264852],[-6.118516,53.26483],[-6.118439,53.264813],[-6.118342,53.264823],[-6.118245,53.264833],[-6.118236,53.264833],[-6.118227,53.264833],[-6.118215,53.264835],[-6.118204,53.264836],[-6.118193,53.264837],[-6.118182,53.264838],[-6.11816,53.264843],[-6.118139,53.264847],[-6.118122,53.264854],[-6.118104,53.26486],[-6.118083,53.264871],[-6.118061,53.264882],[-6.118049,53.26489],[-6.118037,53.264897],[-6.117965,53.264909],[-6.117964,53.26491],[-6.117892,53.264922],[-6.117853,53.264904],[-6.117807,53.264878],[-6.117823,53.264752],[-6.11782,53.264726],[-6.117816,53.264706],[-6.117796,53.264658],[-6.117816,53.264598],[-6.117848,53.264577],[-6.117874,53.264548],[-6.117888,53.264534],[-6.117905,53.264493],[-6.117929,53.264438],[-6.117938,53.264417],[-6.11794,53.264412],[-6.117952,53.264367],[-6.117958,53.26434],[-6.117958,53.264322],[-6.117983,53.264084],[-6.117979,53.264083],[-6.118064,53.264072],[-6.118101,53.264069],[-6.118132,53.26405],[-6.118321,53.264065],[-6.118352,53.264067],[-6.118352,53.264066],[-6.118362,53.264072],[-6.118364,53.264072],[-6.118364,53.264073],[-6.118405,53.264098],[-6.118411,53.264103],[-6.118435,53.26412],[-6.118457,53.264129],[-6.118489,53.264102],[-6.118606,53.264004],[-6.11864,53.263978],[-6.118646,53.263973],[-6.118654,53.263967],[-6.119534,53.263894],[-6.119539,53.263891],[-6.119583,53.263867],[-6.119807,53.263741],[-6.119854,53.263713],[-6.119996,53.263618],[-6.119978,53.263598],[-6.119947,53.26356],[-6.119945,53.26356],[-6.119846,53.263454],[-6.119883,53.26344],[-6.119919,53.263426],[-6.120013,53.263388],[-6.120066,53.263424],[-6.120146,53.263458],[-6.120155,53.263459],[-6.12017,53.263459],[-6.12019,53.263463],[-6.120453,53.26369],[-6.120563,53.263786],[-6.120608,53.263834],[-6.12063,53.263816],[-6.121208,53.263484],[-6.121366,53.263388],[-6.121631,53.26323],[-6.121494,53.263181],[-6.121447,53.263165],[-6.121433,53.263171],[-6.121417,53.263184],[-6.121403,53.263196],[-6.121351,53.263159],[-6.121342,53.263152],[-6.121347,53.263147],[-6.121308,53.263118],[-6.121228,53.263085],[-6.121067,53.263014],[-6.12097,53.262972],[-6.12091,53.262947],[-6.120872,53.262932],[-6.120826,53.262918],[-6.120774,53.262904],[-6.120741,53.262896],[-6.120725,53.262895],[-6.120648,53.262869],[-6.120519,53.262808],[-6.120443,53.262774],[-6.120369,53.262738],[-6.120333,53.262719],[-6.120173,53.262659],[-6.120091,53.26263],[-6.119838,53.262577],[-6.119805,53.26257],[-6.119816,53.262543],[-6.119825,53.262527],[-6.119875,53.262448],[-6.119947,53.26233],[-6.120035,53.262179],[-6.120082,53.262101],[-6.120119,53.262031],[-6.120131,53.262005],[-6.120159,53.261946],[-6.120199,53.26185],[-6.120222,53.261798],[-6.120224,53.26179],[-6.120224,53.26179],[-6.120239,53.261717],[-6.120248,53.261658],[-6.120251,53.261653],[-6.120258,53.261641],[-6.120295,53.261561],[-6.120333,53.261484],[-6.120356,53.26143],[-6.120366,53.261431],[-6.120373,53.261413],[-6.120385,53.261415],[-6.120395,53.261388],[-6.120383,53.261387],[-6.120397,53.261347],[-6.120538,53.261366],[-6.120636,53.261155],[-6.120677,53.26107],[-6.120474,53.261041],[-6.120418,53.261005],[-6.12039,53.260967],[-6.120377,53.260961],[-6.12025,53.26088],[-6.120152,53.260826],[-6.120122,53.260822],[-6.120122,53.260818],[-6.119906,53.260823],[-6.119646,53.260828],[-6.11919,53.260833],[-6.119172,53.260832],[-6.119147,53.26083],[-6.119098,53.260823],[-6.118892,53.26079],[-6.118836,53.260776],[-6.11856,53.260704],[-6.118547,53.2607],[-6.118543,53.260697],[-6.118538,53.260694],[-6.118534,53.260689],[-6.118443,53.2606],[-6.118498,53.260566],[-6.11857,53.260493],[-6.118678,53.260376],[-6.118998,53.260078],[-6.118992,53.260059],[-6.118987,53.260034],[-6.118986,53.260003],[-6.118993,53.259954],[-6.119003,53.25991],[-6.119016,53.25987],[-6.119028,53.259839],[-6.119038,53.259825],[-6.119056,53.259805],[-6.119151,53.259743],[-6.119461,53.259555],[-6.119544,53.259507],[-6.119549,53.259504],[-6.119557,53.259496],[-6.119559,53.259484],[-6.119556,53.259472],[-6.119551,53.259463],[-6.119541,53.259456],[-6.119528,53.25945],[-6.119517,53.259444],[-6.119487,53.259431],[-6.119406,53.259242],[-6.119317,53.25922],[-6.119309,53.259214],[-6.119266,53.259192],[-6.119256,53.25921],[-6.119237,53.259207],[-6.119088,53.259175],[-6.118992,53.259157],[-6.118918,53.259144],[-6.11889,53.259143],[-6.118837,53.259144],[-6.118765,53.259148],[-6.118696,53.259158],[-6.118658,53.259169],[-6.118637,53.259177],[-6.118627,53.259182],[-6.118365,53.25934],[-6.118194,53.259452],[-6.11802,53.25957],[-6.117857,53.25968],[-6.117738,53.259758],[-6.117702,53.259785],[-6.117618,53.259851],[-6.117585,53.25984],[-6.117584,53.259829],[-6.117584,53.25982],[-6.117608,53.259757],[-6.117637,53.259686],[-6.117671,53.259617],[-6.117689,53.259575],[-6.117726,53.259503],[-6.117793,53.259374],[-6.117839,53.259291],[-6.117893,53.259195],[-6.117942,53.259104],[-6.118039,53.258931],[-6.118168,53.258748],[-6.118182,53.258728],[-6.118284,53.258588],[-6.118299,53.25857],[-6.118519,53.258658],[-6.118648,53.258713],[-6.118681,53.258725],[-6.118706,53.258736],[-6.118716,53.258741],[-6.118745,53.258756],[-6.118897,53.258405],[-6.118953,53.258415],[-6.11897,53.258417],[-6.11911,53.258437],[-6.119121,53.258416],[-6.119179,53.258261],[-6.119422,53.258258],[-6.119846,53.258252],[-6.119848,53.258257],[-6.119853,53.258261],[-6.11986,53.258265],[-6.119873,53.258269],[-6.119889,53.258276],[-6.119933,53.258299],[-6.119945,53.258306],[-6.119957,53.258311],[-6.119972,53.258311],[-6.119986,53.25831],[-6.120002,53.258308],[-6.120023,53.258305],[-6.120205,53.258283],[-6.120302,53.258295],[-6.120438,53.258319],[-6.120623,53.258168],[-6.120642,53.25815],[-6.120652,53.258135],[-6.120652,53.258131],[-6.120687,53.258143],[-6.12069,53.258134],[-6.12069,53.258134],[-6.120917,53.258086],[-6.12092,53.258086],[-6.121124,53.257935],[-6.121192,53.257886],[-6.121056,53.257809],[-6.1211,53.257769],[-6.121132,53.257766],[-6.121149,53.257759],[-6.121326,53.257693],[-6.12135,53.257683],[-6.121366,53.257674],[-6.121383,53.257663],[-6.121477,53.257598],[-6.121485,53.257592],[-6.121519,53.25756],[-6.121581,53.257505],[-6.121609,53.257481],[-6.121631,53.257463],[-6.121678,53.257427],[-6.121748,53.257375],[-6.121961,53.257507],[-6.122296,53.257715],[-6.122371,53.257762],[-6.122524,53.257854],[-6.122712,53.257969],[-6.12285,53.257883],[-6.122938,53.257829],[-6.122947,53.257837],[-6.123045,53.257897],[-6.123097,53.257929],[-6.123148,53.257957],[-6.123197,53.257985],[-6.123478,53.257825],[-6.123542,53.257788],[-6.123209,53.257572],[-6.122896,53.25737],[-6.122774,53.257294],[-6.122755,53.257282],[-6.122689,53.257239],[-6.122603,53.25718],[-6.122675,53.257117],[-6.122689,53.257113],[-6.122783,53.257087],[-6.122999,53.256955],[-6.122893,53.256896],[-6.122821,53.256857],[-6.122804,53.256848],[-6.122804,53.256848],[-6.122804,53.256847],[-6.122754,53.25682],[-6.122741,53.256813],[-6.122805,53.256754],[-6.123008,53.256602],[-6.123056,53.256565],[-6.123099,53.256521],[-6.123112,53.256509],[-6.123149,53.25646],[-6.123181,53.25639],[-6.123222,53.256305],[-6.123246,53.256261],[-6.123318,53.256104],[-6.12338,53.255982],[-6.123376,53.255981],[-6.123369,53.255977],[-6.123363,53.255966],[-6.123357,53.255956],[-6.123356,53.255947],[-6.123359,53.255937],[-6.123362,53.255928],[-6.123393,53.255847],[-6.123394,53.255843],[-6.123397,53.255829],[-6.123401,53.255805],[-6.123404,53.255783],[-6.12341,53.255765],[-6.123416,53.25575],[-6.123423,53.255736],[-6.123433,53.25572],[-6.123445,53.255705],[-6.12347,53.25568],[-6.12361,53.255559],[-6.12362,53.255551],[-6.123627,53.255543],[-6.123632,53.255533],[-6.123638,53.255516],[-6.123647,53.255484],[-6.123648,53.255481],[-6.12365,53.255467],[-6.123651,53.255454],[-6.123641,53.255417],[-6.123632,53.255379],[-6.123632,53.255377],[-6.123632,53.255374],[-6.123634,53.255371],[-6.123646,53.255364],[-6.123643,53.25534],[-6.123637,53.255338],[-6.123635,53.255338],[-6.123632,53.255336],[-6.123628,53.255333],[-6.123624,53.255314],[-6.123609,53.255217],[-6.123581,53.255036],[-6.123563,53.254917],[-6.123562,53.254909],[-6.123561,53.2549],[-6.123546,53.254676],[-6.123543,53.254604],[-6.123536,53.254489],[-6.123535,53.254463],[-6.123535,53.254453],[-6.123534,53.254439],[-6.123532,53.254415],[-6.123532,53.254415],[-6.123519,53.254337],[-6.123512,53.254306],[-6.123501,53.254276],[-6.123493,53.254254],[-6.123491,53.254251],[-6.123483,53.254236],[-6.123474,53.254223],[-6.123467,53.254213],[-6.123433,53.254164],[-6.123433,53.254164],[-6.123424,53.254152],[-6.123424,53.254148],[-6.123423,53.254142],[-6.123421,53.254137],[-6.123418,53.254131],[-6.123409,53.25411],[-6.123359,53.25411],[-6.123358,53.254087],[-6.123357,53.254087],[-6.123086,53.254016],[-6.123084,53.254019],[-6.122878,53.253974],[-6.122862,53.25397],[-6.122868,53.253926],[-6.122845,53.253922],[-6.122834,53.25392],[-6.122806,53.253915],[-6.122739,53.253883],[-6.122618,53.253821],[-6.122546,53.253785],[-6.122449,53.253737],[-6.122429,53.253726],[-6.122433,53.253709],[-6.122392,53.253705],[-6.122394,53.253696],[-6.122356,53.253692],[-6.12234,53.25369],[-6.122341,53.253685],[-6.122342,53.253682],[-6.122292,53.253677],[-6.122277,53.253676],[-6.122261,53.253694],[-6.122252,53.253705],[-6.122148,53.253712],[-6.122069,53.253718],[-6.122068,53.253719],[-6.122014,53.253721],[-6.122014,53.253721],[-6.122013,53.253721],[-6.121943,53.253726],[-6.121832,53.253699],[-6.121773,53.253617],[-6.121761,53.253598],[-6.121743,53.253568],[-6.121698,53.253517],[-6.121688,53.253506],[-6.121685,53.253496],[-6.121677,53.253473],[-6.121673,53.253461],[-6.121643,53.253413],[-6.12161,53.253372],[-6.121582,53.253341],[-6.121571,53.253334],[-6.121554,53.253327],[-6.121548,53.253336],[-6.121449,53.253334],[-6.121413,53.253333],[-6.121353,53.253333],[-6.121345,53.253335],[-6.121315,53.25334],[-6.121215,53.253359],[-6.121197,53.253362],[-6.121175,53.253364],[-6.121147,53.253367],[-6.121103,53.253366],[-6.121006,53.253361],[-6.121001,53.253361],[-6.120935,53.253358],[-6.120881,53.253358],[-6.120802,53.253362],[-6.120761,53.253358],[-6.12072,53.253355],[-6.12071,53.253349],[-6.120701,53.253352],[-6.120681,53.253357],[-6.12065,53.253365],[-6.120618,53.253417],[-6.120239,53.253415],[-6.120245,53.253381],[-6.120251,53.253333],[-6.120261,53.253243],[-6.12027,53.253161],[-6.120275,53.25311],[-6.120279,53.253089],[-6.120286,53.253072],[-6.12034,53.252948],[-6.120369,53.252885],[-6.120385,53.252847],[-6.12039,53.252835],[-6.120395,53.252784],[-6.1204,53.252729],[-6.120494,53.252608],[-6.120528,53.252566],[-6.120548,53.252536],[-6.120578,53.252486],[-6.120645,53.252365],[-6.120739,53.252199],[-6.120806,53.252085],[-6.120815,53.252069],[-6.120829,53.252044],[-6.120836,53.25203],[-6.120841,53.252017],[-6.120845,53.252],[-6.120848,53.251972],[-6.120851,53.25189],[-6.120852,53.25186],[-6.120857,53.251825],[-6.120865,53.251766],[-6.120873,53.251716],[-6.120879,53.251698],[-6.120894,53.251643],[-6.120919,53.251547],[-6.120958,53.25142],[-6.120962,53.251404],[-6.120924,53.251353],[-6.120913,53.251345],[-6.120896,53.251333],[-6.120874,53.251317],[-6.120855,53.251307],[-6.120812,53.251288],[-6.120802,53.251243],[-6.120811,53.251237],[-6.120863,53.251212],[-6.120899,53.251193],[-6.120914,53.251184],[-6.120928,53.251171],[-6.120937,53.251161],[-6.120971,53.251152],[-6.120964,53.251099],[-6.120961,53.251055],[-6.120946,53.250984],[-6.120936,53.250927],[-6.120893,53.250927],[-6.120869,53.250848],[-6.12084,53.250751],[-6.120852,53.250737],[-6.120868,53.250725],[-6.120876,53.250721],[-6.12083,53.250615],[-6.120798,53.250544],[-6.120787,53.250519],[-6.120772,53.250473],[-6.120755,53.250423],[-6.120748,53.2504],[-6.120733,53.250364],[-6.120695,53.250277],[-6.120672,53.250228],[-6.120646,53.250177],[-6.120616,53.25012],[-6.120594,53.250085],[-6.120565,53.250043],[-6.120536,53.250003],[-6.120492,53.249949],[-6.120483,53.249937],[-6.120391,53.249848],[-6.1203,53.249759],[-6.120257,53.249764],[-6.120201,53.249736],[-6.120231,53.249689],[-6.120218,53.249671],[-6.120188,53.249635],[-6.120181,53.249629],[-6.12017,53.249625],[-6.120155,53.249625],[-6.120149,53.249626],[-6.12013,53.249602],[-6.120138,53.249597],[-6.120146,53.249592],[-6.120149,53.249586],[-6.120146,53.24958],[-6.120051,53.249468],[-6.120033,53.249446],[-6.120015,53.249448],[-6.119996,53.249449],[-6.119983,53.249445],[-6.119975,53.24944],[-6.119949,53.2494],[-6.119953,53.249388],[-6.119961,53.24938],[-6.119971,53.249374],[-6.119896,53.249285],[-6.119786,53.249155],[-6.119765,53.249132],[-6.11973,53.249089],[-6.119644,53.248984],[-6.119576,53.248906],[-6.119539,53.248863],[-6.119522,53.248847],[-6.11951,53.248837],[-6.119479,53.248824],[-6.119441,53.248813],[-6.119412,53.248807],[-6.119386,53.248805],[-6.11936,53.248806],[-6.119343,53.248809],[-6.119208,53.24884],[-6.119207,53.24884],[-6.11908,53.248868],[-6.118928,53.248902],[-6.118833,53.248924],[-6.118813,53.248929],[-6.11879,53.248934],[-6.118788,53.248934],[-6.118787,53.248935],[-6.118785,53.248935],[-6.118783,53.248935],[-6.118782,53.248936],[-6.11878,53.248936],[-6.118779,53.248937],[-6.118777,53.248938],[-6.118776,53.248938],[-6.118774,53.248939],[-6.118773,53.24894],[-6.118772,53.248941],[-6.118771,53.248942],[-6.11877,53.248943],[-6.118769,53.248944],[-6.118765,53.24895],[-6.118765,53.248951],[-6.118764,53.248952],[-6.118764,53.248953],[-6.118763,53.248954],[-6.118763,53.248955],[-6.118762,53.248956],[-6.118762,53.248957],[-6.118762,53.248958],[-6.118762,53.248959],[-6.118761,53.24896],[-6.118761,53.248961],[-6.11876,53.248962],[-6.11876,53.248962],[-6.118759,53.248964],[-6.118752,53.24897],[-6.118751,53.248971],[-6.11875,53.248972],[-6.118749,53.248973],[-6.118748,53.248973],[-6.118746,53.248974],[-6.118739,53.248978],[-6.118738,53.248978],[-6.118736,53.248979],[-6.118735,53.248979],[-6.118734,53.24898],[-6.118731,53.24898],[-6.11873,53.248981],[-6.118728,53.248981],[-6.118727,53.248981],[-6.118726,53.248982],[-6.118723,53.248982],[-6.118714,53.248985],[-6.118672,53.248995],[-6.118644,53.249001],[-6.118642,53.249002],[-6.118641,53.249002],[-6.118639,53.249002],[-6.118637,53.249002],[-6.118634,53.249003],[-6.118632,53.249003],[-6.118631,53.249003],[-6.118629,53.249003],[-6.118627,53.249003],[-6.118626,53.249003],[-6.118624,53.249003],[-6.118622,53.249003],[-6.118621,53.249003],[-6.118619,53.249003],[-6.118617,53.249003],[-6.118616,53.249003],[-6.118614,53.249003],[-6.118612,53.249002],[-6.11861,53.249002],[-6.118608,53.249002],[-6.118607,53.249001],[-6.118605,53.249001],[-6.118602,53.249],[-6.118595,53.248998],[-6.118594,53.248997],[-6.118592,53.248997],[-6.118591,53.248996],[-6.11859,53.248996],[-6.118589,53.248995],[-6.118587,53.248995],[-6.118586,53.248994],[-6.118585,53.248994],[-6.118582,53.248993],[-6.118581,53.248992],[-6.118579,53.248992],[-6.118577,53.248992],[-6.118576,53.248991],[-6.118574,53.248991],[-6.118572,53.248991],[-6.118571,53.248991],[-6.118569,53.24899],[-6.118566,53.24899],[-6.118564,53.24899],[-6.118562,53.248991],[-6.118561,53.248991],[-6.118559,53.248991],[-6.118558,53.248991],[-6.118556,53.248991],[-6.118554,53.248991],[-6.118552,53.248992],[-6.118551,53.248992],[-6.118549,53.248992],[-6.118548,53.248993],[-6.118546,53.248993],[-6.118545,53.248993],[-6.118543,53.248994],[-6.118449,53.249018],[-6.118406,53.249028],[-6.118191,53.249081],[-6.118053,53.249115],[-6.118045,53.249117],[-6.118041,53.249118],[-6.11804,53.249119],[-6.118039,53.24912],[-6.118039,53.249122],[-6.118038,53.249127],[-6.118037,53.249132],[-6.118036,53.249135],[-6.118033,53.249137],[-6.11803,53.24914],[-6.118026,53.249142],[-6.118022,53.249144],[-6.118014,53.249147],[-6.117998,53.249151],[-6.117969,53.249157],[-6.117962,53.24916],[-6.117956,53.24916],[-6.117951,53.24916],[-6.117946,53.249158],[-6.117941,53.249156],[-6.117936,53.249154],[-6.11793,53.249152],[-6.117924,53.24915],[-6.11792,53.249149],[-6.117915,53.249148],[-6.117908,53.249148],[-6.117903,53.249148],[-6.117898,53.249149],[-6.117894,53.249149],[-6.117891,53.24915],[-6.117813,53.249168],[-6.117583,53.249223],[-6.117407,53.249264],[-6.11741,53.24927],[-6.117332,53.249289],[-6.117327,53.249283],[-6.117148,53.249325],[-6.116903,53.249382],[-6.116867,53.249391],[-6.116865,53.249397],[-6.116864,53.249402],[-6.116862,53.249406],[-6.116859,53.24941],[-6.116858,53.249412],[-6.116856,53.249413],[-6.116855,53.249413],[-6.116851,53.249416],[-6.116839,53.249419],[-6.116799,53.249429],[-6.116792,53.24943],[-6.116788,53.249431],[-6.116784,53.249431],[-6.116778,53.249431],[-6.116774,53.24943],[-6.116771,53.249429],[-6.116766,53.249427],[-6.116761,53.249425],[-6.116757,53.249423],[-6.116752,53.249421],[-6.116747,53.249419],[-6.116611,53.249452],[-6.116538,53.249469],[-6.116483,53.249483],[-6.116515,53.249538],[-6.1165,53.249541],[-6.11647,53.249546],[-6.116446,53.249551],[-6.116402,53.249559],[-6.116373,53.249508],[-6.116204,53.249547],[-6.116043,53.249585],[-6.115821,53.249636],[-6.115719,53.24966],[-6.115712,53.249662],[-6.115706,53.249665],[-6.115701,53.249667],[-6.115696,53.24967],[-6.115692,53.249673],[-6.115688,53.249677],[-6.115683,53.249682],[-6.11568,53.249686],[-6.115675,53.249689],[-6.11567,53.249693],[-6.115664,53.249696],[-6.115656,53.249699],[-6.115647,53.249702],[-6.115627,53.249705],[-6.115614,53.249709],[-6.115604,53.249711],[-6.115595,53.249712],[-6.115586,53.249712],[-6.11558,53.249711],[-6.115572,53.249711],[-6.115566,53.24971],[-6.115562,53.24971],[-6.115556,53.249709],[-6.115553,53.249707],[-6.11555,53.249706],[-6.115544,53.249705],[-6.11554,53.249704],[-6.115534,53.249704],[-6.115528,53.249704],[-6.115522,53.249705],[-6.115515,53.249707],[-6.115498,53.249711],[-6.115431,53.249727],[-6.115407,53.249733],[-6.115296,53.249758],[-6.115287,53.249761],[-6.11528,53.249763],[-6.115277,53.249765],[-6.115273,53.249767],[-6.115269,53.24977],[-6.115264,53.249776],[-6.115258,53.249781],[-6.115253,53.249786],[-6.115247,53.24979],[-6.115242,53.249793],[-6.115237,53.249796],[-6.115232,53.249798],[-6.115218,53.249801],[-6.115189,53.249808],[-6.115184,53.249809],[-6.115177,53.24981],[-6.115169,53.24981],[-6.115163,53.24981],[-6.115154,53.249808],[-6.115147,53.249807],[-6.11514,53.249806],[-6.115132,53.249805],[-6.115124,53.249804],[-6.115115,53.249803],[-6.115108,53.249803],[-6.115101,53.249804],[-6.115094,53.249805],[-6.115081,53.249808],[-6.115021,53.249823],[-6.114894,53.249853],[-6.114738,53.249889],[-6.114512,53.249942],[-6.114374,53.249974],[-6.114348,53.249981],[-6.114327,53.249987],[-6.114313,53.249992],[-6.114303,53.249995],[-6.114297,53.249998],[-6.114292,53.25],[-6.114288,53.250004],[-6.114283,53.250007],[-6.114278,53.250011],[-6.114274,53.250015],[-6.114269,53.250021],[-6.114267,53.250027],[-6.114263,53.250036],[-6.11426,53.250047],[-6.114258,53.250055],[-6.114247,53.250129],[-6.11423,53.250233],[-6.114212,53.250344],[-6.114194,53.25045],[-6.114174,53.250579],[-6.114141,53.250776],[-6.114101,53.250978],[-6.114064,53.251194],[-6.114044,53.251307],[-6.114041,53.251335],[-6.114039,53.251345],[-6.114032,53.251437],[-6.11402,53.251565],[-6.114007,53.251717],[-6.113987,53.251934],[-6.113971,53.252127],[-6.113951,53.252363],[-6.113935,53.252568],[-6.113941,53.252575],[-6.113948,53.252583],[-6.113957,53.252591],[-6.113977,53.252598],[-6.113976,53.252612],[-6.113967,53.252701],[-6.11396,53.252704],[-6.113947,53.252711],[-6.113934,53.25272],[-6.113924,53.252728],[-6.113921,53.252753],[-6.113918,53.252792],[-6.113915,53.252812],[-6.113903,53.252956],[-6.113892,53.253081],[-6.113887,53.253164],[-6.113884,53.253219],[-6.113883,53.253229],[-6.113883,53.253234],[-6.113883,53.25324],[-6.113885,53.253247],[-6.113887,53.253252],[-6.113889,53.253257],[-6.113893,53.253261],[-6.113896,53.253265],[-6.1139,53.253269],[-6.113904,53.253271],[-6.113897,53.253284],[-6.11387,53.253327],[-6.113793,53.253331],[-6.11379,53.253331],[-6.11373,53.253333],[-6.113658,53.25334],[-6.113641,53.253342],[-6.113615,53.25346],[-6.113615,53.253461],[-6.113614,53.253462],[-6.113614,53.253463],[-6.113614,53.253464],[-6.113614,53.253465],[-6.113614,53.253466],[-6.113613,53.253467],[-6.113613,53.253468],[-6.113613,53.253469],[-6.11354,53.253987],[-6.113495,53.254328],[-6.113431,53.254714],[-6.11343,53.254724],[-6.113319,53.255275],[-6.11334,53.255312],[-6.113317,53.255483],[-6.11328,53.255776],[-6.113317,53.255778],[-6.113318,53.25578],[-6.113298,53.255886],[-6.113289,53.255903],[-6.113284,53.255943],[-6.113254,53.256136],[-6.11324,53.256199],[-6.113238,53.256209],[-6.113325,53.256213],[-6.113617,53.256236],[-6.11359,53.256311],[-6.113591,53.256311],[-6.113593,53.256312],[-6.113594,53.256313],[-6.113597,53.256315],[-6.113599,53.256317],[-6.1136,53.256317],[-6.113601,53.256318],[-6.113601,53.256319],[-6.113601,53.25632],[-6.113602,53.256321],[-6.113602,53.256322],[-6.113602,53.256323],[-6.113602,53.256324],[-6.113601,53.256332],[-6.1136,53.256342],[-6.11361,53.256343],[-6.113701,53.256355],[-6.113794,53.25638],[-6.113876,53.256428],[-6.113927,53.256469],[-6.11398,53.256518],[-6.114032,53.256597],[-6.114082,53.256671],[-6.114157,53.256795],[-6.11419,53.256819],[-6.114192,53.256826],[-6.114197,53.25685],[-6.1142,53.256877],[-6.114192,53.256878],[-6.114188,53.256879],[-6.114186,53.256882],[-6.114187,53.256885],[-6.114189,53.256888],[-6.114195,53.25689],[-6.114199,53.256891],[-6.1142,53.256947],[-6.1142,53.257006],[-6.114189,53.257049],[-6.114181,53.257081],[-6.114183,53.25709],[-6.114189,53.257098],[-6.114197,53.257104],[-6.114209,53.257108],[-6.114213,53.257109],[-6.114202,53.257211],[-6.114187,53.257381],[-6.11417,53.257395],[-6.114151,53.257413],[-6.114127,53.257439],[-6.114104,53.257468],[-6.114098,53.257477],[-6.114091,53.257496],[-6.114084,53.257507],[-6.114054,53.25754],[-6.114044,53.257546],[-6.114036,53.257548],[-6.114022,53.257548],[-6.11402,53.257571],[-6.114021,53.257571],[-6.11402,53.257585],[-6.113927,53.257582],[-6.113581,53.25757],[-6.113552,53.257568],[-6.113533,53.257568],[-6.113465,53.257563],[-6.113405,53.257557],[-6.113325,53.257557],[-6.11331,53.257563],[-6.113298,53.257576],[-6.113227,53.257573],[-6.113054,53.257581],[-6.11305,53.257588],[-6.113033,53.257699],[-6.113013,53.257819],[-6.112991,53.257934],[-6.112968,53.258049],[-6.112945,53.258159],[-6.112922,53.25827],[-6.112916,53.258301],[-6.112914,53.258315],[-6.112914,53.258323],[-6.112918,53.258331],[-6.112919,53.258335],[-6.112925,53.258344],[-6.112933,53.258351],[-6.112939,53.258353],[-6.112947,53.258356],[-6.112956,53.258357],[-6.112965,53.258358],[-6.112972,53.258358],[-6.112959,53.258416],[-6.112952,53.258416],[-6.11294,53.258447],[-6.112924,53.258487],[-6.112908,53.258527],[-6.112865,53.25864],[-6.112864,53.258643],[-6.112823,53.258741],[-6.112779,53.258842],[-6.11278,53.258842],[-6.112779,53.258845],[-6.112777,53.258848],[-6.112775,53.258851],[-6.112762,53.258869],[-6.11268,53.258985],[-6.112658,53.259039],[-6.112753,53.259058],[-6.112748,53.259081],[-6.112755,53.259081],[-6.11274,53.259131],[-6.112734,53.25914],[-6.112733,53.259142],[-6.112698,53.259232],[-6.112657,53.259342],[-6.112604,53.259469],[-6.112551,53.259597],[-6.112426,53.259868],[-6.112422,53.259876],[-6.11242,53.259883],[-6.112416,53.259894],[-6.112415,53.259904],[-6.11238,53.259925],[-6.112367,53.259947],[-6.112354,53.259965],[-6.112214,53.260155],[-6.11197,53.260487],[-6.111835,53.260663],[-6.111809,53.260696],[-6.111776,53.260748],[-6.111713,53.260846],[-6.111629,53.260978],[-6.111617,53.261002],[-6.111609,53.261019],[-6.111603,53.261043],[-6.111605,53.261057],[-6.111607,53.261074],[-6.111607,53.261094],[-6.111601,53.261142],[-6.111615,53.261147],[-6.111563,53.261201],[-6.111552,53.261212],[-6.11154,53.261228],[-6.11149,53.261212],[-6.111376,53.261365],[-6.111251,53.261539],[-6.111185,53.261636],[-6.111145,53.261696],[-6.111119,53.261735],[-6.1111,53.261759],[-6.110992,53.261881],[-6.110992,53.261881],[-6.110992,53.261881],[-6.110805,53.262115],[-6.110738,53.262194],[-6.110737,53.262195],[-6.110735,53.262196],[-6.110447,53.262495],[-6.110664,53.262626],[-6.110983,53.262819],[-6.111104,53.262884],[-6.111105,53.262884],[-6.111169,53.262916],[-6.111151,53.262934],[-6.111044,53.263036],[-6.110984,53.26309],[-6.110927,53.263142],[-6.110869,53.263188],[-6.110836,53.263214],[-6.110818,53.263228],[-6.110803,53.26324],[-6.110797,53.263244],[-6.110787,53.263252],[-6.110752,53.263279],[-6.110726,53.263298],[-6.110709,53.263308],[-6.110702,53.263312],[-6.110694,53.263317],[-6.110687,53.26332],[-6.110679,53.263324],[-6.110671,53.263328],[-6.110663,53.263331],[-6.11066,53.263333],[-6.110654,53.263336],[-6.110647,53.263338],[-6.110645,53.263339],[-6.110641,53.263341],[-6.110633,53.263344],[-6.110616,53.26335],[-6.110595,53.263358],[-6.110569,53.263367],[-6.110543,53.263378],[-6.110514,53.263388],[-6.110496,53.263393],[-6.110479,53.263398],[-6.110463,53.263403],[-6.110439,53.263411],[-6.110438,53.263412],[-6.110436,53.263413],[-6.110435,53.263413],[-6.110433,53.263414],[-6.110432,53.263414],[-6.11043,53.263415],[-6.110429,53.263416],[-6.110427,53.263416],[-6.110426,53.263417],[-6.110424,53.263418],[-6.110423,53.263418],[-6.110422,53.263419],[-6.110419,53.26342],[-6.110417,53.263421],[-6.110416,53.263422],[-6.110415,53.263422],[-6.110413,53.263423],[-6.110412,53.263424],[-6.110411,53.263424],[-6.11041,53.263425],[-6.110408,53.263426],[-6.110407,53.263426],[-6.110406,53.263427],[-6.110405,53.263428],[-6.110403,53.263428],[-6.110402,53.263429],[-6.110385,53.263439],[-6.110371,53.263447],[-6.110369,53.263448],[-6.110368,53.263449],[-6.110364,53.263451],[-6.110362,53.263452],[-6.110361,53.263453],[-6.11036,53.263454],[-6.110359,53.263455],[-6.110358,53.263455],[-6.110356,53.263457],[-6.110355,53.263457],[-6.110354,53.263458],[-6.110353,53.263459],[-6.110352,53.26346],[-6.11035,53.263462],[-6.110349,53.263462],[-6.110348,53.263463],[-6.110347,53.263465],[-6.110337,53.263475],[-6.110329,53.263485],[-6.110327,53.263487],[-6.110326,53.263488],[-6.110326,53.263488],[-6.110325,53.263489],[-6.110324,53.26349],[-6.110324,53.263491],[-6.110323,53.263492],[-6.110323,53.263493],[-6.110322,53.263493],[-6.110321,53.263495],[-6.11032,53.263496],[-6.11032,53.263497],[-6.110319,53.263498],[-6.110319,53.263499],[-6.110317,53.263501],[-6.110316,53.263503],[-6.110316,53.263504],[-6.110315,53.263505],[-6.110315,53.263506],[-6.110314,53.263507],[-6.110314,53.263508],[-6.110313,53.263509],[-6.110312,53.26351],[-6.110312,53.263511],[-6.110312,53.263512],[-6.110311,53.263513],[-6.110311,53.263514],[-6.11031,53.263515],[-6.11031,53.263516],[-6.110309,53.263517],[-6.110309,53.263518],[-6.110308,53.263519],[-6.110308,53.26352],[-6.110308,53.263521],[-6.110307,53.263522],[-6.110307,53.263524],[-6.110306,53.263525],[-6.110306,53.263526],[-6.110306,53.263527],[-6.110305,53.263528],[-6.110305,53.263529],[-6.110305,53.26353],[-6.110304,53.263531],[-6.110304,53.263532],[-6.110304,53.263533],[-6.110304,53.263534],[-6.110304,53.263535],[-6.110303,53.263536],[-6.110303,53.263537],[-6.110303,53.263538],[-6.110303,53.263539],[-6.110303,53.26354],[-6.110302,53.263541],[-6.110302,53.263542],[-6.110302,53.263543],[-6.110302,53.263544],[-6.110302,53.263545],[-6.110302,53.263546],[-6.110302,53.263547],[-6.110301,53.263547],[-6.110301,53.263548],[-6.110301,53.263549],[-6.110301,53.26355],[-6.110301,53.263551],[-6.110301,53.263552],[-6.110301,53.263553],[-6.110301,53.263554],[-6.110301,53.263555],[-6.110301,53.263556],[-6.110301,53.263557],[-6.110301,53.263558],[-6.110301,53.263559],[-6.110301,53.26356],[-6.110301,53.263561],[-6.110301,53.263562],[-6.110301,53.263562],[-6.110301,53.263564],[-6.110301,53.263565],[-6.110301,53.263566],[-6.110301,53.263567],[-6.110301,53.263568],[-6.110301,53.263569],[-6.110301,53.26357],[-6.110301,53.263571],[-6.110302,53.263572],[-6.110302,53.263573],[-6.110302,53.263574],[-6.110302,53.263575],[-6.110303,53.263576],[-6.110303,53.263577],[-6.110304,53.26358],[-6.110304,53.263581],[-6.110305,53.263583],[-6.110305,53.263584],[-6.110306,53.263586],[-6.110307,53.263589],[-6.110308,53.263591],[-6.110309,53.263592],[-6.11031,53.263595],[-6.110312,53.263598],[-6.110314,53.263601],[-6.110315,53.263602],[-6.110316,53.263604],[-6.110308,53.263623],[-6.110303,53.263638],[-6.1103,53.263654],[-6.110298,53.263669],[-6.110297,53.263694],[-6.110297,53.263716],[-6.110298,53.263735],[-6.110304,53.263768],[-6.110311,53.263809],[-6.110323,53.263885],[-6.110325,53.263906],[-6.110325,53.263929],[-6.110324,53.263946],[-6.110323,53.263963],[-6.110316,53.263994],[-6.110307,53.264033],[-6.110289,53.264109],[-6.110282,53.264141],[-6.110203,53.264128],[-6.110194,53.264126],[-6.11018,53.264123],[-6.110166,53.264119],[-6.110166,53.264119],[-6.110158,53.264117],[-6.110158,53.264117],[-6.110116,53.26411],[-6.110091,53.264105],[-6.109573,53.264011],[-6.109567,53.26401],[-6.10956,53.26402],[-6.109548,53.264039],[-6.109448,53.264187],[-6.109398,53.26426],[-6.109373,53.264295],[-6.109347,53.26433],[-6.109325,53.264364],[-6.109323,53.264365],[-6.109321,53.264366],[-6.109319,53.264366],[-6.109318,53.264367],[-6.109316,53.264368],[-6.109315,53.264368],[-6.109313,53.264369],[-6.109312,53.26437],[-6.10931,53.26437],[-6.109309,53.264371],[-6.109307,53.264372],[-6.109306,53.264372],[-6.109304,53.264373],[-6.109303,53.264374],[-6.109301,53.264375],[-6.1093,53.264375],[-6.109299,53.264376],[-6.109297,53.264377],[-6.109296,53.264377],[-6.109294,53.264378],[-6.109293,53.264379],[-6.109291,53.264379],[-6.10929,53.26438],[-6.109289,53.264381],[-6.109287,53.264382],[-6.109285,53.264383],[-6.109284,53.264383],[-6.109283,53.264384],[-6.109281,53.264385],[-6.10928,53.264386],[-6.109279,53.264386],[-6.109277,53.264387],[-6.109276,53.264388],[-6.109274,53.264389],[-6.109273,53.264389],[-6.109272,53.26439],[-6.10927,53.264391],[-6.109269,53.264392],[-6.109268,53.264393],[-6.109266,53.264393],[-6.109265,53.264394],[-6.109264,53.264395],[-6.109262,53.264396],[-6.109261,53.264396],[-6.10926,53.264397],[-6.109259,53.264398],[-6.109257,53.264399],[-6.109256,53.2644],[-6.109254,53.264401],[-6.109253,53.264402],[-6.109251,53.264403],[-6.10925,53.264404],[-6.109248,53.264404],[-6.109247,53.264405],[-6.109246,53.264406],[-6.109244,53.264407],[-6.109243,53.264408],[-6.109242,53.264409],[-6.10924,53.26441],[-6.109239,53.264411],[-6.109237,53.264412],[-6.109236,53.264413],[-6.109235,53.264414],[-6.109233,53.264415],[-6.109232,53.264416],[-6.109231,53.264417],[-6.109229,53.264418],[-6.109228,53.264419],[-6.109227,53.26442],[-6.109225,53.26442],[-6.109224,53.264422],[-6.109222,53.264423],[-6.109221,53.264424],[-6.10922,53.264425],[-6.109218,53.264426],[-6.109217,53.264427],[-6.109216,53.264428],[-6.109215,53.264429],[-6.109213,53.26443],[-6.109212,53.264431],[-6.109211,53.264432],[-6.10921,53.264433],[-6.109209,53.264434],[-6.109207,53.264435],[-6.109206,53.264436],[-6.109205,53.264437],[-6.109204,53.264438],[-6.109203,53.264439],[-6.109201,53.26444],[-6.1092,53.264441],[-6.109199,53.264442],[-6.109198,53.264443],[-6.109197,53.264444],[-6.109195,53.264445],[-6.109194,53.264446],[-6.109194,53.264447],[-6.109193,53.264448],[-6.109192,53.264449],[-6.109191,53.26445],[-6.10919,53.264451],[-6.109189,53.264452],[-6.109188,53.264453],[-6.109187,53.264454],[-6.109186,53.264455],[-6.109185,53.264456],[-6.109185,53.264457],[-6.109184,53.264458],[-6.109183,53.264458],[-6.109182,53.264459],[-6.109181,53.26446],[-6.10918,53.264461],[-6.10918,53.264462],[-6.109179,53.264463],[-6.109178,53.264464],[-6.109177,53.264465],[-6.109177,53.264466],[-6.109176,53.264468],[-6.109158,53.264491],[-6.109157,53.264492],[-6.109157,53.264493],[-6.109156,53.264494],[-6.109155,53.264495],[-6.109154,53.264496],[-6.109153,53.264497],[-6.109152,53.264498],[-6.109152,53.264499],[-6.109151,53.2645],[-6.10915,53.264502],[-6.109149,53.264503],[-6.109148,53.264504],[-6.109147,53.264505],[-6.109146,53.264506],[-6.109145,53.264507],[-6.109145,53.264508],[-6.109144,53.264509],[-6.109143,53.26451],[-6.109142,53.264511],[-6.109141,53.264512],[-6.10914,53.264513],[-6.109139,53.264515],[-6.109138,53.264516],[-6.109137,53.264517],[-6.109136,53.264518],[-6.109135,53.264519],[-6.109135,53.26452],[-6.109134,53.264521],[-6.109133,53.264522],[-6.109132,53.264524],[-6.109131,53.264525],[-6.109131,53.264526],[-6.10913,53.264527],[-6.109129,53.264528],[-6.109129,53.264529],[-6.109128,53.26453],[-6.109127,53.264531],[-6.109127,53.264533],[-6.109126,53.264534],[-6.109125,53.264535],[-6.109125,53.264536],[-6.109124,53.264537],[-6.109124,53.264538],[-6.109123,53.264539],[-6.109123,53.264541],[-6.109122,53.264542],[-6.109121,53.264543],[-6.109121,53.264544],[-6.109121,53.264545],[-6.10912,53.264546],[-6.10912,53.264547],[-6.109119,53.264548],[-6.109119,53.26455],[-6.109119,53.264551],[-6.109118,53.264552],[-6.109118,53.264553],[-6.109118,53.264554],[-6.109117,53.264555],[-6.109117,53.264556],[-6.109117,53.264557],[-6.109117,53.264558],[-6.109116,53.264559],[-6.109116,53.26456],[-6.109116,53.264561],[-6.109116,53.264562],[-6.109115,53.264563],[-6.109115,53.264565],[-6.109115,53.264566],[-6.109115,53.264567],[-6.109115,53.264568],[-6.109114,53.264569],[-6.109114,53.26457],[-6.109114,53.264571],[-6.109114,53.264572],[-6.109114,53.264574],[-6.109114,53.264575],[-6.109114,53.264576],[-6.109114,53.264577],[-6.109114,53.264578],[-6.109114,53.264579],[-6.109114,53.26458],[-6.109114,53.264581],[-6.109114,53.264582],[-6.109114,53.264583],[-6.109114,53.264584],[-6.109114,53.264585],[-6.109114,53.264587],[-6.109114,53.264588],[-6.109114,53.264589],[-6.109114,53.26459],[-6.109114,53.264591],[-6.109114,53.264592],[-6.109124,53.264626],[-6.109131,53.264645],[-6.109191,53.264675],[-6.109194,53.264677],[-6.109197,53.26468],[-6.109201,53.264683],[-6.109204,53.264684],[-6.109208,53.264686],[-6.109211,53.264688],[-6.109213,53.264688],[-6.109214,53.264689],[-6.109215,53.264689],[-6.109216,53.26469],[-6.109218,53.26469],[-6.109219,53.264691],[-6.10922,53.264692],[-6.109221,53.264692],[-6.109223,53.264693],[-6.109224,53.264693],[-6.109264,53.264712],[-6.109269,53.264714],[-6.109303,53.26473],[-6.109396,53.264772],[-6.109429,53.264785],[-6.109555,53.264838],[-6.10953,53.264865],[-6.109527,53.264869],[-6.109518,53.264879],[-6.10951,53.264888],[-6.109498,53.2649],[-6.109489,53.264911],[-6.109474,53.264907],[-6.109465,53.264918],[-6.109479,53.264922],[-6.109494,53.264927],[-6.109499,53.264928],[-6.109627,53.264967],[-6.109624,53.26497],[-6.10975,53.265012],[-6.109772,53.264987],[-6.109863,53.264883],[-6.110043,53.264674],[-6.110098,53.264611],[-6.110238,53.26445],[-6.110331,53.264343],[-6.110394,53.264271],[-6.110452,53.264203],[-6.110463,53.264189],[-6.110496,53.264161],[-6.110689,53.264003],[-6.110724,53.263975],[-6.110756,53.263956],[-6.110817,53.263923],[-6.110878,53.263887],[-6.110939,53.263849],[-6.11103,53.263787],[-6.111069,53.263759],[-6.111095,53.263738],[-6.111178,53.263659],[-6.111341,53.263501],[-6.111463,53.263381],[-6.111576,53.263279],[-6.111598,53.26326],[-6.111647,53.263222],[-6.111768,53.263134],[-6.11184,53.263086],[-6.111886,53.263057],[-6.11193,53.263034],[-6.111976,53.263014],[-6.11199,53.26301],[-6.112022,53.263001],[-6.11206,53.262994],[-6.112165,53.26298],[-6.112259,53.262971],[-6.112423,53.262985],[-6.112468,53.262987],[-6.112655,53.263019],[-6.11287,53.263057],[-6.113013,53.263088],[-6.11306,53.263098],[-6.113172,53.263133],[-6.11323,53.263155],[-6.113247,53.263163],[-6.113253,53.263165],[-6.113278,53.263179],[-6.113307,53.263198],[-6.113332,53.263216],[-6.113376,53.26325],[-6.113623,53.263446],[-6.113917,53.263682],[-6.114014,53.263764],[-6.11408,53.263832],[-6.114142,53.263914],[-6.114174,53.263959],[-6.114295,53.264148],[-6.11437,53.264265],[-6.114455,53.264397],[-6.11447,53.264413],[-6.114482,53.264429],[-6.114594,53.264578],[-6.114716,53.264739],[-6.114839,53.2649],[-6.11485,53.264914],[-6.114884,53.264961],[-6.114894,53.264976],[-6.114917,53.265009],[-6.115007,53.265144],[-6.115051,53.265208],[-6.115107,53.265273],[-6.11512,53.265278],[-6.115235,53.265451],[-6.115273,53.265513],[-6.115314,53.265589],[-6.115322,53.265605],[-6.115329,53.265624],[-6.115331,53.265628],[-6.115313,53.265754],[-6.115411,53.265827],[-6.115526,53.265835],[-6.115543,53.265836],[-6.115559,53.265834],[-6.115561,53.265834],[-6.115679,53.265791],[-6.115804,53.265747],[-6.115885,53.265722],[-6.115994,53.265693],[-6.115918,53.265602],[-6.115787,53.265451],[-6.115738,53.265385],[-6.115708,53.265344],[-6.115891,53.265286],[-6.115955,53.265268],[-6.116007,53.265254],[-6.116041,53.265239],[-6.116038,53.265236],[-6.11611,53.265214],[-6.115976,53.265136],[-6.115973,53.265139],[-6.115927,53.265114],[-6.115861,53.265078],[-6.115835,53.26506],[-6.115984,53.265013],[-6.116078,53.264982],[-6.116089,53.264992],[-6.116171,53.264974],[-6.116322,53.264933],[-6.116333,53.264929],[-6.116368,53.264949],[-6.116498,53.265032],[-6.116554,53.265066],[-6.116572,53.265071],[-6.116584,53.265073],[-6.116588,53.265072],[-6.116597,53.26508],[-6.116609,53.265099],[-6.116619,53.265119],[-6.116622,53.265134],[-6.116615,53.265162],[-6.116629,53.265164],[-6.116645,53.265166],[-6.116665,53.265168],[-6.116703,53.265172],[-6.116839,53.265196],[-6.116921,53.265234],[-6.116951,53.265248],[-6.117061,53.265301],[-6.117118,53.265336],[-6.117133,53.265345],[-6.117272,53.265431],[-6.117333,53.265466],[-6.11747,53.265547],[-6.117505,53.265567],[-6.117659,53.265652],[-6.117697,53.265672],[-6.117794,53.26571],[-6.117898,53.265739],[-6.117909,53.265744],[-6.118047,53.265785],[-6.118333,53.26587],[-6.118372,53.265878],[-6.118426,53.265895],[-6.118516,53.265922],[-6.118599,53.265947],[-6.118692,53.265975],[-6.118701,53.26598],[-6.118726,53.265986],[-6.118745,53.26599],[-6.118766,53.265992],[-6.118788,53.265993],[-6.118812,53.26599],[-6.118836,53.265987],[-6.118859,53.265982],[-6.118868,53.266008]]]},"properties":{"aca_name":"Killiney","council":"dlr","council_label":"D\u00fan Laoghaire-Rathdown County Council","ref":"","designation":"Architectural Conservation Area"}},{"type":"Feature","geometry":{"type":"Polygon","coordinates":[[[-6.129393,53.283364],[-6.129543,53.283422],[-6.129558,53.283427],[-6.129725,53.283491],[-6.129887,53.283551],[-6.1302,53.283129],[-6.1302,53.283129],[-6.130134,53.28311],[-6.130087,53.283094],[-6.129996,53.283063],[-6.129858,53.283017],[-6.129823,53.283005],[-6.129747,53.282972],[-6.12987,53.282876],[-6.130067,53.282722],[-6.13014,53.282663],[-6.13016,53.282649],[-6.130498,53.282391],[-6.130677,53.282253],[-6.13064,53.282236],[-6.130629,53.28223],[-6.130578,53.282206],[-6.130562,53.282198],[-6.130538,53.282186],[-6.13047,53.282238],[-6.130262,53.28214],[-6.130179,53.282101],[-6.130089,53.282059],[-6.129893,53.281967],[-6.129859,53.281951],[-6.129814,53.28193],[-6.129757,53.281903],[-6.129698,53.281875],[-6.129632,53.281844],[-6.129627,53.281842],[-6.129569,53.281814],[-6.129533,53.281798],[-6.129497,53.281781],[-6.129304,53.28169],[-6.129152,53.281807],[-6.129144,53.281813],[-6.129115,53.281836],[-6.128947,53.281964],[-6.128938,53.281971],[-6.1288,53.282076],[-6.128795,53.282081],[-6.128644,53.282199],[-6.128629,53.282211],[-6.128604,53.28223],[-6.128539,53.28228],[-6.128495,53.28226],[-6.128491,53.282256],[-6.128434,53.282231],[-6.128372,53.282203],[-6.128443,53.282149],[-6.12855,53.282067],[-6.128622,53.282012],[-6.12863,53.282006],[-6.128637,53.281999],[-6.128703,53.281949],[-6.128778,53.281892],[-6.12881,53.281866],[-6.128826,53.281854],[-6.128854,53.281832],[-6.128894,53.281802],[-6.128953,53.281757],[-6.128974,53.281741],[-6.127358,53.281051],[-6.126907,53.280879],[-6.126909,53.280878],[-6.12691,53.280878],[-6.127165,53.280688],[-6.127181,53.280673],[-6.127121,53.280668],[-6.126846,53.280638],[-6.126748,53.280627],[-6.12669,53.28062],[-6.126428,53.280592],[-6.126331,53.280582],[-6.126212,53.280569],[-6.126053,53.280552],[-6.126051,53.280552],[-6.126017,53.280549],[-6.125846,53.280531],[-6.125817,53.280621],[-6.125771,53.28077],[-6.125725,53.280929],[-6.125677,53.281228],[-6.125675,53.281231],[-6.125673,53.281235],[-6.125672,53.281238],[-6.125666,53.281257],[-6.125655,53.281294],[-6.125573,53.281575],[-6.125552,53.281648],[-6.12555,53.281657],[-6.125531,53.281723],[-6.125506,53.281815],[-6.125488,53.281878],[-6.125457,53.281989],[-6.125602,53.28204],[-6.125714,53.28208],[-6.125734,53.282087],[-6.125768,53.282062],[-6.125806,53.282033],[-6.126068,53.281839],[-6.126087,53.281848],[-6.126691,53.282152],[-6.12675,53.282106],[-6.126806,53.282065],[-6.126837,53.282041],[-6.126986,53.281931],[-6.127012,53.281911],[-6.127059,53.281874],[-6.127141,53.281812],[-6.127186,53.281834],[-6.12711,53.281902],[-6.127022,53.28198],[-6.12701,53.281987],[-6.127001,53.281995],[-6.126981,53.282007],[-6.126927,53.282046],[-6.126871,53.282086],[-6.126809,53.28213],[-6.126804,53.282137],[-6.1268,53.282144],[-6.126804,53.282149],[-6.126815,53.282157],[-6.126871,53.282191],[-6.126876,53.282188],[-6.126909,53.282209],[-6.127078,53.282336],[-6.12707,53.282342],[-6.127079,53.282347],[-6.127811,53.282633],[-6.127878,53.28258],[-6.127888,53.282572],[-6.127943,53.28253],[-6.128254,53.282294],[-6.128309,53.282319],[-6.128338,53.282333],[-6.128403,53.282363],[-6.127996,53.282676],[-6.127996,53.282676],[-6.127989,53.282681],[-6.127971,53.282695],[-6.12819,53.282781],[-6.128061,53.282875],[-6.128118,53.282903],[-6.128232,53.282958],[-6.128257,53.28297],[-6.128276,53.282969],[-6.128291,53.282963],[-6.128345,53.282923],[-6.128392,53.282888],[-6.128384,53.282884],[-6.128393,53.282877],[-6.128469,53.282914],[-6.128587,53.28282],[-6.128676,53.28275],[-6.128806,53.282647],[-6.128887,53.282583],[-6.128936,53.282605],[-6.12901,53.282638],[-6.129047,53.282655],[-6.128991,53.282698],[-6.128909,53.282761],[-6.128835,53.282818],[-6.12878,53.282859],[-6.12876,53.282874],[-6.128756,53.282877],[-6.1287,53.282915],[-6.128673,53.282935],[-6.12861,53.282983],[-6.128603,53.282989],[-6.128522,53.283051],[-6.128535,53.283057],[-6.128539,53.28306],[-6.128538,53.283066],[-6.128533,53.283089],[-6.128533,53.283101],[-6.128533,53.283101],[-6.128535,53.283106],[-6.128543,53.283113],[-6.128549,53.28312],[-6.128601,53.283144],[-6.128665,53.283174],[-6.128673,53.283178],[-6.128861,53.283263],[-6.128986,53.283166],[-6.129393,53.283364]]]},"properties":{"aca_name":"Silchester Road, Marlbrough Road, Glenageary","council":"dlr","council_label":"D\u00fan Laoghaire-Rathdown County Council","ref":"","designation":"Architectural Conservation Area"}},{"type":"Feature","geometry":{"type":"Polygon","coordinates":[[[-6.11357,53.289663],[-6.113567,53.289672],[-6.113569,53.289677],[-6.113577,53.289681],[-6.113593,53.289682],[-6.113612,53.289682],[-6.113639,53.289677],[-6.113662,53.289671],[-6.113683,53.289665],[-6.113701,53.289655],[-6.113714,53.289645],[-6.1138,53.289668],[-6.113876,53.289569],[-6.113916,53.289521],[-6.113996,53.289549],[-6.114048,53.289484],[-6.114172,53.289423],[-6.114219,53.289428],[-6.114225,53.289429],[-6.114253,53.289432],[-6.114286,53.289434],[-6.114307,53.289434],[-6.114324,53.28943],[-6.114349,53.289423],[-6.114376,53.289413],[-6.114394,53.289405],[-6.114407,53.289398],[-6.114425,53.289386],[-6.114434,53.289379],[-6.114457,53.289359],[-6.11447,53.289346],[-6.114478,53.289336],[-6.114517,53.289345],[-6.114531,53.289323],[-6.114487,53.289313],[-6.114491,53.289291],[-6.114493,53.289273],[-6.114494,53.289255],[-6.114494,53.289239],[-6.114493,53.289231],[-6.114488,53.289218],[-6.11448,53.289205],[-6.114473,53.289194],[-6.114463,53.289175],[-6.114492,53.28916],[-6.11458,53.289119],[-6.114749,53.289092],[-6.114857,53.289101],[-6.114888,53.289104],[-6.114901,53.2891],[-6.114924,53.289093],[-6.114942,53.289086],[-6.114998,53.289067],[-6.114986,53.289034],[-6.114963,53.288979],[-6.114946,53.288936],[-6.114889,53.288933],[-6.114788,53.288929],[-6.114773,53.288887],[-6.114771,53.288875],[-6.114773,53.288866],[-6.114775,53.288859],[-6.114781,53.288853],[-6.11479,53.288849],[-6.1148,53.288843],[-6.114811,53.288837],[-6.114821,53.288829],[-6.114828,53.288822],[-6.114831,53.288813],[-6.114834,53.288803],[-6.114836,53.288793],[-6.11484,53.288784],[-6.114847,53.288767],[-6.114848,53.288765],[-6.11485,53.288757],[-6.114851,53.288754],[-6.114852,53.288742],[-6.114848,53.28874],[-6.114844,53.288738],[-6.114828,53.288735],[-6.114695,53.288717],[-6.114683,53.288724],[-6.114677,53.288731],[-6.114672,53.288742],[-6.114665,53.288754],[-6.114656,53.288773],[-6.114645,53.288797],[-6.114634,53.288815],[-6.114629,53.288823],[-6.114627,53.288825],[-6.114622,53.288829],[-6.114615,53.288834],[-6.114601,53.288847],[-6.114589,53.288853],[-6.114576,53.28886],[-6.114555,53.288868],[-6.114531,53.288876],[-6.114503,53.288883],[-6.114466,53.288891],[-6.114442,53.288852],[-6.114435,53.28884],[-6.11447,53.288832],[-6.114449,53.288796],[-6.114413,53.288804],[-6.114289,53.288806],[-6.114293,53.288765],[-6.114297,53.288728],[-6.114305,53.288635],[-6.114314,53.28853],[-6.114322,53.288434],[-6.114323,53.288413],[-6.114333,53.288409],[-6.114354,53.288397],[-6.114382,53.288381],[-6.114453,53.288345],[-6.114454,53.288344],[-6.114508,53.288382],[-6.114554,53.288359],[-6.114554,53.288358],[-6.1145,53.28832],[-6.114517,53.288312],[-6.114536,53.288307],[-6.11456,53.288302],[-6.114577,53.288299],[-6.114602,53.288296],[-6.114623,53.288295],[-6.114631,53.288306],[-6.114637,53.28832],[-6.114639,53.288331],[-6.114639,53.288342],[-6.114642,53.288351],[-6.11465,53.288357],[-6.114669,53.288368],[-6.114715,53.288395],[-6.11478,53.288434],[-6.114854,53.288477],[-6.114937,53.288526],[-6.114961,53.288512],[-6.114948,53.288461],[-6.114947,53.288456],[-6.114934,53.288395],[-6.114934,53.288391],[-6.114924,53.288348],[-6.114912,53.2883],[-6.114912,53.288297],[-6.11491,53.288288],[-6.114899,53.288239],[-6.114888,53.288191],[-6.114885,53.288179],[-6.114882,53.288164],[-6.114874,53.288133],[-6.114865,53.288155],[-6.114883,53.288099],[-6.114895,53.288062],[-6.114921,53.287984],[-6.114943,53.287919],[-6.114983,53.287803],[-6.115005,53.2878],[-6.115029,53.287795],[-6.115051,53.28779],[-6.115067,53.287785],[-6.115091,53.28778],[-6.115106,53.287777],[-6.115148,53.287766],[-6.115213,53.287749],[-6.115311,53.287723],[-6.115386,53.287707],[-6.11544,53.28769],[-6.115639,53.287648],[-6.115645,53.287657],[-6.115655,53.28767],[-6.115667,53.287687],[-6.115722,53.287684],[-6.116042,53.287675],[-6.116051,53.287676],[-6.116084,53.287675],[-6.116155,53.287673],[-6.116186,53.287671],[-6.1162,53.287669],[-6.11621,53.287666],[-6.116218,53.28766],[-6.116232,53.287649],[-6.11625,53.287638],[-6.116269,53.287628],[-6.116305,53.287609],[-6.116305,53.287609],[-6.116314,53.287606],[-6.116351,53.287585],[-6.116528,53.287575],[-6.116654,53.287568],[-6.116789,53.287561],[-6.11685,53.287558],[-6.116852,53.287557],[-6.11685,53.287544],[-6.116845,53.287511],[-6.116754,53.287484],[-6.116728,53.287477],[-6.116618,53.287446],[-6.11645,53.2874],[-6.116411,53.287391],[-6.116388,53.28739],[-6.11637,53.287391],[-6.116344,53.28739],[-6.11633,53.287386],[-6.116319,53.28738],[-6.116294,53.287365],[-6.116284,53.287359],[-6.116267,53.287354],[-6.116227,53.287345],[-6.116258,53.287214],[-6.116308,53.287082],[-6.11633,53.287018],[-6.11635,53.28696],[-6.116355,53.286944],[-6.116362,53.286924],[-6.116394,53.286833],[-6.115752,53.286772],[-6.115781,53.286686],[-6.115837,53.286524],[-6.115846,53.286499],[-6.115889,53.286452],[-6.115914,53.286348],[-6.11592,53.286314],[-6.115923,53.286291],[-6.115901,53.286289],[-6.115824,53.28628],[-6.115642,53.28626],[-6.115559,53.286252],[-6.115525,53.286249],[-6.115495,53.286331],[-6.115494,53.286333],[-6.115477,53.286382],[-6.115466,53.286413],[-6.11545,53.286462],[-6.115302,53.286452],[-6.114813,53.286406],[-6.114739,53.2864],[-6.114668,53.286393],[-6.114638,53.286476],[-6.114613,53.286547],[-6.114588,53.286616],[-6.114567,53.286674],[-6.114545,53.286736],[-6.114536,53.286761],[-6.114505,53.286849],[-6.114495,53.286878],[-6.114474,53.286936],[-6.114468,53.286953],[-6.114338,53.287393],[-6.1143,53.287503],[-6.114085,53.287474],[-6.114035,53.287589],[-6.114026,53.287615],[-6.114035,53.287646],[-6.114036,53.287651],[-6.114019,53.287697],[-6.113997,53.287694],[-6.113983,53.287725],[-6.113967,53.287762],[-6.113943,53.287816],[-6.11394,53.287821],[-6.113903,53.287925],[-6.11388,53.287989],[-6.113865,53.28803],[-6.113791,53.288016],[-6.113624,53.287985],[-6.113482,53.287959],[-6.113335,53.287932],[-6.11332,53.287929],[-6.113315,53.287928],[-6.113301,53.287926],[-6.113261,53.287918],[-6.113187,53.287905],[-6.113182,53.287904],[-6.113254,53.287804],[-6.113304,53.287734],[-6.113315,53.287718],[-6.113314,53.287679],[-6.113315,53.287672],[-6.11333,53.287633],[-6.113345,53.287592],[-6.11335,53.287579],[-6.113354,53.287568],[-6.113358,53.287559],[-6.113384,53.28749],[-6.113415,53.28741],[-6.113419,53.287399],[-6.113393,53.287396],[-6.113247,53.287377],[-6.113162,53.287366],[-6.113173,53.287336],[-6.113209,53.287236],[-6.113233,53.287171],[-6.113239,53.287156],[-6.113258,53.287102],[-6.113255,53.287101],[-6.11311,53.287078],[-6.113054,53.287069],[-6.113044,53.287067],[-6.11304,53.287065],[-6.113037,53.287063],[-6.113034,53.287061],[-6.113032,53.287058],[-6.11303,53.287055],[-6.113028,53.287053],[-6.113027,53.28705],[-6.113037,53.287019],[-6.113047,53.286993],[-6.113071,53.286931],[-6.113086,53.286891],[-6.113099,53.286858],[-6.113101,53.286853],[-6.113156,53.286862],[-6.113213,53.28687],[-6.113324,53.286888],[-6.113336,53.28689],[-6.113356,53.286834],[-6.113368,53.286803],[-6.113379,53.286772],[-6.113397,53.286725],[-6.113401,53.286721],[-6.113419,53.286724],[-6.113609,53.286749],[-6.11363,53.286699],[-6.113637,53.28668],[-6.113644,53.28666],[-6.113664,53.286612],[-6.113669,53.286599],[-6.113639,53.286594],[-6.113574,53.286586],[-6.113585,53.286554],[-6.113591,53.286537],[-6.113596,53.28652],[-6.113603,53.286499],[-6.113609,53.286484],[-6.11362,53.286455],[-6.113633,53.286423],[-6.113638,53.286407],[-6.113644,53.286389],[-6.113651,53.286371],[-6.113656,53.286355],[-6.11367,53.286313],[-6.113646,53.286311],[-6.113407,53.286292],[-6.113305,53.286284],[-6.113355,53.286148],[-6.113322,53.286145],[-6.11322,53.286134],[-6.113187,53.286131],[-6.11274,53.286086],[-6.112736,53.286097],[-6.1127,53.286204],[-6.112586,53.28619],[-6.11254,53.286184],[-6.112471,53.286175],[-6.112427,53.286171],[-6.112359,53.286162],[-6.112247,53.286148],[-6.112243,53.286158],[-6.112235,53.286182],[-6.112348,53.286196],[-6.112415,53.286205],[-6.112503,53.286216],[-6.112538,53.286245],[-6.112535,53.286259],[-6.112592,53.286266],[-6.112652,53.286338],[-6.112619,53.286427],[-6.11261,53.286459],[-6.112598,53.286492],[-6.112267,53.28645],[-6.112142,53.28644],[-6.112108,53.286533],[-6.112074,53.286643],[-6.112038,53.286753],[-6.112209,53.286758],[-6.112214,53.286758],[-6.112473,53.286765],[-6.11249,53.286764],[-6.112499,53.286764],[-6.112551,53.286768],[-6.112666,53.286772],[-6.112886,53.286779],[-6.112907,53.286779],[-6.112959,53.286781],[-6.112934,53.286854],[-6.112884,53.286849],[-6.112842,53.286845],[-6.112739,53.286846],[-6.112732,53.28685],[-6.112691,53.286846],[-6.112666,53.286845],[-6.112633,53.286843],[-6.112588,53.286842],[-6.112524,53.28684],[-6.112504,53.287022],[-6.112504,53.287044],[-6.1125,53.287077],[-6.112576,53.287076],[-6.112654,53.287075],[-6.112738,53.287075],[-6.112739,53.287117],[-6.11269,53.287313],[-6.112683,53.287326],[-6.112682,53.287333],[-6.112683,53.287387],[-6.112579,53.287389],[-6.112491,53.287391],[-6.112404,53.287393],[-6.112302,53.287395],[-6.112287,53.287395],[-6.112195,53.287396],[-6.112104,53.287398],[-6.112055,53.287398],[-6.112025,53.287399],[-6.111939,53.2874],[-6.111881,53.287402],[-6.111843,53.287401],[-6.11181,53.287401],[-6.11174,53.287401],[-6.111646,53.287401],[-6.111535,53.2874],[-6.111445,53.287399],[-6.111359,53.287398],[-6.111206,53.287397],[-6.1111,53.287395],[-6.11104,53.287395],[-6.110994,53.287394],[-6.111003,53.287412],[-6.111018,53.287441],[-6.111019,53.287451],[-6.111019,53.287461],[-6.111017,53.287476],[-6.111014,53.287497],[-6.111011,53.287525],[-6.111013,53.287544],[-6.111015,53.287572],[-6.11102,53.287583],[-6.111029,53.287588],[-6.11113,53.287649],[-6.111336,53.287771],[-6.111384,53.2878],[-6.111395,53.287808],[-6.111464,53.287867],[-6.111488,53.287887],[-6.111537,53.287932],[-6.111577,53.287967],[-6.111587,53.287973],[-6.111602,53.287981],[-6.111618,53.287989],[-6.11164,53.287999],[-6.111649,53.288],[-6.111659,53.287999],[-6.111762,53.288012],[-6.11178,53.288008],[-6.111799,53.288005],[-6.111817,53.288004],[-6.111817,53.288004],[-6.111835,53.288015],[-6.111836,53.288015],[-6.111846,53.288018],[-6.111861,53.288023],[-6.111875,53.28803],[-6.11189,53.288042],[-6.11189,53.288043],[-6.111905,53.288056],[-6.111925,53.288069],[-6.111951,53.288085],[-6.111975,53.288101],[-6.112062,53.288161],[-6.112122,53.288202],[-6.112171,53.288236],[-6.11224,53.288284],[-6.112279,53.288311],[-6.112314,53.288336],[-6.112343,53.288352],[-6.112376,53.288369],[-6.112422,53.288392],[-6.112465,53.288411],[-6.112569,53.288457],[-6.112622,53.28848],[-6.112679,53.288507],[-6.112708,53.288519],[-6.112745,53.288533],[-6.112784,53.288545],[-6.112809,53.28855],[-6.112839,53.288553],[-6.112879,53.288554],[-6.112928,53.288556],[-6.112971,53.288558],[-6.113015,53.288565],[-6.113047,53.288574],[-6.113078,53.288585],[-6.113102,53.288596],[-6.113159,53.288626],[-6.113346,53.288643],[-6.113352,53.288651],[-6.113361,53.288669],[-6.11337,53.288686],[-6.113375,53.288705],[-6.11338,53.288728],[-6.113385,53.288754],[-6.113396,53.28882],[-6.113405,53.288877],[-6.113412,53.288906],[-6.11342,53.28892],[-6.113428,53.28893],[-6.113438,53.28894],[-6.113468,53.288961],[-6.113483,53.288973],[-6.113494,53.288978],[-6.113527,53.288988],[-6.113651,53.289026],[-6.113747,53.289055],[-6.113786,53.289068],[-6.113803,53.289077],[-6.113902,53.289136],[-6.113849,53.289178],[-6.113912,53.289191],[-6.113873,53.28927],[-6.113861,53.289291],[-6.113854,53.289301],[-6.113849,53.289308],[-6.113835,53.289321],[-6.11382,53.289331],[-6.113812,53.289341],[-6.11381,53.289342],[-6.113805,53.289346],[-6.113796,53.289348],[-6.11379,53.289352],[-6.11379,53.289356],[-6.113795,53.28936],[-6.113801,53.289364],[-6.113791,53.289373],[-6.113765,53.289394],[-6.113748,53.289407],[-6.113738,53.289415],[-6.113711,53.289435],[-6.113698,53.289442],[-6.113677,53.289452],[-6.113638,53.289468],[-6.113594,53.289487],[-6.113558,53.289503],[-6.113583,53.289519],[-6.113606,53.289532],[-6.113615,53.289538],[-6.113622,53.289545],[-6.113623,53.289552],[-6.11362,53.289567],[-6.113621,53.289577],[-6.113624,53.289584],[-6.113633,53.289593],[-6.113635,53.289601],[-6.113634,53.289608],[-6.113628,53.289614],[-6.113619,53.289622],[-6.113599,53.289641],[-6.11357,53.289663]]]},"properties":{"aca_name":"Sandycove Point, Sandycove.","council":"dlr","council_label":"D\u00fan Laoghaire-Rathdown County Council","ref":"","designation":"Architectural Conservation Area"}},{"type":"Feature","geometry":{"type":"Polygon","coordinates":[[[-6.160594,53.298155],[-6.160676,53.298175],[-6.160765,53.298197],[-6.1609,53.29823],[-6.16107,53.298272],[-6.161222,53.298309],[-6.161353,53.298341],[-6.161455,53.298365],[-6.161576,53.298404],[-6.161734,53.298455],[-6.161799,53.298475],[-6.161944,53.298522],[-6.162041,53.298554],[-6.162195,53.298604],[-6.162405,53.29867],[-6.162568,53.298722],[-6.162756,53.298783],[-6.162884,53.298823],[-6.162954,53.298846],[-6.163136,53.298872],[-6.163348,53.29882],[-6.163474,53.298681],[-6.163509,53.298642],[-6.163212,53.298546],[-6.163096,53.298504],[-6.163072,53.298495],[-6.163057,53.298489],[-6.163021,53.298477],[-6.162951,53.298451],[-6.16293,53.298446],[-6.162772,53.298391],[-6.162629,53.298338],[-6.162492,53.298288],[-6.162485,53.298285],[-6.162583,53.298196],[-6.162598,53.298182],[-6.16264,53.298144],[-6.162682,53.298106],[-6.162688,53.2981],[-6.162854,53.298136],[-6.163087,53.298187],[-6.163376,53.298217],[-6.163382,53.298218],[-6.163625,53.298244],[-6.163912,53.298275],[-6.164122,53.298296],[-6.164247,53.298309],[-6.164346,53.298319],[-6.164498,53.298335],[-6.164605,53.298346],[-6.164609,53.298327],[-6.164625,53.298257],[-6.164653,53.298152],[-6.164662,53.298118],[-6.164779,53.297666],[-6.164835,53.297453],[-6.164839,53.297438],[-6.164852,53.297386],[-6.164886,53.297259],[-6.164966,53.29695],[-6.164917,53.296946],[-6.164753,53.296933],[-6.164751,53.296937],[-6.164574,53.296915],[-6.164571,53.296912],[-6.164473,53.296901],[-6.164418,53.296894],[-6.164449,53.296823],[-6.164504,53.296625],[-6.164518,53.296577],[-6.164536,53.296517],[-6.164554,53.296457],[-6.164633,53.296184],[-6.164997,53.296221],[-6.165002,53.296221],[-6.165008,53.296205],[-6.165131,53.296219],[-6.165291,53.296235],[-6.165302,53.296236],[-6.165575,53.296263],[-6.165596,53.296199],[-6.165609,53.296162],[-6.165618,53.296125],[-6.165636,53.296072],[-6.165648,53.296029],[-6.165664,53.29598],[-6.16567,53.29596],[-6.165692,53.29589],[-6.165701,53.295859],[-6.165707,53.295841],[-6.165721,53.295798],[-6.165724,53.295785],[-6.165747,53.295711],[-6.16575,53.295704],[-6.165755,53.295688],[-6.16577,53.295635],[-6.165779,53.295611],[-6.165811,53.295507],[-6.16582,53.295508],[-6.166026,53.295539],[-6.166106,53.295551],[-6.16616,53.295558],[-6.166243,53.295569],[-6.166368,53.295587],[-6.166442,53.29535],[-6.166496,53.29523],[-6.166511,53.295194],[-6.166542,53.295121],[-6.166565,53.295071],[-6.166493,53.295059],[-6.166479,53.295056],[-6.166508,53.295012],[-6.166489,53.295011],[-6.166397,53.294995],[-6.166281,53.294977],[-6.166247,53.294972],[-6.166187,53.294963],[-6.166053,53.294941],[-6.166076,53.294885],[-6.166102,53.294831],[-6.16613,53.294763],[-6.166081,53.294752],[-6.165818,53.294707],[-6.165764,53.294698],[-6.165678,53.294685],[-6.165672,53.294699],[-6.165643,53.294695],[-6.165649,53.29468],[-6.16562,53.294676],[-6.165552,53.294666],[-6.165445,53.294648],[-6.165374,53.294636],[-6.165311,53.294626],[-6.165307,53.294626],[-6.165193,53.294606],[-6.165067,53.294583],[-6.165037,53.294577],[-6.164898,53.294554],[-6.16479,53.294534],[-6.164566,53.294494],[-6.164491,53.294481],[-6.164429,53.29447],[-6.1644,53.294543],[-6.164326,53.294697],[-6.164227,53.29468],[-6.164061,53.294656],[-6.164015,53.294759],[-6.164012,53.294758],[-6.163897,53.295085],[-6.163861,53.29508],[-6.163698,53.295048],[-6.16364,53.29504],[-6.163528,53.295023],[-6.163391,53.295006],[-6.163386,53.295009],[-6.163079,53.294964],[-6.16314,53.29481],[-6.163192,53.29468],[-6.163283,53.294449],[-6.163412,53.29432],[-6.163413,53.29432],[-6.163496,53.294331],[-6.163537,53.294336],[-6.163586,53.294342],[-6.163633,53.294349],[-6.163697,53.294357],[-6.163712,53.294314],[-6.163735,53.294251],[-6.16374,53.294246],[-6.16374,53.294241],[-6.163745,53.29423],[-6.163764,53.294182],[-6.163773,53.294169],[-6.163826,53.294106],[-6.163832,53.294098],[-6.163852,53.294076],[-6.163915,53.294001],[-6.163958,53.293958],[-6.163981,53.293942],[-6.163987,53.293937],[-6.164009,53.293891],[-6.164001,53.293891],[-6.164005,53.293878],[-6.16403,53.29382],[-6.16404,53.293798],[-6.164064,53.293741],[-6.164067,53.293735],[-6.164078,53.293712],[-6.164106,53.293645],[-6.16411,53.293635],[-6.164144,53.293551],[-6.164228,53.29347],[-6.164259,53.29345],[-6.164264,53.293433],[-6.164265,53.293425],[-6.16427,53.293404],[-6.164059,53.293385],[-6.163685,53.293356],[-6.163661,53.293325],[-6.163636,53.293298],[-6.163611,53.293272],[-6.163584,53.293256],[-6.16357,53.293248],[-6.16355,53.293236],[-6.163377,53.293178],[-6.163324,53.293159],[-6.163307,53.293152],[-6.163292,53.29314],[-6.163267,53.293109],[-6.163266,53.29311],[-6.163183,53.293122],[-6.163161,53.293125],[-6.163158,53.293133],[-6.163151,53.293142],[-6.163135,53.293157],[-6.163116,53.293167],[-6.163081,53.293176],[-6.16304,53.293188],[-6.162982,53.293204],[-6.16293,53.293222],[-6.162913,53.293229],[-6.162874,53.293245],[-6.16283,53.293273],[-6.162793,53.293299],[-6.162771,53.293319],[-6.16276,53.293328],[-6.16272,53.293365],[-6.162696,53.2934],[-6.162689,53.29341],[-6.162676,53.293437],[-6.162654,53.293485],[-6.16264,53.293529],[-6.162631,53.293579],[-6.162628,53.293625],[-6.162631,53.293672],[-6.16264,53.293714],[-6.16265,53.293746],[-6.162678,53.293804],[-6.16269,53.29383],[-6.162713,53.293881],[-6.162686,53.293879],[-6.162305,53.29385],[-6.16204,53.293831],[-6.161966,53.293826],[-6.161915,53.294033],[-6.161823,53.294398],[-6.161813,53.294438],[-6.1618,53.294481],[-6.161725,53.294768],[-6.161635,53.294755],[-6.161523,53.294739],[-6.160988,53.294667],[-6.160843,53.294647],[-6.160836,53.294644],[-6.160828,53.294642],[-6.160409,53.294567],[-6.16044,53.294557],[-6.160457,53.294546],[-6.160467,53.294539],[-6.160493,53.294473],[-6.160505,53.294437],[-6.160531,53.29443],[-6.160562,53.294355],[-6.160594,53.294295],[-6.160633,53.29423],[-6.160664,53.294189],[-6.160704,53.294136],[-6.160714,53.294111],[-6.160742,53.294099],[-6.160769,53.294079],[-6.16081,53.294042],[-6.160851,53.293992],[-6.160874,53.293957],[-6.16059,53.29394],[-6.160598,53.293915],[-6.16063,53.293832],[-6.160658,53.293769],[-6.16069,53.293709],[-6.160702,53.2937],[-6.160534,53.293484],[-6.1605,53.2935],[-6.160448,53.293523],[-6.160386,53.293549],[-6.160227,53.293588],[-6.16013,53.293611],[-6.160091,53.293624],[-6.160064,53.293635],[-6.160024,53.293659],[-6.16001,53.293669],[-6.159991,53.293774],[-6.159982,53.293822],[-6.159963,53.293951],[-6.159948,53.294046],[-6.159942,53.294078],[-6.159925,53.294076],[-6.159804,53.294057],[-6.159711,53.294044],[-6.159471,53.294009],[-6.159327,53.293982],[-6.158305,53.293853],[-6.158,53.293805],[-6.157518,53.293745],[-6.157015,53.293679],[-6.156612,53.293611],[-6.156459,53.293588],[-6.156496,53.293486],[-6.156331,53.293451],[-6.156094,53.293409],[-6.15605,53.293508],[-6.155932,53.293492],[-6.155883,53.293485],[-6.155858,53.293481],[-6.155844,53.29348],[-6.155782,53.293472],[-6.155773,53.293471],[-6.155793,53.293423],[-6.155808,53.293388],[-6.155828,53.29334],[-6.155861,53.293264],[-6.155536,53.293204],[-6.155537,53.2932],[-6.155429,53.293183],[-6.155403,53.293242],[-6.155118,53.293191],[-6.155008,53.293468],[-6.154389,53.293377],[-6.154454,53.293236],[-6.154359,53.293221],[-6.154324,53.293217],[-6.154286,53.293211],[-6.154125,53.293188],[-6.154065,53.293247],[-6.153956,53.29323],[-6.153932,53.293226],[-6.153921,53.293224],[-6.153815,53.293203],[-6.1538,53.2932],[-6.153807,53.293188],[-6.153772,53.293182],[-6.153725,53.293174],[-6.153738,53.293147],[-6.15377,53.29308],[-6.1538,53.293007],[-6.15376,53.292999],[-6.153716,53.29299],[-6.153638,53.292973],[-6.153617,53.292969],[-6.153604,53.292966],[-6.153587,53.292966],[-6.153581,53.292979],[-6.153562,53.293024],[-6.153523,53.293015],[-6.153393,53.292986],[-6.153396,53.292981],[-6.153474,53.292822],[-6.153489,53.292797],[-6.153487,53.292797],[-6.153506,53.292759],[-6.153438,53.292734],[-6.153396,53.292719],[-6.153374,53.292711],[-6.153154,53.292631],[-6.153153,53.29263],[-6.15288,53.292531],[-6.15291,53.292497],[-6.153018,53.292372],[-6.153012,53.292357],[-6.152894,53.292367],[-6.152818,53.292373],[-6.152778,53.29237],[-6.152691,53.292353],[-6.152653,53.292345],[-6.152624,53.292339],[-6.15262,53.29235],[-6.152557,53.292534],[-6.152552,53.292543],[-6.152386,53.292513],[-6.15235,53.292558],[-6.15228,53.292646],[-6.152232,53.292706],[-6.152206,53.29273],[-6.152164,53.292769],[-6.152127,53.292803],[-6.152101,53.292828],[-6.15205,53.292876],[-6.152044,53.292879],[-6.151844,53.292997],[-6.151839,53.292997],[-6.15178,53.293024],[-6.15166,53.293013],[-6.151611,53.293009],[-6.151581,53.293007],[-6.151487,53.292998],[-6.151426,53.292992],[-6.151278,53.292979],[-6.15122,53.292973],[-6.151119,53.292964],[-6.150998,53.292954],[-6.150935,53.292948],[-6.150741,53.293002],[-6.15051,53.293067],[-6.150471,53.293078],[-6.150317,53.293121],[-6.150062,53.293191],[-6.150022,53.2932],[-6.149913,53.29323],[-6.149807,53.293259],[-6.149651,53.293302],[-6.149645,53.293304],[-6.149532,53.293327],[-6.149493,53.293304],[-6.149486,53.293302],[-6.149478,53.293294],[-6.149467,53.293276],[-6.149438,53.293221],[-6.149455,53.293206],[-6.149434,53.293166],[-6.149409,53.293118],[-6.149343,53.29301],[-6.149345,53.293009],[-6.149336,53.293002],[-6.149356,53.292992],[-6.149432,53.292957],[-6.149452,53.292953],[-6.149469,53.292949],[-6.149476,53.292945],[-6.149602,53.292888],[-6.149745,53.29282],[-6.149815,53.292787],[-6.149848,53.292771],[-6.149907,53.292744],[-6.150018,53.292692],[-6.150051,53.292676],[-6.150103,53.29265],[-6.150252,53.292579],[-6.150244,53.292573],[-6.150288,53.292551],[-6.150373,53.292508],[-6.150392,53.2925],[-6.150486,53.292454],[-6.150491,53.29245],[-6.150499,53.292444],[-6.150505,53.292433],[-6.1505,53.292419],[-6.150476,53.29239],[-6.150382,53.292287],[-6.150376,53.29228],[-6.150387,53.292265],[-6.150425,53.292211],[-6.150437,53.292194],[-6.150468,53.292182],[-6.150475,53.292178],[-6.150494,53.29217],[-6.150534,53.292143],[-6.150554,53.292119],[-6.150565,53.292097],[-6.150579,53.292044],[-6.150572,53.29202],[-6.15058,53.291967],[-6.15061,53.291862],[-6.150624,53.291813],[-6.150619,53.291792],[-6.150605,53.291736],[-6.150603,53.291724],[-6.150603,53.291719],[-6.150604,53.291714],[-6.150604,53.29171],[-6.150605,53.291706],[-6.150605,53.291702],[-6.150605,53.291699],[-6.150606,53.291696],[-6.150607,53.291692],[-6.150607,53.291688],[-6.150608,53.291683],[-6.15061,53.291679],[-6.150613,53.291675],[-6.150616,53.291671],[-6.150617,53.291667],[-6.150619,53.291664],[-6.15062,53.291662],[-6.150623,53.291655],[-6.150625,53.291652],[-6.150626,53.291649],[-6.150626,53.291645],[-6.150626,53.29164],[-6.150626,53.291636],[-6.150626,53.291631],[-6.150624,53.291625],[-6.150623,53.29162],[-6.15062,53.291614],[-6.150617,53.291605],[-6.15061,53.291589],[-6.150596,53.29156],[-6.150589,53.291548],[-6.150585,53.291536],[-6.150582,53.291524],[-6.150579,53.291514],[-6.150573,53.291499],[-6.150569,53.291486],[-6.150559,53.291455],[-6.150549,53.291425],[-6.15054,53.2914],[-6.150531,53.291373],[-6.150525,53.29136],[-6.150524,53.291354],[-6.150523,53.291351],[-6.150521,53.291349],[-6.150518,53.291347],[-6.150514,53.291346],[-6.15051,53.291344],[-6.150506,53.291344],[-6.150504,53.291341],[-6.150501,53.291333],[-6.150485,53.291301],[-6.150469,53.291273],[-6.150451,53.291239],[-6.150426,53.291188],[-6.150407,53.291147],[-6.150398,53.291125],[-6.15039,53.291128],[-6.150383,53.291131],[-6.150368,53.291136],[-6.150338,53.291145],[-6.150309,53.291155],[-6.150096,53.29122],[-6.149987,53.291252],[-6.149903,53.291278],[-6.1496,53.291369],[-6.149542,53.291387],[-6.149343,53.291391],[-6.149311,53.291392],[-6.149167,53.291395],[-6.148469,53.29141],[-6.148461,53.29141],[-6.148381,53.291544],[-6.148254,53.291756],[-6.148251,53.291756],[-6.148254,53.291756],[-6.148244,53.291773],[-6.148158,53.291895],[-6.148124,53.291948],[-6.14804,53.292076],[-6.147926,53.29225],[-6.14792,53.292262],[-6.147834,53.292394],[-6.147821,53.292414],[-6.147814,53.292424],[-6.147736,53.292544],[-6.147721,53.292566],[-6.147717,53.292576],[-6.147687,53.292622],[-6.147659,53.292664],[-6.147655,53.292674],[-6.147647,53.29269],[-6.14764,53.292714],[-6.147634,53.292747],[-6.147634,53.292772],[-6.147627,53.292822],[-6.147627,53.292853],[-6.147645,53.292896],[-6.147661,53.292937],[-6.147691,53.293011],[-6.14771,53.293044],[-6.147754,53.293048],[-6.147831,53.293054],[-6.14788,53.293058],[-6.147892,53.29306],[-6.14792,53.293061],[-6.148014,53.293068],[-6.148084,53.293073],[-6.148136,53.293077],[-6.148154,53.293078],[-6.148187,53.293079],[-6.148225,53.293079],[-6.148219,53.2931],[-6.14822,53.293122],[-6.148226,53.293246],[-6.148226,53.293266],[-6.148245,53.293267],[-6.148245,53.293292],[-6.148257,53.293291],[-6.148256,53.293358],[-6.148303,53.29336],[-6.148303,53.293432],[-6.148332,53.293433],[-6.148325,53.293563],[-6.148324,53.293573],[-6.148461,53.293541],[-6.148588,53.293461],[-6.148703,53.293514],[-6.14877,53.293697],[-6.148829,53.293856],[-6.148909,53.294069],[-6.148905,53.294078],[-6.1489,53.294086],[-6.148891,53.294091],[-6.148674,53.294165],[-6.148592,53.294193],[-6.148532,53.294213],[-6.148227,53.294317],[-6.147892,53.294431],[-6.147855,53.294441],[-6.147844,53.294441],[-6.147676,53.294484],[-6.147779,53.294599],[-6.147774,53.294601],[-6.147792,53.29462],[-6.147834,53.294663],[-6.147855,53.294685],[-6.14789,53.294722],[-6.147908,53.294742],[-6.147937,53.294774],[-6.148019,53.294746],[-6.148085,53.294724],[-6.148177,53.294692],[-6.148238,53.294671],[-6.148393,53.294835],[-6.148387,53.294839],[-6.148507,53.294915],[-6.148574,53.294879],[-6.148591,53.294871],[-6.148668,53.294835],[-6.148756,53.294796],[-6.148842,53.294766],[-6.149009,53.294725],[-6.149063,53.294712],[-6.149107,53.294701],[-6.149187,53.294688],[-6.14926,53.294677],[-6.149386,53.294677],[-6.150001,53.294674],[-6.150474,53.294675],[-6.150812,53.294672],[-6.15082,53.294672],[-6.151048,53.294737],[-6.151048,53.29474],[-6.15109,53.294766],[-6.151085,53.294772],[-6.151152,53.294814],[-6.15116,53.294813],[-6.151173,53.29482],[-6.151193,53.294832],[-6.151207,53.29484],[-6.15127,53.294838],[-6.151307,53.294836],[-6.151319,53.294844],[-6.151491,53.294816],[-6.151857,53.294839],[-6.151859,53.294832],[-6.15216,53.294857],[-6.152829,53.294913],[-6.152819,53.294957],[-6.152843,53.294959],[-6.152872,53.29496],[-6.152877,53.294961],[-6.152881,53.294962],[-6.152886,53.294963],[-6.15289,53.294963],[-6.152894,53.294964],[-6.152898,53.294966],[-6.152903,53.294967],[-6.152907,53.294968],[-6.152911,53.294969],[-6.152915,53.294971],[-6.152918,53.294972],[-6.152922,53.294974],[-6.152926,53.294975],[-6.152929,53.294977],[-6.152933,53.294979],[-6.152936,53.294981],[-6.152939,53.294983],[-6.152943,53.294985],[-6.152946,53.294987],[-6.152949,53.294989],[-6.152951,53.294991],[-6.152954,53.294993],[-6.152956,53.294996],[-6.152959,53.294998],[-6.152961,53.295],[-6.152963,53.295003],[-6.152965,53.295005],[-6.152967,53.295008],[-6.152969,53.29501],[-6.15297,53.295013],[-6.152971,53.295016],[-6.152973,53.295018],[-6.152974,53.295021],[-6.152975,53.295024],[-6.152975,53.295026],[-6.152991,53.295137],[-6.152993,53.295218],[-6.152991,53.295221],[-6.152989,53.295225],[-6.152986,53.295228],[-6.152984,53.295231],[-6.152981,53.295234],[-6.152978,53.295238],[-6.152975,53.295241],[-6.152972,53.295244],[-6.152969,53.295247],[-6.152965,53.29525],[-6.152962,53.295253],[-6.152958,53.295256],[-6.152954,53.295258],[-6.15295,53.295261],[-6.152946,53.295264],[-6.152941,53.295266],[-6.152937,53.295269],[-6.152932,53.295271],[-6.152927,53.295273],[-6.152922,53.295275],[-6.152917,53.295277],[-6.152912,53.295279],[-6.152907,53.295281],[-6.152902,53.295283],[-6.152896,53.295285],[-6.152891,53.295286],[-6.152885,53.295288],[-6.15288,53.295289],[-6.152874,53.29529],[-6.152868,53.295292],[-6.152862,53.295293],[-6.152856,53.295294],[-6.152851,53.295294],[-6.152845,53.295295],[-6.152839,53.295296],[-6.152826,53.295295],[-6.152817,53.295331],[-6.152814,53.295331],[-6.152814,53.295342],[-6.152827,53.295343],[-6.152927,53.29535],[-6.153012,53.295356],[-6.153035,53.295358],[-6.153283,53.295375],[-6.1533,53.295386],[-6.153461,53.295402],[-6.153657,53.295423],[-6.153727,53.29543],[-6.153856,53.295446],[-6.154086,53.295474],[-6.154195,53.295488],[-6.154498,53.295536],[-6.154755,53.29558],[-6.154862,53.2956],[-6.155063,53.295641],[-6.1554,53.295708],[-6.155487,53.295726],[-6.155634,53.295757],[-6.155865,53.29581],[-6.156068,53.295861],[-6.156318,53.295928],[-6.156626,53.296017],[-6.15669,53.296033],[-6.156807,53.296069],[-6.156894,53.296094],[-6.156936,53.296106],[-6.156967,53.296115],[-6.15703,53.296133],[-6.15719,53.296184],[-6.157413,53.296258],[-6.157533,53.296297],[-6.157731,53.296367],[-6.157944,53.296444],[-6.158161,53.296526],[-6.158386,53.296608],[-6.159623,53.297034],[-6.15956,53.297068],[-6.15955,53.297074],[-6.15952,53.29709],[-6.159504,53.297099],[-6.159477,53.297113],[-6.15946,53.297122],[-6.159431,53.297138],[-6.1594,53.297155],[-6.159361,53.297176],[-6.159315,53.297202],[-6.159413,53.297282],[-6.159462,53.297321],[-6.159475,53.297335],[-6.15948,53.297339],[-6.15948,53.29734],[-6.159486,53.297344],[-6.159492,53.297355],[-6.159503,53.29738],[-6.159503,53.29738],[-6.159508,53.297392],[-6.159528,53.297438],[-6.159587,53.297462],[-6.159598,53.297459],[-6.159601,53.297468],[-6.159604,53.297477],[-6.159608,53.297491],[-6.159609,53.297506],[-6.159612,53.297527],[-6.159613,53.297548],[-6.159612,53.297569],[-6.159602,53.297625],[-6.159594,53.297661],[-6.159586,53.297689],[-6.159582,53.297702],[-6.159582,53.297702],[-6.15957,53.297736],[-6.159568,53.297803],[-6.159568,53.297804],[-6.15974,53.297979],[-6.159787,53.298027],[-6.159788,53.298029],[-6.159792,53.298035],[-6.159794,53.298037],[-6.159799,53.298043],[-6.159797,53.298043],[-6.159831,53.298092],[-6.159852,53.298124],[-6.159871,53.29815],[-6.159899,53.298193],[-6.159905,53.2982],[-6.159915,53.29821],[-6.159933,53.298227],[-6.15996,53.298248],[-6.159983,53.298266],[-6.160006,53.298286],[-6.160014,53.298294],[-6.160039,53.298316],[-6.160063,53.29834],[-6.160088,53.298366],[-6.160108,53.298385],[-6.160126,53.298403],[-6.160155,53.298399],[-6.160213,53.298391],[-6.160239,53.298383],[-6.160284,53.29837],[-6.160339,53.298356],[-6.160377,53.298344],[-6.160399,53.298337],[-6.160413,53.29833],[-6.160429,53.298319],[-6.160443,53.298307],[-6.160459,53.298284],[-6.160525,53.29819],[-6.160541,53.298168],[-6.160552,53.298153],[-6.160557,53.298145],[-6.160594,53.298155]]]},"properties":{"aca_name":"Monkstown","council":"dlr","council_label":"D\u00fan Laoghaire-Rathdown County Council","ref":"","designation":"Architectural Conservation Area"}},{"type":"Feature","geometry":{"type":"Polygon","coordinates":[[[-6.13099,53.292952],[-6.131,53.292956],[-6.131079,53.29299],[-6.131225,53.293052],[-6.131231,53.293052],[-6.131274,53.293017],[-6.131311,53.292987],[-6.131424,53.292895],[-6.13149,53.29284],[-6.131531,53.292815],[-6.13151,53.292808],[-6.131499,53.292803],[-6.131461,53.292788],[-6.13144,53.29278],[-6.131363,53.292748],[-6.131383,53.292732],[-6.1314,53.292718],[-6.131419,53.292703],[-6.131443,53.292685],[-6.131504,53.292636],[-6.131504,53.292636],[-6.131538,53.292608],[-6.131545,53.292603],[-6.131552,53.292597],[-6.131561,53.29259],[-6.131569,53.292583],[-6.131738,53.292446],[-6.131805,53.292482],[-6.131894,53.292524],[-6.1319,53.292519],[-6.132034,53.292413],[-6.132038,53.29241],[-6.132059,53.292393],[-6.132221,53.292265],[-6.132331,53.292178],[-6.132346,53.292167],[-6.13242,53.29211],[-6.132444,53.292091],[-6.13249,53.292056],[-6.132525,53.292028],[-6.132534,53.29202],[-6.132558,53.291999],[-6.132598,53.291967],[-6.132641,53.291928],[-6.132671,53.291904],[-6.132684,53.291892],[-6.132704,53.291876],[-6.132747,53.291838],[-6.132784,53.291807],[-6.132793,53.291799],[-6.132808,53.291787],[-6.132837,53.291763],[-6.132856,53.291747],[-6.132892,53.291727],[-6.13292,53.291701],[-6.132928,53.291695],[-6.132947,53.291679],[-6.132986,53.291642],[-6.133016,53.291613],[-6.133022,53.291608],[-6.133043,53.291591],[-6.133024,53.291583],[-6.133027,53.29158],[-6.133076,53.291538],[-6.13306,53.291529],[-6.133073,53.291524],[-6.133082,53.291519],[-6.133222,53.291401],[-6.133324,53.291314],[-6.13344,53.291217],[-6.133301,53.291157],[-6.13316,53.291097],[-6.133141,53.291089],[-6.133115,53.291078],[-6.133092,53.291069],[-6.133087,53.291068],[-6.133082,53.291069],[-6.13307,53.291075],[-6.13305,53.291066],[-6.133054,53.291057],[-6.133054,53.291053],[-6.133051,53.29105],[-6.13303,53.29104],[-6.132962,53.291011],[-6.132912,53.290989],[-6.132889,53.290979],[-6.132747,53.290918],[-6.132696,53.290896],[-6.132534,53.290826],[-6.132534,53.290826],[-6.132527,53.290825],[-6.132396,53.290767],[-6.132391,53.290764],[-6.132265,53.29071],[-6.132136,53.290655],[-6.132083,53.290632],[-6.132052,53.290619],[-6.132024,53.290607],[-6.131968,53.290582],[-6.131919,53.290561],[-6.131888,53.290548],[-6.13177,53.290497],[-6.131723,53.290477],[-6.131699,53.290466],[-6.131674,53.290456],[-6.131624,53.290434],[-6.131578,53.290414],[-6.131549,53.290402],[-6.131497,53.29038],[-6.131451,53.29036],[-6.131396,53.290336],[-6.131202,53.290261],[-6.131202,53.29026],[-6.131111,53.290224],[-6.13112,53.290216],[-6.131035,53.290181],[-6.130988,53.290162],[-6.130985,53.290164],[-6.130944,53.290147],[-6.130895,53.290126],[-6.13081,53.290089],[-6.130728,53.290055],[-6.130732,53.290052],[-6.130637,53.290011],[-6.130595,53.289993],[-6.130548,53.289973],[-6.130506,53.289955],[-6.130403,53.289912],[-6.130318,53.289875],[-6.130307,53.289871],[-6.130236,53.289841],[-6.13018,53.289817],[-6.130029,53.289753],[-6.12996,53.289724],[-6.129879,53.289689],[-6.129823,53.289666],[-6.129752,53.289636],[-6.129662,53.289597],[-6.12963,53.289601],[-6.12939,53.289951],[-6.129369,53.28998],[-6.129366,53.289986],[-6.129332,53.290031],[-6.129265,53.290124],[-6.129165,53.290271],[-6.129122,53.290337],[-6.129103,53.290365],[-6.129042,53.29046],[-6.128976,53.290557],[-6.128915,53.290651],[-6.128882,53.290696],[-6.128817,53.290791],[-6.128807,53.290806],[-6.128771,53.290859],[-6.128729,53.29092],[-6.128675,53.290998],[-6.128659,53.291022],[-6.128633,53.291059],[-6.128633,53.291072],[-6.128634,53.291075],[-6.128635,53.291078],[-6.128636,53.291081],[-6.128638,53.291083],[-6.128638,53.291084],[-6.12862,53.291092],[-6.128518,53.291133],[-6.128518,53.291136],[-6.128519,53.291139],[-6.128536,53.291154],[-6.128605,53.291214],[-6.128634,53.29124],[-6.128728,53.291326],[-6.128818,53.291358],[-6.128934,53.291454],[-6.128961,53.291474],[-6.128986,53.291497],[-6.129047,53.291547],[-6.129099,53.29159],[-6.129156,53.291635],[-6.129198,53.291669],[-6.129246,53.291709],[-6.129287,53.291743],[-6.129334,53.29178],[-6.129429,53.291857],[-6.129459,53.291842],[-6.129487,53.291863],[-6.129462,53.291874],[-6.12953,53.291923],[-6.129606,53.291977],[-6.129796,53.292112],[-6.129816,53.292102],[-6.129835,53.292116],[-6.129813,53.292128],[-6.129953,53.292229],[-6.130301,53.292481],[-6.130303,53.292479],[-6.130336,53.2925],[-6.130327,53.292506],[-6.130401,53.292559],[-6.130421,53.292573],[-6.130481,53.292616],[-6.130551,53.292666],[-6.13063,53.292723],[-6.130718,53.292785],[-6.130798,53.292843],[-6.130863,53.292891],[-6.130952,53.292956],[-6.130961,53.292963],[-6.130987,53.292951],[-6.13099,53.292952]]]},"properties":{"aca_name":"Haigh Terrace to Park Road","council":"dlr","council_label":"D\u00fan Laoghaire-Rathdown County Council","ref":"","designation":"Architectural Conservation Area"}},{"type":"Feature","geometry":{"type":"Polygon","coordinates":[[[-6.092269,53.272963],[-6.092305,53.273022],[-6.092321,53.273048],[-6.092336,53.273074],[-6.092372,53.273067],[-6.092489,53.273047],[-6.092626,53.273023],[-6.092719,53.273007],[-6.092758,53.273],[-6.092803,53.272992],[-6.092954,53.272967],[-6.093096,53.272941],[-6.093107,53.273032],[-6.093341,53.273017],[-6.093388,53.273016],[-6.093522,53.27301],[-6.093516,53.272948],[-6.093513,53.272906],[-6.09362,53.272902],[-6.093713,53.272899],[-6.093745,53.272897],[-6.093217,53.272372],[-6.093195,53.27235],[-6.093194,53.272349],[-6.093183,53.272338],[-6.093155,53.2723],[-6.093073,53.272217],[-6.093005,53.272148],[-6.092948,53.272091],[-6.092948,53.27209],[-6.092933,53.272031],[-6.092929,53.272017],[-6.092926,53.272007],[-6.092923,53.271996],[-6.092917,53.271973],[-6.092828,53.271656],[-6.092823,53.271638],[-6.092825,53.27164],[-6.09283,53.271644],[-6.092838,53.271648],[-6.092845,53.271649],[-6.092866,53.271646],[-6.092884,53.271645],[-6.092905,53.271642],[-6.09294,53.271639],[-6.092979,53.271639],[-6.09304,53.27164],[-6.09306,53.271639],[-6.093199,53.271636],[-6.093212,53.271658],[-6.093217,53.271682],[-6.093262,53.271695],[-6.093276,53.271698],[-6.093289,53.271702],[-6.093307,53.271707],[-6.093321,53.271714],[-6.093334,53.271721],[-6.09335,53.27173],[-6.093476,53.271785],[-6.093462,53.271808],[-6.093488,53.271819],[-6.093494,53.271827],[-6.093498,53.271838],[-6.093576,53.271894],[-6.093654,53.271883],[-6.093664,53.271885],[-6.093672,53.271888],[-6.093681,53.271891],[-6.093692,53.271895],[-6.093697,53.271897],[-6.093702,53.2719],[-6.093706,53.271905],[-6.093707,53.271909],[-6.093707,53.271914],[-6.093704,53.27192],[-6.093702,53.271928],[-6.09371,53.271938],[-6.09373,53.271947],[-6.093781,53.2719],[-6.093844,53.271837],[-6.093883,53.271797],[-6.094037,53.27162],[-6.094099,53.271542],[-6.094129,53.271504],[-6.094118,53.271496],[-6.094173,53.271453],[-6.094208,53.271427],[-6.094261,53.271387],[-6.094266,53.271383],[-6.094297,53.271358],[-6.094356,53.271314],[-6.094371,53.271303],[-6.094441,53.271249],[-6.094521,53.271262],[-6.094566,53.271269],[-6.09459,53.271274],[-6.094662,53.271286],[-6.094737,53.271301],[-6.094803,53.271316],[-6.094843,53.271328],[-6.094889,53.271341],[-6.094933,53.271356],[-6.094979,53.271373],[-6.095013,53.271388],[-6.095039,53.2714],[-6.095078,53.271423],[-6.095123,53.271448],[-6.09517,53.271477],[-6.095208,53.2715],[-6.095255,53.271529],[-6.095304,53.271565],[-6.095349,53.271597],[-6.09539,53.271627],[-6.095428,53.271654],[-6.095472,53.271692],[-6.095495,53.271712],[-6.095522,53.271738],[-6.095568,53.271784],[-6.095618,53.271836],[-6.095634,53.271854],[-6.095703,53.271886],[-6.095731,53.271899],[-6.095847,53.271952],[-6.095991,53.272021],[-6.096175,53.272026],[-6.096212,53.272052],[-6.096236,53.272072],[-6.096263,53.272097],[-6.096298,53.272129],[-6.096321,53.272157],[-6.096314,53.272122],[-6.096308,53.27209],[-6.096303,53.272053],[-6.096298,53.272029],[-6.096294,53.272005],[-6.096285,53.271958],[-6.096273,53.271897],[-6.096266,53.271843],[-6.096265,53.271825],[-6.09627,53.271808],[-6.09628,53.271791],[-6.096283,53.271785],[-6.096301,53.27177],[-6.096341,53.271751],[-6.096402,53.271726],[-6.096417,53.27172],[-6.096506,53.271685],[-6.096514,53.271682],[-6.096591,53.271654],[-6.096589,53.271642],[-6.09656,53.271595],[-6.096535,53.271551],[-6.096518,53.271522],[-6.096517,53.271519],[-6.096508,53.271484],[-6.096498,53.271451],[-6.096493,53.271452],[-6.096495,53.27143],[-6.09649,53.271417],[-6.096501,53.271395],[-6.096509,53.271376],[-6.096519,53.271354],[-6.096532,53.271323],[-6.096543,53.271299],[-6.096551,53.271272],[-6.096562,53.27126],[-6.09658,53.271243],[-6.09659,53.271233],[-6.096593,53.27123],[-6.0966,53.27123],[-6.096621,53.271217],[-6.096665,53.271189],[-6.096673,53.271181],[-6.096696,53.271166],[-6.096711,53.271156],[-6.09674,53.271179],[-6.096771,53.271201],[-6.096775,53.271204],[-6.096818,53.271232],[-6.096826,53.271238],[-6.096939,53.271189],[-6.096951,53.271184],[-6.096972,53.271175],[-6.097038,53.271147],[-6.097049,53.271141],[-6.097186,53.271083],[-6.09722,53.271069],[-6.097334,53.271018],[-6.09739,53.270994],[-6.097415,53.270984],[-6.097422,53.270979],[-6.097488,53.270953],[-6.09753,53.270993],[-6.09755,53.271013],[-6.097603,53.271078],[-6.097634,53.271115],[-6.097651,53.271108],[-6.097665,53.271103],[-6.097687,53.271095],[-6.097715,53.271082],[-6.097719,53.271089],[-6.097719,53.27109],[-6.097723,53.271097],[-6.097736,53.271119],[-6.097756,53.271151],[-6.09778,53.271189],[-6.097805,53.271219],[-6.097814,53.271231],[-6.097814,53.271231],[-6.097814,53.271231],[-6.097873,53.271295],[-6.097886,53.271297],[-6.097936,53.271345],[-6.097941,53.27136],[-6.097937,53.271444],[-6.097948,53.271462],[-6.097994,53.271539],[-6.098025,53.271591],[-6.09807,53.271667],[-6.09807,53.271667],[-6.098101,53.271695],[-6.098105,53.271699],[-6.098143,53.271734],[-6.098201,53.271779],[-6.098266,53.271832],[-6.098335,53.271887],[-6.098378,53.271922],[-6.098625,53.271797],[-6.098718,53.27175],[-6.098764,53.271727],[-6.098864,53.271676],[-6.098882,53.271667],[-6.098897,53.271658],[-6.098897,53.271658],[-6.099079,53.271771],[-6.09914,53.271808],[-6.099229,53.271866],[-6.099246,53.271876],[-6.099264,53.271891],[-6.099296,53.271913],[-6.099297,53.271913],[-6.099306,53.271917],[-6.099491,53.271997],[-6.100072,53.271926],[-6.10009,53.271916],[-6.100269,53.271819],[-6.100491,53.271696],[-6.100661,53.2716],[-6.100861,53.27149],[-6.101054,53.271384],[-6.101225,53.271291],[-6.101337,53.27123],[-6.101369,53.271211],[-6.101344,53.271195],[-6.101312,53.271174],[-6.101257,53.271122],[-6.101209,53.271074],[-6.101173,53.271026],[-6.101147,53.270987],[-6.101129,53.27095],[-6.101109,53.270911],[-6.101097,53.270878],[-6.101084,53.270837],[-6.101077,53.270793],[-6.101071,53.270743],[-6.101071,53.270702],[-6.101076,53.270672],[-6.101085,53.270643],[-6.101108,53.270605],[-6.101157,53.270527],[-6.101205,53.270454],[-6.101245,53.270396],[-6.10128,53.270348],[-6.101366,53.270238],[-6.101427,53.270205],[-6.1015,53.270167],[-6.101565,53.270133],[-6.101594,53.270117],[-6.101621,53.270102],[-6.101667,53.270076],[-6.101711,53.270048],[-6.101752,53.270023],[-6.101785,53.269999],[-6.101819,53.269977],[-6.101917,53.269896],[-6.102047,53.269798],[-6.102121,53.269742],[-6.102158,53.269716],[-6.102167,53.26972],[-6.102292,53.269648],[-6.102357,53.269603],[-6.102369,53.269599],[-6.102415,53.269574],[-6.102609,53.26947],[-6.102676,53.269438],[-6.102723,53.269417],[-6.102764,53.269398],[-6.102793,53.269385],[-6.10276,53.269351],[-6.102657,53.269281],[-6.102604,53.269245],[-6.102534,53.269196],[-6.102479,53.269159],[-6.102438,53.269135],[-6.102399,53.269112],[-6.102363,53.269091],[-6.102309,53.26906],[-6.102249,53.269024],[-6.102243,53.26902],[-6.102234,53.269014],[-6.102222,53.269007],[-6.102183,53.268982],[-6.102169,53.268973],[-6.102109,53.268935],[-6.102045,53.268871],[-6.10201,53.268842],[-6.101958,53.268792],[-6.102092,53.268758],[-6.10227,53.268712],[-6.102421,53.26867],[-6.102441,53.268665],[-6.102388,53.268593],[-6.102344,53.268544],[-6.102269,53.268458],[-6.102223,53.268404],[-6.102181,53.268361],[-6.102156,53.268335],[-6.102098,53.268277],[-6.102039,53.268218],[-6.101965,53.268242],[-6.101803,53.268294],[-6.10164,53.268345],[-6.101459,53.268404],[-6.101508,53.268454],[-6.101475,53.268465],[-6.101404,53.268487],[-6.101271,53.26853],[-6.101144,53.268569],[-6.100983,53.268619],[-6.100884,53.26865],[-6.100888,53.268655],[-6.100747,53.268705],[-6.100573,53.268766],[-6.100446,53.268812],[-6.10042,53.268821],[-6.100292,53.268868],[-6.10018,53.268905],[-6.10009,53.268938],[-6.099952,53.26899],[-6.099888,53.269015],[-6.099776,53.269057],[-6.099682,53.269095],[-6.099552,53.269149],[-6.099474,53.269182],[-6.099383,53.26922],[-6.099279,53.269267],[-6.099215,53.269295],[-6.099131,53.269332],[-6.099036,53.269374],[-6.098948,53.269412],[-6.098868,53.269442],[-6.098781,53.269478],[-6.098709,53.269512],[-6.098643,53.269542],[-6.098576,53.269572],[-6.098543,53.269587],[-6.098481,53.269614],[-6.098423,53.269644],[-6.09841,53.269629],[-6.098368,53.269642],[-6.09816,53.269706],[-6.09813,53.269724],[-6.098121,53.269731],[-6.098091,53.269754],[-6.098009,53.269808],[-6.097896,53.269886],[-6.097839,53.269935],[-6.097826,53.26997],[-6.097796,53.269986],[-6.097754,53.270008],[-6.097688,53.270042],[-6.097638,53.270068],[-6.097597,53.270093],[-6.097577,53.270106],[-6.097409,53.270252],[-6.097363,53.270289],[-6.097343,53.270304],[-6.097318,53.270324],[-6.097292,53.270346],[-6.097235,53.270395],[-6.097167,53.270452],[-6.097113,53.270495],[-6.097088,53.270511],[-6.097065,53.270524],[-6.097024,53.270543],[-6.096986,53.27056],[-6.096964,53.270568],[-6.096889,53.270576],[-6.096889,53.270576],[-6.096874,53.270569],[-6.096716,53.270499],[-6.09669,53.270487],[-6.096675,53.270481],[-6.096506,53.270406],[-6.096486,53.270408],[-6.096485,53.270408],[-6.096485,53.270408],[-6.096485,53.270408],[-6.096359,53.270443],[-6.096342,53.270447],[-6.096296,53.270458],[-6.096252,53.270467],[-6.096189,53.270478],[-6.096117,53.270491],[-6.096018,53.270508],[-6.095933,53.270523],[-6.09589,53.270532],[-6.095856,53.270535],[-6.095814,53.270536],[-6.09578,53.270539],[-6.095726,53.270547],[-6.095669,53.27056],[-6.095633,53.270569],[-6.095624,53.270572],[-6.095614,53.270577],[-6.095591,53.27059],[-6.095558,53.270607],[-6.095525,53.270619],[-6.095498,53.27063],[-6.09547,53.270639],[-6.095431,53.270649],[-6.095387,53.270655],[-6.095386,53.270655],[-6.095363,53.270665],[-6.095364,53.270662],[-6.095364,53.270662],[-6.095265,53.270651],[-6.095086,53.270655],[-6.094908,53.270661],[-6.094907,53.270661],[-6.094809,53.270691],[-6.094724,53.270706],[-6.094618,53.270688],[-6.094574,53.270658],[-6.094485,53.270583],[-6.09447,53.270572],[-6.094463,53.270569],[-6.09442,53.27055],[-6.09442,53.27055],[-6.09439,53.270525],[-6.09415,53.270393],[-6.094139,53.270391],[-6.094114,53.270387],[-6.094106,53.270388],[-6.094049,53.270381],[-6.094048,53.270381],[-6.093999,53.270373],[-6.093928,53.270367],[-6.093856,53.270361],[-6.093821,53.270362],[-6.09382,53.270362],[-6.093791,53.270361],[-6.093579,53.270353],[-6.09352,53.270345],[-6.093411,53.27032],[-6.093218,53.270296],[-6.093172,53.270283],[-6.093165,53.270282],[-6.093067,53.270255],[-6.093043,53.270248],[-6.092974,53.270229],[-6.092942,53.270221],[-6.092897,53.27021],[-6.092885,53.270218],[-6.092864,53.270236],[-6.092846,53.270248],[-6.092837,53.270251],[-6.092798,53.270233],[-6.092785,53.270239],[-6.092734,53.270232],[-6.092715,53.270229],[-6.092667,53.270205],[-6.092579,53.270177],[-6.092547,53.270208],[-6.092486,53.270168],[-6.092459,53.270155],[-6.092428,53.270151],[-6.092391,53.270156],[-6.092367,53.270154],[-6.092343,53.270146],[-6.092327,53.270115],[-6.092302,53.270104],[-6.092272,53.270105],[-6.092251,53.270107],[-6.092226,53.270106],[-6.092204,53.270104],[-6.092183,53.270098],[-6.09216,53.27009],[-6.092136,53.270081],[-6.092118,53.270076],[-6.092105,53.270075],[-6.092065,53.270073],[-6.092037,53.270075],[-6.092014,53.27008],[-6.091996,53.270086],[-6.091982,53.270094],[-6.091978,53.270103],[-6.091978,53.27011],[-6.091983,53.270119],[-6.091999,53.270137],[-6.091999,53.270137],[-6.091997,53.270149],[-6.091995,53.27016],[-6.091987,53.270167],[-6.091975,53.270174],[-6.091975,53.270177],[-6.091974,53.27018],[-6.091972,53.270181],[-6.091966,53.270183],[-6.091966,53.270183],[-6.091963,53.270185],[-6.091942,53.270186],[-6.091936,53.270189],[-6.091893,53.270206],[-6.091871,53.27022],[-6.091857,53.270229],[-6.091842,53.270234],[-6.091768,53.270226],[-6.091731,53.270225],[-6.091718,53.270225],[-6.091669,53.270229],[-6.091632,53.270238],[-6.091579,53.270254],[-6.091509,53.270276],[-6.091481,53.270288],[-6.091412,53.270319],[-6.091407,53.270321],[-6.09136,53.270321],[-6.091349,53.270325],[-6.091314,53.270334],[-6.091299,53.270339],[-6.091288,53.27035],[-6.091288,53.27035],[-6.091288,53.270354],[-6.091289,53.27036],[-6.091309,53.270369],[-6.091343,53.270381],[-6.091352,53.270385],[-6.091364,53.270391],[-6.09137,53.270402],[-6.091356,53.270429],[-6.091339,53.270461],[-6.091327,53.27051],[-6.091327,53.270513],[-6.091325,53.270517],[-6.091302,53.270573],[-6.0913,53.270589],[-6.0913,53.27059],[-6.091298,53.270606],[-6.091295,53.270613],[-6.091284,53.270635],[-6.091279,53.270677],[-6.091268,53.270689],[-6.091259,53.270717],[-6.091257,53.270726],[-6.091251,53.270758],[-6.091242,53.270786],[-6.091226,53.270817],[-6.091194,53.270872],[-6.091144,53.270959],[-6.091134,53.270977],[-6.091131,53.271003],[-6.091134,53.271025],[-6.091147,53.271048],[-6.091199,53.271165],[-6.091211,53.271191],[-6.091233,53.271234],[-6.091234,53.271234],[-6.091246,53.271272],[-6.091251,53.271297],[-6.09125,53.27132],[-6.091243,53.271352],[-6.091213,53.271426],[-6.09118,53.271514],[-6.091167,53.271547],[-6.091168,53.27155],[-6.091176,53.271597],[-6.091179,53.271614],[-6.091181,53.271625],[-6.091198,53.271646],[-6.091216,53.271668],[-6.091226,53.271707],[-6.091227,53.271715],[-6.091234,53.271762],[-6.091234,53.271764],[-6.091207,53.271787],[-6.091182,53.271806],[-6.091185,53.271817],[-6.091186,53.271821],[-6.091205,53.271831],[-6.09139,53.271899],[-6.091392,53.271901],[-6.091413,53.271909],[-6.091413,53.271909],[-6.091424,53.271919],[-6.091611,53.272081],[-6.091618,53.272089],[-6.091622,53.272093],[-6.091626,53.272097],[-6.091651,53.272121],[-6.091656,53.272131],[-6.091653,53.272136],[-6.091651,53.27214],[-6.091652,53.27215],[-6.091668,53.272184],[-6.091668,53.272184],[-6.091727,53.272266],[-6.091785,53.272317],[-6.091896,53.272415],[-6.091968,53.272514],[-6.091969,53.272515],[-6.091969,53.272516],[-6.091968,53.272516],[-6.09197,53.272521],[-6.091971,53.272522],[-6.091976,53.27253],[-6.092008,53.272575],[-6.092041,53.272621],[-6.092093,53.2727],[-6.092108,53.272722],[-6.092111,53.272727],[-6.092135,53.272764],[-6.092177,53.272826],[-6.09219,53.272846],[-6.092193,53.27285],[-6.092216,53.272884],[-6.092218,53.272889],[-6.092235,53.272913],[-6.092269,53.272963]]]},"properties":{"aca_name":"Vico Road, Sorrento Point, Dalkey","council":"dlr","council_label":"D\u00fan Laoghaire-Rathdown County Council","ref":"","designation":"Architectural Conservation Area"}},{"type":"Feature","geometry":{"type":"Polygon","coordinates":[[[-6.168839,53.295859],[-6.16882,53.295887],[-6.16881,53.295901],[-6.168794,53.295925],[-6.168788,53.295932],[-6.168761,53.295974],[-6.168916,53.296009],[-6.169072,53.296046],[-6.169085,53.296021],[-6.1691,53.296],[-6.169249,53.295785],[-6.169361,53.295812],[-6.169527,53.295852],[-6.169537,53.295835],[-6.169573,53.295842],[-6.169579,53.295832],[-6.169565,53.295815],[-6.169559,53.295799],[-6.169581,53.295762],[-6.169599,53.295764],[-6.169739,53.295686],[-6.169721,53.295629],[-6.169645,53.295475],[-6.169645,53.295474],[-6.169633,53.295447],[-6.169621,53.295413],[-6.16961,53.295385],[-6.169593,53.295346],[-6.169574,53.295311],[-6.169552,53.295274],[-6.169526,53.295236],[-6.169502,53.295205],[-6.169473,53.295173],[-6.169443,53.295144],[-6.169417,53.29512],[-6.169379,53.295086],[-6.169347,53.295061],[-6.169324,53.295044],[-6.169285,53.295018],[-6.169248,53.294997],[-6.169207,53.294974],[-6.169132,53.295062],[-6.16908,53.29513],[-6.169058,53.295159],[-6.168963,53.295284],[-6.168921,53.295347],[-6.168911,53.295363],[-6.168883,53.295404],[-6.16884,53.295467],[-6.168823,53.295493],[-6.168782,53.295557],[-6.169013,53.295611],[-6.168962,53.295684],[-6.168839,53.295859]]]},"properties":{"aca_name":"Montpelier Place, Temple Hill, Blackrock","council":"dlr","council_label":"D\u00fan Laoghaire-Rathdown County Council","ref":"","designation":"Architectural Conservation Area"}},{"type":"Feature","geometry":{"type":"Polygon","coordinates":[[[-6.199016,53.273783],[-6.199009,53.27379],[-6.199378,53.273971],[-6.199334,53.274005],[-6.199453,53.274063],[-6.199478,53.274074],[-6.199515,53.27408],[-6.199647,53.274094],[-6.199683,53.274081],[-6.199691,53.274058],[-6.199699,53.274037],[-6.199717,53.274013],[-6.199739,53.273986],[-6.199764,53.273961],[-6.199809,53.273924],[-6.199942,53.273829],[-6.199968,53.27381],[-6.200034,53.27376],[-6.200108,53.273793],[-6.20016,53.273819],[-6.200359,53.273922],[-6.200372,53.273904],[-6.200392,53.273879],[-6.200408,53.273855],[-6.200426,53.273816],[-6.200448,53.273767],[-6.200464,53.273724],[-6.200464,53.273719],[-6.200483,53.273246],[-6.20047,53.273247],[-6.200303,53.273366],[-6.200197,53.273441],[-6.200102,53.273507],[-6.200091,53.273517],[-6.20003,53.27356],[-6.19975,53.273414],[-6.199678,53.273377],[-6.19975,53.273325],[-6.199844,53.273261],[-6.199952,53.273185],[-6.199988,53.273156],[-6.199998,53.273149],[-6.200015,53.273137],[-6.199974,53.273137],[-6.199899,53.273137],[-6.199805,53.273137],[-6.199707,53.273137],[-6.199609,53.273137],[-6.19951,53.273139],[-6.199489,53.27314],[-6.199467,53.273141],[-6.199422,53.273143],[-6.199362,53.273147],[-6.199268,53.273151],[-6.199186,53.273154],[-6.19907,53.273161],[-6.199009,53.273167],[-6.198878,53.273178],[-6.198926,53.273201],[-6.198921,53.273209],[-6.198912,53.273223],[-6.198909,53.273232],[-6.198912,53.273244],[-6.19892,53.273258],[-6.198929,53.273269],[-6.198941,53.273281],[-6.198958,53.27329],[-6.198976,53.273296],[-6.199004,53.273299],[-6.199041,53.273294],[-6.199134,53.27333],[-6.198908,53.273488],[-6.198795,53.273568],[-6.19881,53.273575],[-6.198896,53.273618],[-6.199011,53.273676],[-6.199047,53.273695],[-6.198972,53.273745],[-6.198963,53.273752],[-6.199016,53.273783]]]},"properties":{"aca_name":"Arkle Square, Brewery Road, Stillorgan","council":"dlr","council_label":"D\u00fan Laoghaire-Rathdown County Council","ref":"","designation":"Architectural Conservation Area"}},{"type":"Feature","geometry":{"type":"Polygon","coordinates":[[[-6.24006,53.291284],[-6.240612,53.291319],[-6.240633,53.291323],[-6.240681,53.29133],[-6.240736,53.291338],[-6.240798,53.291349],[-6.240874,53.291364],[-6.240926,53.291376],[-6.240975,53.291388],[-6.241034,53.291403],[-6.241068,53.291412],[-6.241106,53.291422],[-6.241164,53.291439],[-6.24123,53.291458],[-6.241284,53.291475],[-6.24134,53.291494],[-6.241394,53.291514],[-6.241438,53.291526],[-6.241449,53.29151],[-6.241427,53.291489],[-6.241382,53.291424],[-6.241332,53.291348],[-6.241316,53.291324],[-6.241285,53.291262],[-6.241257,53.291209],[-6.241226,53.291156],[-6.241179,53.291082],[-6.241145,53.291028],[-6.241129,53.291003],[-6.241076,53.290924],[-6.24108,53.290922],[-6.241045,53.290865],[-6.241017,53.290817],[-6.240983,53.290761],[-6.240954,53.290712],[-6.240945,53.290714],[-6.240918,53.290719],[-6.240464,53.290805],[-6.240314,53.290833],[-6.240304,53.290835],[-6.240165,53.290861],[-6.240051,53.290702],[-6.240036,53.290677],[-6.240192,53.290648],[-6.240209,53.290645],[-6.240266,53.290634],[-6.240308,53.290627],[-6.240448,53.290601],[-6.240837,53.290535],[-6.240763,53.290412],[-6.240738,53.290371],[-6.240724,53.290348],[-6.240703,53.290315],[-6.240671,53.290263],[-6.24058,53.290282],[-6.240551,53.290287],[-6.24038,53.290321],[-6.240275,53.290343],[-6.240194,53.290359],[-6.240133,53.290372],[-6.240065,53.290385],[-6.239969,53.290404],[-6.239878,53.29042],[-6.239758,53.290446],[-6.239767,53.290462],[-6.239767,53.290462],[-6.23974,53.290468],[-6.239716,53.290457],[-6.239712,53.290456],[-6.239686,53.290456],[-6.239669,53.290459],[-6.239622,53.290468],[-6.239519,53.290485],[-6.239499,53.290489],[-6.239465,53.290495],[-6.239427,53.290501],[-6.239422,53.290502],[-6.239352,53.290514],[-6.239336,53.290517],[-6.239161,53.290547],[-6.239115,53.290582],[-6.239135,53.290616],[-6.239111,53.290621],[-6.2392,53.290777],[-6.239254,53.290873],[-6.239386,53.291111],[-6.23939,53.291117],[-6.2394,53.291135],[-6.239444,53.291212],[-6.239461,53.291241],[-6.239463,53.291245],[-6.239456,53.291248],[-6.239466,53.291266],[-6.239481,53.291291],[-6.239531,53.291282],[-6.239533,53.291286],[-6.239538,53.291296],[-6.23958,53.291291],[-6.239635,53.291286],[-6.239686,53.291285],[-6.239749,53.291284],[-6.239807,53.291283],[-6.239876,53.291283],[-6.239995,53.291283],[-6.240039,53.291282],[-6.24006,53.291284]]]},"properties":{"aca_name":"Sydenham Road, Dundrum","council":"dlr","council_label":"D\u00fan Laoghaire-Rathdown County Council","ref":"","designation":"Architectural Conservation Area"}},{"type":"Feature","geometry":{"type":"Polygon","coordinates":[[[-6.238307,53.287525],[-6.237986,53.287627],[-6.237988,53.28763],[-6.237962,53.287638],[-6.238024,53.287725],[-6.238299,53.288113],[-6.238511,53.288429],[-6.238548,53.288419],[-6.23869,53.288371],[-6.238736,53.288354],[-6.238763,53.288345],[-6.238777,53.288339],[-6.238794,53.288333],[-6.238838,53.288318],[-6.23886,53.288311],[-6.239229,53.288183],[-6.239245,53.288177],[-6.239222,53.288162],[-6.23919,53.288139],[-6.239179,53.288131],[-6.239039,53.28803],[-6.239025,53.28802],[-6.238999,53.288001],[-6.238905,53.287935],[-6.238796,53.287858],[-6.238637,53.287734],[-6.23858,53.287689],[-6.238534,53.287654],[-6.238476,53.28761],[-6.238458,53.287597],[-6.238416,53.287561],[-6.238388,53.287538],[-6.238353,53.28751],[-6.238307,53.287525]]]},"properties":{"aca_name":"Sydenham Villas, Dundrum","council":"dlr","council_label":"D\u00fan Laoghaire-Rathdown County Council","ref":"","designation":"Architectural Conservation Area"}},{"type":"Feature","geometry":{"type":"Polygon","coordinates":[[[-6.233212,53.289432],[-6.233278,53.289446],[-6.233333,53.289459],[-6.233367,53.289467],[-6.23338,53.28947],[-6.233481,53.289494],[-6.233526,53.289504],[-6.233572,53.289433],[-6.233611,53.289442],[-6.233719,53.289467],[-6.233779,53.289349],[-6.233798,53.289304],[-6.233808,53.28927],[-6.233832,53.28923],[-6.23377,53.289217],[-6.233549,53.289171],[-6.233393,53.289139],[-6.233215,53.289101],[-6.233184,53.289095],[-6.233133,53.289084],[-6.233068,53.289068],[-6.233008,53.289066],[-6.232996,53.28909],[-6.232981,53.289132],[-6.23295,53.289183],[-6.232948,53.289199],[-6.232929,53.28937],[-6.232979,53.289381],[-6.233011,53.289388],[-6.233037,53.289394],[-6.233059,53.289399],[-6.233175,53.289424],[-6.233212,53.289432]]]},"properties":{"aca_name":"Campfield Terrace, Kilmacud Road Upper","council":"dlr","council_label":"D\u00fan Laoghaire-Rathdown County Council","ref":"","designation":"Architectural Conservation Area"}},{"type":"Feature","geometry":{"type":"Polygon","coordinates":[[[-6.177697,53.301474],[-6.177697,53.301474],[-6.177697,53.301474],[-6.177697,53.301474],[-6.177735,53.301476],[-6.177822,53.301404],[-6.177831,53.301399],[-6.177801,53.301381],[-6.177815,53.301371],[-6.177831,53.301361],[-6.177853,53.301349],[-6.177766,53.301311],[-6.177753,53.301318],[-6.177712,53.301341],[-6.17768,53.30132],[-6.177677,53.301318],[-6.177707,53.301302],[-6.177703,53.301299],[-6.177708,53.301296],[-6.177704,53.301294],[-6.177712,53.30129],[-6.177715,53.301286],[-6.177716,53.301282],[-6.177709,53.301257],[-6.177703,53.301252],[-6.177701,53.301248],[-6.177691,53.301236],[-6.17767,53.301215],[-6.177661,53.301206],[-6.177578,53.301246],[-6.177559,53.301231],[-6.177645,53.301193],[-6.177618,53.30117],[-6.17762,53.301169],[-6.177544,53.301076],[-6.177601,53.301057],[-6.177567,53.30102],[-6.177577,53.301017],[-6.17753,53.300964],[-6.177532,53.300963],[-6.177544,53.30096],[-6.17751,53.300925],[-6.177499,53.300927],[-6.177445,53.300946],[-6.177425,53.300926],[-6.177478,53.300906],[-6.177485,53.300913],[-6.177494,53.30091],[-6.177488,53.300903],[-6.177538,53.300884],[-6.177555,53.3009],[-6.177587,53.300888],[-6.17758,53.300881],[-6.177643,53.300858],[-6.177647,53.300862],[-6.177681,53.300843],[-6.177681,53.300843],[-6.177685,53.300842],[-6.177681,53.300843],[-6.177744,53.300912],[-6.177829,53.301003],[-6.177873,53.301049],[-6.177911,53.301036],[-6.177948,53.301022],[-6.177959,53.301018],[-6.178107,53.300961],[-6.178237,53.300895],[-6.178257,53.300914],[-6.178395,53.300838],[-6.178477,53.300794],[-6.178503,53.300779],[-6.178622,53.300713],[-6.178628,53.30071],[-6.178523,53.300619],[-6.178506,53.300603],[-6.178497,53.300596],[-6.178471,53.300572],[-6.17839,53.300502],[-6.178357,53.300472],[-6.178362,53.30047],[-6.178287,53.30041],[-6.177705,53.30066],[-6.177664,53.300605],[-6.177666,53.300604],[-6.177591,53.300536],[-6.17753,53.300487],[-6.177479,53.300506],[-6.177427,53.300526],[-6.177472,53.300572],[-6.177449,53.30058],[-6.177432,53.300565],[-6.177413,53.300572],[-6.177412,53.300572],[-6.177329,53.300605],[-6.177329,53.300605],[-6.177297,53.300617],[-6.177278,53.300625],[-6.177263,53.30061],[-6.177269,53.300589],[-6.177217,53.300545],[-6.177144,53.30058],[-6.177111,53.300595],[-6.17708,53.300566],[-6.177068,53.300557],[-6.177072,53.300555],[-6.177025,53.300512],[-6.177,53.30049],[-6.17699,53.300479],[-6.176872,53.300526],[-6.176832,53.30049],[-6.176814,53.300496],[-6.176803,53.3005],[-6.176775,53.30052],[-6.176746,53.300539],[-6.176613,53.300672],[-6.176611,53.300672],[-6.176525,53.30072],[-6.176517,53.30072],[-6.176509,53.300727],[-6.176418,53.300684],[-6.176363,53.300669],[-6.176337,53.300705],[-6.176315,53.3007],[-6.176288,53.300693],[-6.17626,53.300708],[-6.176245,53.300717],[-6.176205,53.300738],[-6.176182,53.300754],[-6.176171,53.300751],[-6.176098,53.300728],[-6.17616,53.300684],[-6.176069,53.300656],[-6.176073,53.300651],[-6.175946,53.300614],[-6.175974,53.300578],[-6.175921,53.300564],[-6.175949,53.300525],[-6.175893,53.30051],[-6.175862,53.300502],[-6.175821,53.300491],[-6.175826,53.300484],[-6.175773,53.30047],[-6.175772,53.300471],[-6.175614,53.300433],[-6.175564,53.300419],[-6.175576,53.300402],[-6.175542,53.300393],[-6.175531,53.300409],[-6.175505,53.300404],[-6.175489,53.300399],[-6.175477,53.300413],[-6.175439,53.300402],[-6.175424,53.300421],[-6.175397,53.300415],[-6.175405,53.300404],[-6.175411,53.300405],[-6.175419,53.300394],[-6.175391,53.30039],[-6.175323,53.300372],[-6.175391,53.30028],[-6.175282,53.30025],[-6.175265,53.300273],[-6.175224,53.300262],[-6.175173,53.300331],[-6.175047,53.300492],[-6.175044,53.300492],[-6.174942,53.30059],[-6.174938,53.300589],[-6.174937,53.300589],[-6.174927,53.300586],[-6.174915,53.300584],[-6.174904,53.300585],[-6.174893,53.300588],[-6.174883,53.300594],[-6.174878,53.300601],[-6.174848,53.30065],[-6.174758,53.300797],[-6.174749,53.300812],[-6.174749,53.300816],[-6.174753,53.300823],[-6.174849,53.300852],[-6.17485,53.300852],[-6.174953,53.300881],[-6.17511,53.300926],[-6.175125,53.30093],[-6.175286,53.300977],[-6.175296,53.30098],[-6.175386,53.301004],[-6.175441,53.301018],[-6.175482,53.30103],[-6.175665,53.301082],[-6.175762,53.301107],[-6.175806,53.30112],[-6.175905,53.301149],[-6.176112,53.30121],[-6.17618,53.301231],[-6.176238,53.301246],[-6.176341,53.301276],[-6.176427,53.301302],[-6.176448,53.301308],[-6.176504,53.301325],[-6.176544,53.301337],[-6.176593,53.301351],[-6.176648,53.301364],[-6.176711,53.301377],[-6.176776,53.301409],[-6.176839,53.301444],[-6.176853,53.301453],[-6.176906,53.301485],[-6.176978,53.301529],[-6.177045,53.301569],[-6.177058,53.301577],[-6.177185,53.301654],[-6.177255,53.301697],[-6.177324,53.301739],[-6.177384,53.301776],[-6.17741,53.301792],[-6.177452,53.301817],[-6.17746,53.301822],[-6.177522,53.30186],[-6.177518,53.301863],[-6.177644,53.301915],[-6.177603,53.301939],[-6.17764,53.301963],[-6.177668,53.30198],[-6.177658,53.301986],[-6.177704,53.302021],[-6.177759,53.302061],[-6.177811,53.302097],[-6.177856,53.302133],[-6.178007,53.302177],[-6.178075,53.302197],[-6.178144,53.302216],[-6.178136,53.302225],[-6.17813,53.302233],[-6.178139,53.302236],[-6.178187,53.302249],[-6.17828,53.302275],[-6.178295,53.302279],[-6.178277,53.302303],[-6.178311,53.302312],[-6.17835,53.302323],[-6.178449,53.302351],[-6.178483,53.302361],[-6.178535,53.302294],[-6.178685,53.302335],[-6.178725,53.302347],[-6.178753,53.302362],[-6.17879,53.302378],[-6.178814,53.302388],[-6.17885,53.3024],[-6.178883,53.30241],[-6.178903,53.302412],[-6.178951,53.302416],[-6.178963,53.302416],[-6.179018,53.302421],[-6.179024,53.302422],[-6.179031,53.302422],[-6.179199,53.302464],[-6.179242,53.302475],[-6.179312,53.302492],[-6.179363,53.302408],[-6.179375,53.302388],[-6.179386,53.30239],[-6.179393,53.302391],[-6.17941,53.302395],[-6.179411,53.302393],[-6.179426,53.3024],[-6.179426,53.302399],[-6.179434,53.3024],[-6.179468,53.302407],[-6.179535,53.302422],[-6.179553,53.302393],[-6.179541,53.302391],[-6.179564,53.302352],[-6.179564,53.302352],[-6.179593,53.302296],[-6.179416,53.302258],[-6.178903,53.302137],[-6.178813,53.302107],[-6.178844,53.302029],[-6.17894,53.30194],[-6.179095,53.302019],[-6.179123,53.302033],[-6.179153,53.302011],[-6.179184,53.301988],[-6.17923,53.301954],[-6.179266,53.301928],[-6.179325,53.301886],[-6.179347,53.301869],[-6.179372,53.301852],[-6.179419,53.301817],[-6.179465,53.301784],[-6.179512,53.30175],[-6.179559,53.301717],[-6.1796,53.301687],[-6.179535,53.301654],[-6.179507,53.301638],[-6.17942,53.30159],[-6.179403,53.301582],[-6.179388,53.301573],[-6.179354,53.301553],[-6.179343,53.301546],[-6.179341,53.301545],[-6.17928,53.301587],[-6.179193,53.301649],[-6.179188,53.301653],[-6.17911,53.301709],[-6.179055,53.301748],[-6.179032,53.301764],[-6.178936,53.301833],[-6.178929,53.301838],[-6.178899,53.30186],[-6.178865,53.301883],[-6.178774,53.301847],[-6.178722,53.301827],[-6.178662,53.301846],[-6.178645,53.301852],[-6.178641,53.30185],[-6.178622,53.301842],[-6.178613,53.301849],[-6.178557,53.301825],[-6.178555,53.301825],[-6.178543,53.301819],[-6.178524,53.301811],[-6.178532,53.301804],[-6.178507,53.301794],[-6.178487,53.301785],[-6.178411,53.30173],[-6.178456,53.301703],[-6.178446,53.301697],[-6.178401,53.301671],[-6.178383,53.301681],[-6.178362,53.301668],[-6.178353,53.301663],[-6.178342,53.301656],[-6.178344,53.301655],[-6.178326,53.301642],[-6.178218,53.30171],[-6.178185,53.30169],[-6.178223,53.301669],[-6.178204,53.301656],[-6.17824,53.30163],[-6.178248,53.301636],[-6.178265,53.301626],[-6.178314,53.301599],[-6.178244,53.301555],[-6.178233,53.301562],[-6.178153,53.301513],[-6.178092,53.301475],[-6.178061,53.301456],[-6.178002,53.30149],[-6.178008,53.301494],[-6.177992,53.301504],[-6.17797,53.301517],[-6.177951,53.301505],[-6.17794,53.301498],[-6.177969,53.301482],[-6.177968,53.301478],[-6.17798,53.30147],[-6.17807,53.301415],[-6.178004,53.301376],[-6.177898,53.301436],[-6.17787,53.301453],[-6.177863,53.301449],[-6.177762,53.301506],[-6.177697,53.301474]],[[-6.176715,53.300871],[-6.1767,53.300879],[-6.176667,53.300855],[-6.176676,53.30085],[-6.176643,53.300836],[-6.176647,53.300831],[-6.176611,53.300812],[-6.176598,53.300805],[-6.176576,53.300798],[-6.176579,53.300795],[-6.176549,53.300775],[-6.176493,53.30076],[-6.176499,53.300752],[-6.176521,53.300724],[-6.176631,53.3008],[-6.176715,53.300871]]]},"properties":{"aca_name":"Blackrock Village","council":"dlr","council_label":"D\u00fan Laoghaire-Rathdown County Council","ref":"","designation":"Candidate Architectural Conservation Area"}},{"type":"Feature","geometry":{"type":"Polygon","coordinates":[[[-6.106079,53.272223],[-6.1061,53.272223],[-6.106215,53.272224],[-6.106343,53.272225],[-6.106477,53.272226],[-6.106592,53.272226],[-6.106605,53.272226],[-6.10685,53.272229],[-6.106774,53.272122],[-6.106734,53.272063],[-6.106712,53.272036],[-6.106688,53.272008],[-6.106662,53.271977],[-6.106647,53.271961],[-6.106633,53.271946],[-6.106621,53.271936],[-6.106606,53.271928],[-6.106603,53.271926],[-6.106583,53.271915],[-6.106556,53.271902],[-6.106527,53.27189],[-6.106508,53.271882],[-6.106485,53.271872],[-6.106461,53.271865],[-6.106451,53.271862],[-6.106431,53.271858],[-6.106406,53.271855],[-6.106376,53.271852],[-6.10634,53.271852],[-6.106247,53.271852],[-6.10623,53.271852],[-6.106078,53.271857],[-6.106007,53.271859],[-6.105854,53.271864],[-6.105775,53.271869],[-6.105705,53.271871],[-6.105723,53.271887],[-6.105734,53.271907],[-6.105739,53.271915],[-6.105757,53.271946],[-6.105772,53.271973],[-6.105799,53.271992],[-6.105809,53.271999],[-6.105831,53.272009],[-6.105874,53.27203],[-6.105898,53.272041],[-6.105932,53.272058],[-6.105958,53.272072],[-6.105975,53.272081],[-6.106033,53.27222],[-6.106062,53.272222],[-6.106079,53.272223]]]},"properties":{"aca_name":"Ardbrugh Villas, Ardburgh Road, Dalkey, Co. Dublin","council":"dlr","council_label":"D\u00fan Laoghaire-Rathdown County Council","ref":"","designation":"Candidate Architectural Conservation Area"}},{"type":"Feature","geometry":{"type":"Polygon","coordinates":[[[-6.187826,53.305641],[-6.187837,53.305642],[-6.187846,53.305644],[-6.187851,53.305646],[-6.187857,53.30565],[-6.18788,53.305666],[-6.188002,53.305758],[-6.188278,53.305972],[-6.188366,53.30604],[-6.188493,53.30613],[-6.188502,53.306135],[-6.188509,53.306141],[-6.188512,53.306146],[-6.188512,53.306153],[-6.188511,53.306161],[-6.188508,53.306166],[-6.188502,53.30617],[-6.188491,53.306176],[-6.188482,53.30618],[-6.188362,53.30624],[-6.188291,53.306275],[-6.188291,53.306281],[-6.188292,53.306287],[-6.188294,53.306291],[-6.188296,53.306294],[-6.188326,53.30631],[-6.188386,53.306348],[-6.188378,53.306364],[-6.188364,53.306375],[-6.188331,53.306401],[-6.18822,53.306491],[-6.188362,53.306594],[-6.188503,53.306657],[-6.188554,53.306675],[-6.188576,53.306683],[-6.188653,53.306711],[-6.188662,53.306704],[-6.188786,53.306582],[-6.188809,53.30656],[-6.188774,53.306508],[-6.188733,53.306474],[-6.18875,53.306461],[-6.188771,53.306445],[-6.188776,53.306442],[-6.188793,53.306429],[-6.18881,53.306417],[-6.188828,53.306403],[-6.188839,53.306395],[-6.188865,53.306376],[-6.188929,53.306327],[-6.188902,53.306314],[-6.188861,53.306295],[-6.188831,53.30628],[-6.188806,53.306268],[-6.18878,53.306256],[-6.188756,53.306244],[-6.188747,53.30624],[-6.188733,53.306233],[-6.188696,53.306216],[-6.188652,53.306194],[-6.188793,53.306122],[-6.188801,53.306118],[-6.188839,53.306098],[-6.188766,53.306043],[-6.18878,53.306037],[-6.18883,53.306012],[-6.188784,53.305978],[-6.188762,53.305963],[-6.188734,53.305943],[-6.188704,53.305923],[-6.188687,53.30591],[-6.188681,53.305907],[-6.188634,53.305874],[-6.18862,53.305863],[-6.188589,53.305842],[-6.188576,53.305834],[-6.188553,53.305815],[-6.188545,53.305809],[-6.188519,53.305793],[-6.188468,53.305755],[-6.188463,53.305751],[-6.188416,53.305716],[-6.188396,53.305702],[-6.188365,53.305678],[-6.188334,53.305655],[-6.188321,53.305646],[-6.188313,53.305641],[-6.188292,53.305626],[-6.188265,53.305604],[-6.18826,53.3056],[-6.188245,53.305589],[-6.18823,53.305579],[-6.188216,53.305568],[-6.188189,53.305548],[-6.188178,53.30554],[-6.18817,53.305534],[-6.188128,53.305504],[-6.188116,53.305494],[-6.188011,53.305529],[-6.187985,53.305542],[-6.187934,53.305498],[-6.187901,53.305477],[-6.187866,53.305454],[-6.187851,53.305441],[-6.187815,53.305418],[-6.187791,53.305403],[-6.187753,53.305378],[-6.18772,53.305395],[-6.1877,53.305405],[-6.187662,53.305426],[-6.187582,53.305466],[-6.187565,53.305475],[-6.18751,53.3055],[-6.187477,53.305518],[-6.187442,53.305536],[-6.187439,53.305538],[-6.187367,53.305575],[-6.187342,53.305588],[-6.187272,53.305624],[-6.187307,53.305649],[-6.187336,53.305668],[-6.18738,53.305695],[-6.187433,53.305724],[-6.187458,53.305738],[-6.187461,53.30574],[-6.18747,53.305745],[-6.187481,53.305747],[-6.187498,53.30575],[-6.187512,53.305751],[-6.187522,53.305752],[-6.187542,53.305754],[-6.187558,53.305754],[-6.187577,53.305755],[-6.187589,53.305753],[-6.187597,53.305752],[-6.187606,53.30575],[-6.187618,53.305745],[-6.187652,53.305727],[-6.187759,53.30567],[-6.187817,53.30564],[-6.187826,53.305641]]]},"properties":{"aca_name":"Seafort Parade, Rock Road, Blackrock","council":"dlr","council_label":"D\u00fan Laoghaire-Rathdown County Council","ref":"","designation":"Architectural Conservation Area"}},{"type":"Feature","geometry":{"type":"Polygon","coordinates":[[[-6.185917,53.300292],[-6.185894,53.300246],[-6.185879,53.300215],[-6.185872,53.300187],[-6.185867,53.300153],[-6.185871,53.300138],[-6.185893,53.300095],[-6.185915,53.300068],[-6.186006,53.299976],[-6.186029,53.299959],[-6.186053,53.299944],[-6.186056,53.299943],[-6.186072,53.299927],[-6.186022,53.299864],[-6.185928,53.299761],[-6.185865,53.299697],[-6.185838,53.299662],[-6.185811,53.299637],[-6.185716,53.299542],[-6.185664,53.29947],[-6.185626,53.299435],[-6.185574,53.299388],[-6.185537,53.299357],[-6.185464,53.299297],[-6.18545,53.299179],[-6.185443,53.29917],[-6.185422,53.299145],[-6.18541,53.299134],[-6.185392,53.299122],[-6.185346,53.299089],[-6.185312,53.299068],[-6.185289,53.299054],[-6.185274,53.299048],[-6.185255,53.29904],[-6.185212,53.299024],[-6.185146,53.298998],[-6.185121,53.298989],[-6.185037,53.298956],[-6.185056,53.29894],[-6.185094,53.298907],[-6.185121,53.298884],[-6.185237,53.298782],[-6.185239,53.298781],[-6.185304,53.298724],[-6.185222,53.298697],[-6.185061,53.298642],[-6.185039,53.298634],[-6.184914,53.298592],[-6.184744,53.298539],[-6.18467,53.298515],[-6.184629,53.298546],[-6.184601,53.298564],[-6.184451,53.298681],[-6.184351,53.298639],[-6.18435,53.298639],[-6.184233,53.298714],[-6.184212,53.298728],[-6.184167,53.298694],[-6.18412,53.29866],[-6.184077,53.298647],[-6.184025,53.298632],[-6.184042,53.298617],[-6.184081,53.298582],[-6.184097,53.298567],[-6.184127,53.298539],[-6.18414,53.298529],[-6.184174,53.298499],[-6.184218,53.298468],[-6.184208,53.298464],[-6.18422,53.298455],[-6.18428,53.2984],[-6.184285,53.298383],[-6.184265,53.298371],[-6.184137,53.298332],[-6.184025,53.298297],[-6.183981,53.298282],[-6.183947,53.29827],[-6.183757,53.29821],[-6.183592,53.298157],[-6.183596,53.298154],[-6.183439,53.298103],[-6.183453,53.298087],[-6.18344,53.298083],[-6.183431,53.29808],[-6.183289,53.298036],[-6.183285,53.29804],[-6.183198,53.298008],[-6.183204,53.298002],[-6.183152,53.297987],[-6.183137,53.297982],[-6.183124,53.297997],[-6.182991,53.298165],[-6.182974,53.298187],[-6.182943,53.298179],[-6.182863,53.298159],[-6.182826,53.29815],[-6.182764,53.298134],[-6.182685,53.298243],[-6.182628,53.298322],[-6.182609,53.298349],[-6.182546,53.298334],[-6.182506,53.29839],[-6.182498,53.298401],[-6.182487,53.298422],[-6.182476,53.298443],[-6.182468,53.29846],[-6.182463,53.298471],[-6.182449,53.298503],[-6.182446,53.298512],[-6.182434,53.298551],[-6.182432,53.298555],[-6.182418,53.298601],[-6.182402,53.298639],[-6.182378,53.298699],[-6.182393,53.298846],[-6.182413,53.298852],[-6.182483,53.298867],[-6.18248,53.298871],[-6.18252,53.29888],[-6.182557,53.298891],[-6.182696,53.298931],[-6.18279,53.29896],[-6.182814,53.298967],[-6.182806,53.298977],[-6.18285,53.298989],[-6.182858,53.298991],[-6.182906,53.299027],[-6.182929,53.299033],[-6.182971,53.299046],[-6.183024,53.299062],[-6.182975,53.299115],[-6.18284,53.299245],[-6.182812,53.299276],[-6.182783,53.299304],[-6.182771,53.299315],[-6.182714,53.299372],[-6.182719,53.299374],[-6.182838,53.299408],[-6.182914,53.299429],[-6.182966,53.299444],[-6.183021,53.29946],[-6.183063,53.299472],[-6.183096,53.299481],[-6.183134,53.299493],[-6.183202,53.299517],[-6.183242,53.299531],[-6.183334,53.299563],[-6.183364,53.299574],[-6.183386,53.299581],[-6.183484,53.299614],[-6.183607,53.299656],[-6.183633,53.299665],[-6.183721,53.299694],[-6.183818,53.299727],[-6.183847,53.299738],[-6.18393,53.299766],[-6.18394,53.299776],[-6.184044,53.299872],[-6.184113,53.299935],[-6.184136,53.299957],[-6.18421,53.300024],[-6.184221,53.300034],[-6.184255,53.300023],[-6.184277,53.30002],[-6.184318,53.300017],[-6.184356,53.300019],[-6.184404,53.300029],[-6.184446,53.300047],[-6.184451,53.300049],[-6.184465,53.300041],[-6.184485,53.30007],[-6.184485,53.30007],[-6.184479,53.300074],[-6.184295,53.300202],[-6.184194,53.300262],[-6.184181,53.300272],[-6.184145,53.300307],[-6.184188,53.30033],[-6.184202,53.300345],[-6.1842,53.300362],[-6.184187,53.300376],[-6.184216,53.300394],[-6.184218,53.300397],[-6.184234,53.300438],[-6.184254,53.300486],[-6.184272,53.300532],[-6.184308,53.300619],[-6.184324,53.300658],[-6.184355,53.300731],[-6.184363,53.30075],[-6.184402,53.30084],[-6.184438,53.300924],[-6.184446,53.300943],[-6.184454,53.300941],[-6.184459,53.300955],[-6.184472,53.300986],[-6.184477,53.300999],[-6.184494,53.301039],[-6.184723,53.300989],[-6.184982,53.300933],[-6.185013,53.300928],[-6.185018,53.300927],[-6.185052,53.300929],[-6.185099,53.300934],[-6.1852,53.300911],[-6.185282,53.300893],[-6.185254,53.300796],[-6.185235,53.300728],[-6.185131,53.300415],[-6.18522,53.300403],[-6.185351,53.300382],[-6.185469,53.300363],[-6.185588,53.300344],[-6.185673,53.300331],[-6.185702,53.300327],[-6.185754,53.300318],[-6.185803,53.30031],[-6.185917,53.300292]]]},"properties":{"aca_name":"Sydney Avenue, Blackrock","council":"dlr","council_label":"D\u00fan Laoghaire-Rathdown County Council","ref":"","designation":"Architectural Conservation Area"}},{"type":"Feature","geometry":{"type":"Polygon","coordinates":[[[-6.189499,53.297722],[-6.189439,53.297583],[-6.189337,53.297463],[-6.18925,53.297453],[-6.189226,53.297431],[-6.1892,53.297419],[-6.189154,53.297413],[-6.189112,53.29742],[-6.189106,53.297421],[-6.1891,53.297436],[-6.189095,53.297436],[-6.189064,53.297433],[-6.189017,53.29743],[-6.188952,53.297256],[-6.188929,53.297192],[-6.188907,53.297134],[-6.188886,53.297084],[-6.188881,53.297076],[-6.188869,53.29705],[-6.188861,53.297033],[-6.188785,53.297039],[-6.188569,53.297055],[-6.188535,53.296819],[-6.188408,53.296795],[-6.188297,53.296777],[-6.188135,53.296744],[-6.187904,53.296702],[-6.187878,53.296694],[-6.187777,53.296674],[-6.1877,53.296673],[-6.187661,53.296674],[-6.18772,53.296799],[-6.187732,53.296827],[-6.18775,53.296866],[-6.187808,53.296994],[-6.187894,53.297185],[-6.187924,53.297256],[-6.187979,53.297386],[-6.187997,53.297429],[-6.187989,53.297433],[-6.187994,53.297444],[-6.188022,53.297517],[-6.188043,53.29757],[-6.188071,53.297716],[-6.188089,53.29776],[-6.18816,53.29794],[-6.187909,53.297976],[-6.187851,53.297984],[-6.187936,53.298151],[-6.187944,53.298166],[-6.187995,53.298261],[-6.18806,53.298376],[-6.188102,53.298454],[-6.188132,53.298505],[-6.188153,53.298541],[-6.188185,53.298594],[-6.188195,53.29861],[-6.188171,53.298633],[-6.188175,53.298642],[-6.188186,53.29866],[-6.188193,53.29867],[-6.188201,53.298684],[-6.188216,53.298709],[-6.188255,53.298776],[-6.188278,53.298814],[-6.188301,53.298852],[-6.188309,53.298866],[-6.188315,53.298876],[-6.188332,53.298904],[-6.188342,53.298922],[-6.188365,53.298961],[-6.18838,53.298988],[-6.188452,53.29911],[-6.188477,53.299153],[-6.188494,53.2992],[-6.188515,53.299249],[-6.188529,53.299281],[-6.18859,53.299411],[-6.188602,53.299435],[-6.188677,53.299569],[-6.188681,53.299572],[-6.18872,53.299649],[-6.188765,53.299731],[-6.188841,53.299877],[-6.188853,53.299899],[-6.188867,53.299927],[-6.188888,53.29996],[-6.188915,53.299996],[-6.188967,53.300063],[-6.188991,53.300091],[-6.188997,53.300097],[-6.189055,53.300209],[-6.189059,53.300216],[-6.189068,53.300235],[-6.189111,53.30023],[-6.1892,53.300219],[-6.189208,53.300231],[-6.189222,53.300252],[-6.189285,53.30035],[-6.189369,53.300484],[-6.189658,53.300403],[-6.189793,53.300368],[-6.190302,53.300234],[-6.190177,53.300119],[-6.190156,53.300075],[-6.190152,53.30001],[-6.190152,53.299901],[-6.190132,53.299714],[-6.190109,53.299539],[-6.190086,53.299389],[-6.190077,53.299324],[-6.190066,53.299224],[-6.190047,53.299085],[-6.190017,53.299079],[-6.190043,53.299039],[-6.190039,53.299016],[-6.190032,53.298948],[-6.190032,53.298942],[-6.190028,53.298913],[-6.190023,53.298874],[-6.190022,53.298857],[-6.189709,53.298818],[-6.189523,53.298797],[-6.189494,53.298798],[-6.189369,53.298724],[-6.189353,53.298684],[-6.189358,53.298662],[-6.189339,53.298615],[-6.189391,53.298608],[-6.189586,53.298579],[-6.18964,53.298571],[-6.189666,53.298385],[-6.189669,53.298368],[-6.189651,53.298366],[-6.189655,53.298352],[-6.189657,53.29834],[-6.189686,53.298342],[-6.189698,53.298306],[-6.189709,53.298273],[-6.189721,53.298188],[-6.189726,53.298173],[-6.189734,53.298152],[-6.189679,53.298151],[-6.189653,53.29815],[-6.189655,53.298115],[-6.18965,53.298103],[-6.18963,53.298031],[-6.189582,53.297916],[-6.189524,53.297782],[-6.189509,53.297745],[-6.189504,53.297734],[-6.189499,53.297722]]]},"properties":{"aca_name":"Waltham Terrace, Blackrock","council":"dlr","council_label":"D\u00fan Laoghaire-Rathdown County Council","ref":"","designation":"Architectural Conservation Area"}},{"type":"Feature","geometry":{"type":"MultiPolygon","coordinates":[[[[-6.272718,53.276044],[-6.272713,53.276021],[-6.272694,53.27594],[-6.272718,53.276044]]],[[[-6.271555,53.279492],[-6.271593,53.279503],[-6.271604,53.279506],[-6.271607,53.279507],[-6.271635,53.279523],[-6.271632,53.27949],[-6.271653,53.279469],[-6.271737,53.279378],[-6.271773,53.279341],[-6.27198,53.279104],[-6.272048,53.278985],[-6.272059,53.278957],[-6.272064,53.278944],[-6.272069,53.278916],[-6.272072,53.278894],[-6.27207,53.278869],[-6.272058,53.278766],[-6.272071,53.27871],[-6.272077,53.278693],[-6.272097,53.278614],[-6.27211,53.278575],[-6.272122,53.278539],[-6.272394,53.278178],[-6.272417,53.278149],[-6.272513,53.278072],[-6.272536,53.278054],[-6.272548,53.278041],[-6.272627,53.277958],[-6.272744,53.277746],[-6.272752,53.277731],[-6.272811,53.277538],[-6.272842,53.277438],[-6.272853,53.277403],[-6.272866,53.277359],[-6.272872,53.277344],[-6.272882,53.277324],[-6.272889,53.27731],[-6.272903,53.27728],[-6.272935,53.277254],[-6.272984,53.277208],[-6.273028,53.277173],[-6.273077,53.277136],[-6.273128,53.277096],[-6.273213,53.27696],[-6.273227,53.276936],[-6.273232,53.276925],[-6.273235,53.276916],[-6.273237,53.27691],[-6.273237,53.276907],[-6.273233,53.276892],[-6.273226,53.276856],[-6.273219,53.276831],[-6.273213,53.276813],[-6.2732,53.276788],[-6.273196,53.276781],[-6.273185,53.276772],[-6.273166,53.276754],[-6.273152,53.276744],[-6.273138,53.276736],[-6.27313,53.276732],[-6.273106,53.276724],[-6.273066,53.27671],[-6.273042,53.276701],[-6.273016,53.276682],[-6.273005,53.276661],[-6.273002,53.276643],[-6.273001,53.276627],[-6.273,53.276622],[-6.272988,53.276558],[-6.272981,53.276536],[-6.272959,53.276477],[-6.272889,53.276459],[-6.272824,53.276426],[-6.272803,53.276417],[-6.27278,53.276405],[-6.272758,53.276391],[-6.272736,53.276375],[-6.272716,53.276356],[-6.272697,53.276299],[-6.272679,53.276227],[-6.272659,53.276122],[-6.272644,53.27605],[-6.27262,53.275947],[-6.272608,53.2759],[-6.272581,53.275766],[-6.272566,53.275696],[-6.272555,53.275629],[-6.27255,53.275587],[-6.272545,53.275534],[-6.272541,53.275442],[-6.272536,53.275328],[-6.272532,53.275223],[-6.272534,53.275208],[-6.272534,53.275187],[-6.272537,53.275169],[-6.272539,53.27515],[-6.272544,53.275125],[-6.272548,53.275101],[-6.272553,53.275086],[-6.272561,53.275065],[-6.272567,53.275048],[-6.272576,53.275031],[-6.272593,53.27501],[-6.272611,53.274993],[-6.272638,53.27497],[-6.272669,53.274944],[-6.272688,53.274927],[-6.272703,53.274911],[-6.272718,53.274892],[-6.272739,53.274865],[-6.27276,53.274845],[-6.272789,53.274823],[-6.272838,53.274791],[-6.272936,53.274731],[-6.273004,53.274688],[-6.273075,53.27465],[-6.273124,53.274624],[-6.273192,53.274589],[-6.273234,53.274568],[-6.273296,53.274541],[-6.273331,53.274525],[-6.273384,53.274494],[-6.273548,53.274399],[-6.27372,53.274299],[-6.273893,53.274328],[-6.273984,53.274343],[-6.274006,53.274346],[-6.274022,53.274309],[-6.274048,53.27425],[-6.274064,53.274213],[-6.274136,53.274044],[-6.274161,53.273987],[-6.274186,53.273929],[-6.275169,53.27395],[-6.27521,53.273973],[-6.275272,53.274006],[-6.275376,53.274066],[-6.275601,53.274165],[-6.276005,53.274316],[-6.276017,53.274322],[-6.276346,53.274453],[-6.276602,53.274529],[-6.276645,53.274544],[-6.276697,53.274561],[-6.276801,53.274595],[-6.276974,53.274641],[-6.277196,53.274699],[-6.277232,53.274708],[-6.277429,53.274758],[-6.277576,53.274794],[-6.277674,53.27482],[-6.277805,53.274863],[-6.277942,53.274908],[-6.278033,53.274937],[-6.278165,53.274982],[-6.278273,53.275021],[-6.278341,53.275044],[-6.278283,53.274832],[-6.278167,53.274411],[-6.278046,53.273951],[-6.277819,53.273108],[-6.277777,53.272952],[-6.277777,53.272952],[-6.277777,53.272951],[-6.277746,53.272835],[-6.277706,53.272682],[-6.277615,53.272342],[-6.277569,53.272173],[-6.277563,53.272149],[-6.277541,53.27209],[-6.277492,53.271967],[-6.277479,53.271921],[-6.277404,53.271643],[-6.277361,53.271485],[-6.277296,53.271262],[-6.277277,53.271205],[-6.277217,53.270959],[-6.277173,53.27081],[-6.277149,53.270727],[-6.277068,53.27045],[-6.277035,53.270337],[-6.276919,53.269876],[-6.276877,53.269709],[-6.276841,53.269567],[-6.276774,53.269296],[-6.276644,53.268806],[-6.276539,53.268415],[-6.276503,53.2683],[-6.276478,53.268219],[-6.276406,53.26799],[-6.27639,53.267924],[-6.276361,53.267835],[-6.276329,53.267701],[-6.276327,53.267694],[-6.276322,53.267672],[-6.275932,53.267766],[-6.2754,53.267921],[-6.27491,53.268071],[-6.274657,53.268145],[-6.274492,53.268194],[-6.274493,53.268242],[-6.27446,53.26828],[-6.274424,53.26831],[-6.274378,53.268333],[-6.274336,53.268344],[-6.274233,53.26837],[-6.274177,53.268384],[-6.274115,53.268395],[-6.27404,53.268392],[-6.27396,53.268368],[-6.273945,53.268356],[-6.273516,53.268486],[-6.273382,53.268526],[-6.273299,53.268551],[-6.272977,53.268638],[-6.27285,53.268668],[-6.272407,53.268774],[-6.272078,53.268844],[-6.271797,53.2689],[-6.271268,53.268987],[-6.271243,53.268991],[-6.270951,53.269033],[-6.270864,53.269046],[-6.270744,53.269062],[-6.270741,53.269053],[-6.270628,53.269065],[-6.270269,53.269106],[-6.27027,53.269116],[-6.269891,53.269151],[-6.269447,53.269181],[-6.268978,53.269208],[-6.2685,53.26923],[-6.268497,53.269222],[-6.268018,53.269226],[-6.268018,53.26923],[-6.268017,53.269236],[-6.267629,53.269244],[-6.267269,53.269232],[-6.266857,53.269216],[-6.266807,53.269213],[-6.266673,53.269205],[-6.26667,53.269205],[-6.26648,53.269194],[-6.266328,53.269187],[-6.266224,53.269182],[-6.265647,53.269203],[-6.265388,53.269218],[-6.265375,53.269212],[-6.265215,53.269218],[-6.265066,53.269229],[-6.264918,53.26924],[-6.264769,53.269251],[-6.26462,53.269262],[-6.264471,53.269273],[-6.264323,53.269283],[-6.264174,53.269294],[-6.264025,53.269305],[-6.263876,53.269316],[-6.263728,53.269327],[-6.263587,53.269338],[-6.263579,53.269338],[-6.263432,53.26935],[-6.263284,53.269362],[-6.263182,53.269372],[-6.263172,53.269375],[-6.262934,53.269438],[-6.262784,53.269479],[-6.262693,53.269503],[-6.262561,53.269538],[-6.262526,53.269546],[-6.262525,53.269547],[-6.262486,53.269561],[-6.262471,53.269572],[-6.262466,53.269585],[-6.262462,53.269598],[-6.262457,53.26962],[-6.262453,53.26964],[-6.262452,53.26965],[-6.262451,53.269653],[-6.262479,53.269674],[-6.262478,53.269695],[-6.262497,53.269745],[-6.262507,53.269765],[-6.262517,53.269784],[-6.262522,53.269815],[-6.262522,53.269816],[-6.262522,53.269818],[-6.262522,53.26982],[-6.262522,53.269822],[-6.262522,53.269824],[-6.262522,53.269826],[-6.262522,53.269828],[-6.262522,53.26983],[-6.262522,53.269832],[-6.262522,53.269834],[-6.262522,53.269836],[-6.262522,53.269836],[-6.262523,53.269838],[-6.262523,53.269838],[-6.262523,53.26984],[-6.262523,53.269842],[-6.262524,53.269844],[-6.262524,53.269846],[-6.262525,53.269848],[-6.262526,53.26985],[-6.262526,53.269852],[-6.262527,53.269854],[-6.262528,53.269856],[-6.262528,53.269858],[-6.262529,53.26986],[-6.26253,53.269862],[-6.262531,53.269864],[-6.262532,53.269866],[-6.262533,53.269868],[-6.26254,53.269869],[-6.262604,53.269981],[-6.262687,53.27012],[-6.262713,53.270164],[-6.262823,53.270351],[-6.262871,53.270431],[-6.26298,53.270608],[-6.263078,53.27079],[-6.263135,53.270933],[-6.263162,53.271014],[-6.263164,53.27102],[-6.263175,53.271118],[-6.263173,53.271252],[-6.263138,53.271485],[-6.263099,53.271917],[-6.263099,53.271917],[-6.263097,53.271948],[-6.263092,53.272024],[-6.263085,53.272155],[-6.263079,53.272259],[-6.263074,53.27237],[-6.263068,53.272497],[-6.263062,53.272589],[-6.263056,53.272683],[-6.263053,53.27279],[-6.263049,53.272859],[-6.263044,53.272926],[-6.263039,53.272967],[-6.263038,53.272996],[-6.263038,53.273032],[-6.26304,53.27308],[-6.263046,53.273128],[-6.263054,53.273188],[-6.263061,53.273244],[-6.263075,53.27334],[-6.263087,53.273403],[-6.263097,53.273476],[-6.263106,53.273526],[-6.263107,53.273571],[-6.263111,53.273604],[-6.263115,53.273638],[-6.26312,53.27369],[-6.263125,53.273733],[-6.263125,53.273756],[-6.263124,53.273777],[-6.263118,53.273801],[-6.263114,53.273826],[-6.263109,53.27385],[-6.263101,53.273874],[-6.263097,53.273894],[-6.263087,53.273917],[-6.263079,53.273939],[-6.263069,53.273962],[-6.263056,53.273991],[-6.263042,53.274022],[-6.263036,53.274033],[-6.263034,53.274038],[-6.263034,53.274044],[-6.263035,53.274051],[-6.263038,53.274056],[-6.26304,53.274061],[-6.263044,53.274067],[-6.263058,53.274082],[-6.263068,53.274089],[-6.263073,53.274095],[-6.263076,53.274098],[-6.263072,53.274136],[-6.263068,53.274148],[-6.263068,53.274152],[-6.263072,53.274154],[-6.263071,53.274156],[-6.263058,53.274166],[-6.263044,53.274176],[-6.263041,53.274189],[-6.263029,53.274189],[-6.263024,53.274197],[-6.26302,53.274204],[-6.263016,53.274212],[-6.263014,53.274217],[-6.263012,53.27422],[-6.263009,53.274228],[-6.263007,53.27424],[-6.263006,53.274249],[-6.262999,53.274297],[-6.262995,53.27431],[-6.26299,53.274327],[-6.262982,53.274353],[-6.262977,53.274372],[-6.262971,53.274395],[-6.262967,53.274413],[-6.262964,53.274422],[-6.262959,53.274441],[-6.262955,53.274454],[-6.262951,53.274467],[-6.262947,53.27448],[-6.262941,53.274503],[-6.262938,53.274513],[-6.262934,53.274527],[-6.26293,53.27454],[-6.262926,53.274553],[-6.262921,53.274568],[-6.262917,53.274582],[-6.262912,53.274599],[-6.262905,53.274619],[-6.262902,53.274631],[-6.262899,53.274643],[-6.262897,53.274651],[-6.262895,53.274657],[-6.262894,53.274661],[-6.262895,53.274665],[-6.262895,53.274671],[-6.262895,53.274679],[-6.262896,53.274686],[-6.262897,53.274701],[-6.262897,53.274711],[-6.2629,53.274726],[-6.262903,53.274739],[-6.262907,53.27476],[-6.262909,53.274771],[-6.262911,53.274784],[-6.262913,53.274793],[-6.262915,53.274804],[-6.262916,53.274809],[-6.262919,53.274823],[-6.262922,53.274843],[-6.262922,53.274848],[-6.262923,53.274852],[-6.262924,53.274857],[-6.262928,53.274869],[-6.262932,53.274877],[-6.262934,53.274883],[-6.262935,53.274887],[-6.262948,53.274908],[-6.262971,53.274932],[-6.263004,53.274959],[-6.263015,53.274966],[-6.263022,53.274971],[-6.263028,53.274975],[-6.263039,53.274982],[-6.263051,53.27499],[-6.263071,53.275004],[-6.263089,53.275017],[-6.26312,53.27504],[-6.263147,53.275059],[-6.263162,53.27507],[-6.263174,53.275079],[-6.263183,53.275085],[-6.263198,53.275097],[-6.263204,53.275101],[-6.263271,53.27515],[-6.263294,53.275167],[-6.263302,53.275173],[-6.263312,53.27518],[-6.263325,53.275191],[-6.26333,53.275195],[-6.263337,53.2752],[-6.263343,53.275205],[-6.263354,53.275214],[-6.26336,53.275219],[-6.263367,53.275224],[-6.263373,53.275229],[-6.263395,53.275247],[-6.26341,53.275259],[-6.263433,53.275277],[-6.263458,53.275296],[-6.263531,53.275355],[-6.263545,53.275366],[-6.26356,53.275378],[-6.263579,53.275394],[-6.263591,53.275404],[-6.263623,53.275431],[-6.26365,53.275455],[-6.263694,53.275492],[-6.26372,53.275515],[-6.263738,53.27553],[-6.263756,53.275546],[-6.263789,53.275575],[-6.263808,53.275591],[-6.263825,53.275606],[-6.263836,53.275615],[-6.263866,53.275642],[-6.263889,53.275661],[-6.263918,53.275687],[-6.263946,53.275711],[-6.26397,53.275731],[-6.26399,53.275749],[-6.263998,53.275756],[-6.264037,53.27579],[-6.264078,53.275827],[-6.264086,53.275825],[-6.264204,53.275929],[-6.264434,53.276128],[-6.264549,53.276226],[-6.264563,53.276238],[-6.264729,53.276376],[-6.264808,53.276441],[-6.264855,53.27648],[-6.264909,53.276519],[-6.264932,53.276536],[-6.264992,53.276579],[-6.265066,53.276631],[-6.265172,53.276707],[-6.26526,53.276769],[-6.265303,53.276802],[-6.265446,53.276909],[-6.265562,53.276987],[-6.265647,53.277044],[-6.265752,53.277112],[-6.265857,53.277178],[-6.265985,53.277255],[-6.266156,53.277354],[-6.266293,53.277438],[-6.266346,53.27747],[-6.26637,53.277485],[-6.266389,53.277496],[-6.266585,53.277605],[-6.266709,53.27767],[-6.26671,53.27767],[-6.266723,53.277677],[-6.266775,53.277704],[-6.266859,53.277748],[-6.266922,53.277781],[-6.266941,53.27779],[-6.266974,53.277808],[-6.267091,53.27787],[-6.267177,53.277912],[-6.267242,53.277941],[-6.267262,53.277945],[-6.267719,53.278166],[-6.267756,53.278183],[-6.267787,53.278197],[-6.268585,53.278521],[-6.268594,53.278512],[-6.268606,53.278508],[-6.268626,53.278508],[-6.268647,53.278516],[-6.26876,53.278562],[-6.268791,53.278576],[-6.268799,53.278585],[-6.268796,53.278594],[-6.268792,53.2786],[-6.269253,53.278783],[-6.269646,53.278889],[-6.269791,53.27891],[-6.269971,53.278971],[-6.270137,53.279028],[-6.270284,53.279079],[-6.270309,53.279088],[-6.270319,53.279081],[-6.270336,53.279076],[-6.270353,53.279075],[-6.270368,53.279078],[-6.270377,53.279082],[-6.270433,53.279102],[-6.270452,53.279109],[-6.270461,53.279119],[-6.270462,53.279128],[-6.270459,53.279133],[-6.270455,53.279138],[-6.271434,53.279467],[-6.271505,53.27949],[-6.271526,53.279484],[-6.271555,53.279492]]]]},"properties":{"aca_name":"Marlay Park","council":"dlr","council_label":"D\u00fan Laoghaire-Rathdown County Council","ref":"","designation":"Candidate Architectural Conservation Area"}},{"type":"Feature","geometry":{"type":"Polygon","coordinates":[[[-6.245008,53.291727],[-6.245068,53.29172],[-6.245147,53.29171],[-6.245505,53.291666],[-6.245748,53.291637],[-6.245747,53.291592],[-6.245746,53.291547],[-6.245745,53.291528],[-6.245744,53.291451],[-6.245743,53.291392],[-6.245726,53.29132],[-6.245717,53.291271],[-6.245701,53.291219],[-6.245681,53.291167],[-6.24566,53.291127],[-6.245633,53.291098],[-6.245601,53.291061],[-6.245557,53.291006],[-6.245546,53.290994],[-6.245493,53.290932],[-6.245461,53.290897],[-6.245441,53.290876],[-6.245417,53.29085],[-6.245366,53.290793],[-6.245316,53.290737],[-6.245295,53.290714],[-6.24529,53.290708],[-6.245285,53.290703],[-6.245243,53.290656],[-6.245207,53.290616],[-6.245166,53.290567],[-6.245134,53.290529],[-6.245121,53.290513],[-6.245119,53.29051],[-6.245121,53.29051],[-6.245121,53.29051],[-6.245165,53.290496],[-6.245323,53.290445],[-6.245329,53.290443],[-6.245374,53.290428],[-6.245361,53.290415],[-6.245336,53.29039],[-6.245333,53.290387],[-6.24533,53.290388],[-6.245331,53.290385],[-6.245257,53.290305],[-6.245273,53.290299],[-6.245238,53.29027],[-6.245198,53.290284],[-6.245177,53.290265],[-6.245156,53.290245],[-6.245195,53.29023],[-6.245165,53.290202],[-6.245137,53.290175],[-6.245104,53.290187],[-6.245096,53.290188],[-6.245089,53.290187],[-6.245067,53.290166],[-6.245059,53.29017],[-6.24503,53.29014],[-6.245028,53.290139],[-6.244994,53.290094],[-6.24495,53.290037],[-6.244891,53.290048],[-6.244841,53.290056],[-6.244764,53.290068],[-6.244654,53.290106],[-6.244639,53.290112],[-6.244479,53.290182],[-6.244515,53.290207],[-6.244591,53.290258],[-6.244682,53.290341],[-6.244733,53.290385],[-6.24477,53.290416],[-6.244778,53.290424],[-6.244775,53.290425],[-6.244827,53.290475],[-6.244654,53.290516],[-6.244643,53.290519],[-6.24453,53.290546],[-6.244507,53.290551],[-6.244513,53.29056],[-6.244533,53.29059],[-6.244464,53.290608],[-6.244447,53.290612],[-6.244474,53.290651],[-6.244512,53.290703],[-6.24454,53.29074],[-6.244499,53.290752],[-6.244524,53.290785],[-6.244536,53.2908],[-6.244554,53.290824],[-6.244604,53.290812],[-6.24463,53.290846],[-6.244674,53.290903],[-6.244842,53.290853],[-6.244849,53.290851],[-6.245054,53.29079],[-6.245127,53.290769],[-6.245131,53.290768],[-6.245265,53.290905],[-6.24527,53.29091],[-6.245271,53.290911],[-6.245268,53.290924],[-6.245285,53.290949],[-6.245284,53.290949],[-6.245126,53.290985],[-6.245133,53.290998],[-6.245095,53.291009],[-6.245092,53.291004],[-6.24484,53.291061],[-6.244846,53.291071],[-6.244753,53.291091],[-6.244786,53.291141],[-6.24482,53.291133],[-6.244833,53.291154],[-6.245007,53.291113],[-6.245045,53.291174],[-6.245052,53.291191],[-6.245064,53.291208],[-6.245109,53.291283],[-6.2452,53.291265],[-6.245203,53.291265],[-6.245351,53.291236],[-6.245356,53.291245],[-6.245372,53.291277],[-6.245455,53.291265],[-6.24546,53.291264],[-6.245486,53.291322],[-6.24549,53.291332],[-6.245495,53.291375],[-6.245489,53.291375],[-6.245205,53.291391],[-6.245214,53.291437],[-6.245184,53.291439],[-6.245188,53.291465],[-6.245216,53.291463],[-6.24522,53.291484],[-6.245225,53.291517],[-6.245081,53.291527],[-6.244968,53.291535],[-6.244983,53.291604],[-6.244997,53.291675],[-6.245008,53.291726],[-6.245008,53.291727]]]},"properties":{"aca_name":"Dundrum ACA","council":"dlr","council_label":"D\u00fan Laoghaire-Rathdown County Council","ref":"","designation":"Architectural Conservation Area"}},{"type":"Feature","geometry":{"type":"Polygon","coordinates":[[[-6.243467,53.290221],[-6.243509,53.29021],[-6.243622,53.290184],[-6.24385,53.290135],[-6.243937,53.290114],[-6.243966,53.290108],[-6.244143,53.290067],[-6.244217,53.29005],[-6.244217,53.29005],[-6.244145,53.289995],[-6.244106,53.289959],[-6.244023,53.289896],[-6.243946,53.289835],[-6.243848,53.289751],[-6.243798,53.289715],[-6.243698,53.289626],[-6.24359,53.289511],[-6.243531,53.289453],[-6.243521,53.289443],[-6.243714,53.289401],[-6.243745,53.28944],[-6.243755,53.28945],[-6.243982,53.289637],[-6.244025,53.28967],[-6.244043,53.289684],[-6.244083,53.289715],[-6.244147,53.289767],[-6.244391,53.289689],[-6.24447,53.289663],[-6.244708,53.28958],[-6.244722,53.289575],[-6.244733,53.289571],[-6.244791,53.289551],[-6.244802,53.289547],[-6.244681,53.289401],[-6.244689,53.289398],[-6.244682,53.289391],[-6.244617,53.289327],[-6.244599,53.289334],[-6.244534,53.289271],[-6.244528,53.289265],[-6.244494,53.289278],[-6.244432,53.289218],[-6.244342,53.28925],[-6.244335,53.289243],[-6.24432,53.289246],[-6.244314,53.289237],[-6.244291,53.289204],[-6.244283,53.289192],[-6.244228,53.289108],[-6.244187,53.289116],[-6.244057,53.289114],[-6.243939,53.289112],[-6.243925,53.289112],[-6.243838,53.289109],[-6.243822,53.289108],[-6.243817,53.289001],[-6.243823,53.289001],[-6.243901,53.289005],[-6.243973,53.289005],[-6.244039,53.289004],[-6.244039,53.288978],[-6.244093,53.288978],[-6.24409,53.288929],[-6.243992,53.288792],[-6.243956,53.288753],[-6.24392,53.288715],[-6.243878,53.28867],[-6.243845,53.288634],[-6.243811,53.288597],[-6.243783,53.288572],[-6.243749,53.288584],[-6.243679,53.288608],[-6.243582,53.28864],[-6.243608,53.288667],[-6.243644,53.288706],[-6.243696,53.288761],[-6.243735,53.288804],[-6.243772,53.288843],[-6.243804,53.288878],[-6.243827,53.288901],[-6.243825,53.28892],[-6.243823,53.28895],[-6.243753,53.288951],[-6.243755,53.288913],[-6.243686,53.288916],[-6.243686,53.288936],[-6.243624,53.288938],[-6.243623,53.288953],[-6.243585,53.288952],[-6.243584,53.288941],[-6.243557,53.288941],[-6.243532,53.288911],[-6.243496,53.288881],[-6.243399,53.288792],[-6.243331,53.288735],[-6.243336,53.288733],[-6.243325,53.288724],[-6.243269,53.288678],[-6.243221,53.288638],[-6.243255,53.288623],[-6.24324,53.288611],[-6.24322,53.288596],[-6.243184,53.288612],[-6.243162,53.288596],[-6.243206,53.288577],[-6.243176,53.288552],[-6.243176,53.288551],[-6.243175,53.288551],[-6.243174,53.288551],[-6.243113,53.288525],[-6.243107,53.28852],[-6.243053,53.288477],[-6.243017,53.288493],[-6.243017,53.288493],[-6.243017,53.288493],[-6.243013,53.28849],[-6.243003,53.288482],[-6.243006,53.288481],[-6.242921,53.288413],[-6.242916,53.288415],[-6.242909,53.288409],[-6.242918,53.288405],[-6.242871,53.288367],[-6.242757,53.288418],[-6.242778,53.288435],[-6.242771,53.288439],[-6.242733,53.288456],[-6.242734,53.288457],[-6.242586,53.288517],[-6.242595,53.288522],[-6.242616,53.288537],[-6.242624,53.288542],[-6.242708,53.28861],[-6.242736,53.288634],[-6.242752,53.288648],[-6.242514,53.288759],[-6.242406,53.28881],[-6.242299,53.288862],[-6.24229,53.288866],[-6.242233,53.28889],[-6.242304,53.288949],[-6.24232,53.288964],[-6.242332,53.288975],[-6.242372,53.288962],[-6.242384,53.288955],[-6.242397,53.288949],[-6.242411,53.288961],[-6.242429,53.288979],[-6.242402,53.288989],[-6.242403,53.28899],[-6.242409,53.288996],[-6.242432,53.289018],[-6.242453,53.289011],[-6.242469,53.289023],[-6.242501,53.289046],[-6.242528,53.289068],[-6.242531,53.289067],[-6.242584,53.289046],[-6.242585,53.289045],[-6.242634,53.289026],[-6.242656,53.289017],[-6.242771,53.288968],[-6.242825,53.289016],[-6.242837,53.289027],[-6.242841,53.289037],[-6.24285,53.289058],[-6.242862,53.289081],[-6.24281,53.289088],[-6.242723,53.289099],[-6.242717,53.2891],[-6.242671,53.289106],[-6.242646,53.289067],[-6.242607,53.289076],[-6.242615,53.28909],[-6.242588,53.289095],[-6.242591,53.289105],[-6.242539,53.289113],[-6.242553,53.289156],[-6.242567,53.289194],[-6.242579,53.289288],[-6.242604,53.28935],[-6.242645,53.289452],[-6.242681,53.289446],[-6.242675,53.28943],[-6.242746,53.289419],[-6.242744,53.289415],[-6.242793,53.289408],[-6.242815,53.289411],[-6.242806,53.28939],[-6.2428,53.289376],[-6.242786,53.289344],[-6.242821,53.289339],[-6.242853,53.289335],[-6.242864,53.289334],[-6.242889,53.289331],[-6.242915,53.289327],[-6.242947,53.289323],[-6.242958,53.289322],[-6.242982,53.289319],[-6.242982,53.289315],[-6.243013,53.289312],[-6.243052,53.289308],[-6.24304,53.289276],[-6.243083,53.289271],[-6.243139,53.289263],[-6.24315,53.289281],[-6.243187,53.289275],[-6.243192,53.289283],[-6.243156,53.289291],[-6.243166,53.28931],[-6.243192,53.289358],[-6.2432,53.289371],[-6.243248,53.289494],[-6.243127,53.289514],[-6.242996,53.289535],[-6.243065,53.289646],[-6.24305,53.289649],[-6.243132,53.289763],[-6.243151,53.289791],[-6.24316,53.289805],[-6.243224,53.289893],[-6.243248,53.289927],[-6.243269,53.289956],[-6.243288,53.289984],[-6.243317,53.290025],[-6.243337,53.290054],[-6.243351,53.290074],[-6.243359,53.290085],[-6.243437,53.290191],[-6.24346,53.290222],[-6.243467,53.290221]]]},"properties":{"aca_name":"Dundrum ACA","council":"dlr","council_label":"D\u00fan Laoghaire-Rathdown County Council","ref":"","designation":"Architectural Conservation Area"}},{"type":"Feature","geometry":{"type":"Polygon","coordinates":[[[-6.144745,53.294924],[-6.144806,53.29493],[-6.144898,53.294939],[-6.144992,53.294948],[-6.145397,53.294945],[-6.145734,53.294955],[-6.145802,53.294956],[-6.145835,53.29497],[-6.145981,53.294962],[-6.146103,53.294949],[-6.146203,53.29494],[-6.146293,53.294925],[-6.146412,53.294898],[-6.146503,53.294877],[-6.14654,53.294866],[-6.1467,53.294816],[-6.146866,53.294766],[-6.147087,53.294693],[-6.147325,53.294618],[-6.147374,53.294594],[-6.147411,53.294575],[-6.147436,53.294559],[-6.147465,53.294534],[-6.147485,53.294516],[-6.147497,53.294501],[-6.14752,53.294468],[-6.147546,53.294411],[-6.147592,53.294317],[-6.147611,53.294247],[-6.147621,53.294205],[-6.147652,53.294076],[-6.14769,53.293898],[-6.147699,53.29381],[-6.147699,53.293742],[-6.147687,53.293696],[-6.147609,53.293616],[-6.147539,53.293582],[-6.147454,53.293553],[-6.147405,53.293543],[-6.147418,53.293453],[-6.147388,53.293449],[-6.147313,53.293439],[-6.147254,53.293436],[-6.147163,53.293436],[-6.147042,53.293439],[-6.146837,53.293444],[-6.146775,53.293447],[-6.146338,53.293465],[-6.146203,53.293471],[-6.146167,53.293472],[-6.145671,53.293496],[-6.145313,53.293513],[-6.145262,53.293506],[-6.145166,53.293476],[-6.145134,53.293461],[-6.145103,53.293443],[-6.145074,53.293421],[-6.145045,53.293393],[-6.145025,53.293366],[-6.14501,53.293337],[-6.145006,53.293323],[-6.145002,53.293309],[-6.144994,53.293242],[-6.144985,53.293148],[-6.144982,53.293099],[-6.144976,53.292997],[-6.144974,53.292902],[-6.144979,53.292775],[-6.144985,53.292737],[-6.145003,53.292688],[-6.145033,53.292648],[-6.145079,53.292607],[-6.145128,53.292569],[-6.145192,53.292534],[-6.145255,53.292507],[-6.14534,53.292477],[-6.14544,53.292448],[-6.145494,53.292436],[-6.145559,53.292428],[-6.145731,53.2924],[-6.145883,53.292378],[-6.146032,53.292356],[-6.146094,53.292339],[-6.146147,53.292319],[-6.146197,53.292297],[-6.146233,53.292281],[-6.14628,53.292259],[-6.146324,53.292231],[-6.146358,53.292203],[-6.146397,53.292169],[-6.146426,53.292138],[-6.146454,53.292098],[-6.146475,53.292053],[-6.146484,53.292036],[-6.146487,53.292025],[-6.146492,53.29201],[-6.146497,53.291994],[-6.146504,53.291961],[-6.146522,53.291951],[-6.146536,53.291945],[-6.146579,53.291919],[-6.146601,53.291908],[-6.146636,53.291885],[-6.14665,53.291881],[-6.146666,53.291873],[-6.146672,53.291863],[-6.146673,53.291858],[-6.146679,53.291849],[-6.146684,53.291838],[-6.146679,53.291822],[-6.146677,53.291814],[-6.146663,53.291798],[-6.146638,53.291778],[-6.146629,53.291771],[-6.146631,53.291766],[-6.146626,53.291751],[-6.146623,53.291743],[-6.14662,53.29174],[-6.146612,53.29173],[-6.146561,53.291707],[-6.146556,53.291708],[-6.14655,53.291708],[-6.146542,53.291708],[-6.146535,53.291707],[-6.146528,53.291706],[-6.146525,53.291705],[-6.146522,53.291704],[-6.14652,53.291701],[-6.146518,53.291696],[-6.146518,53.29169],[-6.146519,53.291681],[-6.146522,53.291673],[-6.146527,53.291669],[-6.146538,53.291662],[-6.146561,53.291658],[-6.146536,53.291623],[-6.146538,53.29161],[-6.14654,53.291591],[-6.146541,53.291582],[-6.146541,53.29158],[-6.146543,53.291577],[-6.146546,53.291575],[-6.146551,53.291571],[-6.146526,53.291534],[-6.146516,53.291535],[-6.146481,53.291484],[-6.14648,53.291484],[-6.146476,53.291479],[-6.146472,53.291473],[-6.146447,53.291438],[-6.146386,53.291353],[-6.146307,53.291245],[-6.146249,53.291166],[-6.146086,53.291185],[-6.145915,53.291205],[-6.145781,53.291221],[-6.145365,53.29127],[-6.144883,53.291329],[-6.144859,53.291332],[-6.144557,53.291366],[-6.144385,53.291387],[-6.144268,53.2914],[-6.144113,53.291418],[-6.143682,53.291469],[-6.143606,53.291478],[-6.143551,53.291484],[-6.143384,53.291503],[-6.143343,53.291557],[-6.143295,53.29162],[-6.143254,53.291678],[-6.143247,53.291691],[-6.143197,53.29176],[-6.143206,53.291779],[-6.143111,53.291928],[-6.143111,53.291928],[-6.143075,53.291985],[-6.142985,53.292134],[-6.142969,53.292169],[-6.142964,53.292197],[-6.142962,53.292219],[-6.142851,53.292582],[-6.14285,53.292614],[-6.142843,53.292834],[-6.142839,53.292959],[-6.142833,53.293194],[-6.142832,53.293249],[-6.142832,53.293249],[-6.142832,53.293269],[-6.142831,53.293305],[-6.143179,53.293313],[-6.143248,53.293313],[-6.143323,53.293315],[-6.143329,53.293316],[-6.143396,53.293317],[-6.14347,53.293319],[-6.143541,53.29332],[-6.143615,53.293322],[-6.14369,53.293323],[-6.143693,53.293339],[-6.14371,53.293416],[-6.143725,53.293488],[-6.143736,53.293532],[-6.143771,53.293531],[-6.143962,53.293529],[-6.144218,53.293528],[-6.144306,53.293524],[-6.144626,53.293521],[-6.144738,53.293522],[-6.144772,53.293522],[-6.144766,53.293749],[-6.144766,53.29376],[-6.144772,53.293762],[-6.144779,53.293765],[-6.144779,53.293791],[-6.144771,53.294101],[-6.144764,53.294344],[-6.144748,53.294675],[-6.144745,53.294924]]]},"properties":{"aca_name":"De Vesci Terrace & Gardens, Willowbank, Vesey Place & Gardens, Dun Laoghaire","council":"dlr","council_label":"D\u00fan Laoghaire-Rathdown County Council","ref":"","designation":"Architectural Conservation Area"}},{"type":"Feature","geometry":{"type":"Polygon","coordinates":[[[-6.123124,53.277859],[-6.123108,53.277917],[-6.123125,53.27793],[-6.123127,53.277938],[-6.123094,53.278047],[-6.123075,53.27811],[-6.123059,53.278167],[-6.123053,53.27818],[-6.123043,53.278216],[-6.123033,53.278251],[-6.12302,53.278296],[-6.123004,53.278344],[-6.123002,53.278344],[-6.122993,53.278376],[-6.122997,53.278376],[-6.122975,53.278452],[-6.12297,53.278452],[-6.122964,53.278469],[-6.122939,53.278465],[-6.122906,53.278572],[-6.122901,53.278587],[-6.122867,53.278668],[-6.122886,53.278671],[-6.122877,53.2787],[-6.122868,53.278724],[-6.122832,53.278829],[-6.122803,53.278914],[-6.122795,53.278938],[-6.122787,53.278961],[-6.122772,53.279004],[-6.122748,53.279074],[-6.122742,53.279091],[-6.122738,53.279104],[-6.122707,53.279205],[-6.122692,53.279236],[-6.122605,53.279497],[-6.122563,53.279624],[-6.122541,53.279692],[-6.122537,53.279705],[-6.122496,53.279828],[-6.122479,53.279882],[-6.122472,53.279901],[-6.122469,53.279911],[-6.122416,53.280073],[-6.122389,53.280154],[-6.122375,53.280183],[-6.122353,53.280268],[-6.122264,53.280528],[-6.122252,53.280565],[-6.122233,53.280625],[-6.122218,53.28067],[-6.122217,53.28069],[-6.122222,53.280703],[-6.122223,53.280704],[-6.122224,53.280705],[-6.122224,53.280706],[-6.122225,53.280708],[-6.122226,53.280709],[-6.122227,53.28071],[-6.122228,53.280711],[-6.122229,53.280712],[-6.12223,53.280713],[-6.122247,53.280725],[-6.122269,53.280735],[-6.12227,53.280736],[-6.122655,53.280858],[-6.12273,53.280882],[-6.123035,53.280981],[-6.123136,53.28101],[-6.123251,53.281044],[-6.123301,53.281062],[-6.123564,53.28115],[-6.123803,53.28123],[-6.123951,53.281075],[-6.124151,53.280865],[-6.124195,53.28082],[-6.124366,53.280642],[-6.124407,53.280599],[-6.124433,53.280572],[-6.124578,53.280587],[-6.124625,53.280435],[-6.12463,53.280418],[-6.124671,53.280276],[-6.124694,53.280203],[-6.124721,53.280116],[-6.124725,53.280102],[-6.124726,53.280099],[-6.124739,53.280051],[-6.124748,53.280021],[-6.124767,53.279954],[-6.124776,53.279923],[-6.124813,53.279798],[-6.124845,53.279694],[-6.124866,53.279627],[-6.124908,53.27949],[-6.124916,53.279465],[-6.124948,53.279357],[-6.124963,53.279305],[-6.124991,53.279208],[-6.124992,53.279204],[-6.12501,53.279144],[-6.125028,53.279081],[-6.125031,53.279074],[-6.125039,53.279048],[-6.125052,53.279001],[-6.125059,53.278973],[-6.125066,53.278948],[-6.125087,53.278878],[-6.125116,53.27878],[-6.125137,53.278709],[-6.125193,53.278716],[-6.125461,53.278748],[-6.126205,53.278827],[-6.126219,53.278769],[-6.126231,53.278716],[-6.126261,53.278619],[-6.126281,53.278554],[-6.126324,53.278406],[-6.126286,53.278401],[-6.126287,53.278396],[-6.126009,53.278365],[-6.126067,53.278182],[-6.126071,53.278172],[-6.126076,53.278155],[-6.125953,53.278143],[-6.125894,53.278137],[-6.125744,53.278121],[-6.125598,53.278107],[-6.125477,53.278094],[-6.125411,53.278087],[-6.125227,53.278068],[-6.125088,53.278054],[-6.124527,53.277997],[-6.124473,53.277992],[-6.124404,53.277985],[-6.124154,53.277959],[-6.124098,53.277953],[-6.12407,53.27795],[-6.123774,53.27792],[-6.123773,53.277923],[-6.123618,53.277906],[-6.123155,53.277862],[-6.123124,53.277859]]]},"properties":{"aca_name":"Marlbrough Road","council":"dlr","council_label":"D\u00fan Laoghaire-Rathdown County Council","ref":"","designation":"Architectural Conservation Area"}},{"type":"Feature","geometry":{"type":"Polygon","coordinates":[[[-6.123803,53.28123],[-6.124047,53.281313],[-6.124352,53.281415],[-6.124421,53.281438],[-6.124445,53.281445],[-6.124476,53.281455],[-6.124573,53.281488],[-6.12473,53.28154],[-6.124749,53.281546],[-6.124972,53.28162],[-6.125041,53.281643],[-6.125095,53.281661],[-6.1251,53.281663],[-6.12535,53.281745],[-6.125491,53.281807],[-6.125506,53.281815],[-6.125552,53.281648],[-6.125573,53.281575],[-6.125655,53.281294],[-6.125666,53.281257],[-6.125672,53.281238],[-6.125673,53.281235],[-6.125675,53.281231],[-6.125677,53.281228],[-6.125725,53.280929],[-6.125771,53.28077],[-6.125817,53.280621],[-6.125846,53.280531],[-6.125695,53.280518],[-6.125762,53.2803],[-6.125811,53.280142],[-6.125963,53.280157],[-6.126388,53.280205],[-6.126388,53.280203],[-6.126389,53.280203],[-6.126427,53.28008],[-6.126437,53.280047],[-6.126437,53.280035],[-6.126681,53.280062],[-6.12671,53.280065],[-6.126718,53.280066],[-6.126726,53.280037],[-6.126731,53.280018],[-6.126779,53.279845],[-6.126521,53.279815],[-6.126437,53.279805],[-6.126183,53.279777],[-6.125928,53.27975],[-6.125999,53.27951],[-6.126029,53.279412],[-6.126057,53.27932],[-6.12618,53.278905],[-6.126205,53.278832],[-6.126205,53.278827],[-6.125461,53.278748],[-6.125193,53.278716],[-6.125137,53.278709],[-6.125116,53.27878],[-6.125087,53.278878],[-6.12554,53.278926],[-6.125277,53.279767],[-6.125014,53.280609],[-6.125008,53.280609],[-6.124407,53.280599],[-6.124366,53.280642],[-6.124195,53.28082],[-6.124151,53.280865],[-6.123951,53.281075],[-6.123803,53.28123]]]},"properties":{"aca_name":"Adelaide Road","council":"dlr","council_label":"D\u00fan Laoghaire-Rathdown County Council","ref":"","designation":"Candidate Architectural Conservation Area"}},{"type":"Feature","geometry":{"type":"Polygon","coordinates":[[[-6.979505,52.990415],[-6.979742,52.990368],[-6.979824,52.990354],[-6.980171,52.990281],[-6.980388,52.990238],[-6.980484,52.99022],[-6.980437,52.990133],[-6.980347,52.989974],[-6.980291,52.989853],[-6.980163,52.989614],[-6.979798,52.989547],[-6.979614,52.989206],[-6.979591,52.989165],[-6.979712,52.989143],[-6.979772,52.989132],[-6.979835,52.98912],[-6.979938,52.989102],[-6.980046,52.989072],[-6.980083,52.989072],[-6.980205,52.98905],[-6.980304,52.989032],[-6.980409,52.989009],[-6.98048,52.988999],[-6.980644,52.988969],[-6.98082,52.988936],[-6.980933,52.988915],[-6.981075,52.988888],[-6.981204,52.989115],[-6.981322,52.989317],[-6.981432,52.9895],[-6.981542,52.989679],[-6.981598,52.989665],[-6.982139,52.989543],[-6.98224,52.989521],[-6.982637,52.98943],[-6.982612,52.989363],[-6.982671,52.989308],[-6.98273,52.989253],[-6.982762,52.98923],[-6.982821,52.989193],[-6.982919,52.989154],[-6.983074,52.989098],[-6.983126,52.989082],[-6.983196,52.989059],[-6.983288,52.98903],[-6.983346,52.988973],[-6.983403,52.988915],[-6.983454,52.98888],[-6.983531,52.988823],[-6.983595,52.988769],[-6.983593,52.988716],[-6.983589,52.988635],[-6.983573,52.988593],[-6.983535,52.988474],[-6.983524,52.988438],[-6.983498,52.988346],[-6.983497,52.988302],[-6.983493,52.988209],[-6.983493,52.988153],[-6.983476,52.988065],[-6.983474,52.987971],[-6.983469,52.987905],[-6.983471,52.987847],[-6.983478,52.987746],[-6.983492,52.987658],[-6.983501,52.98762],[-6.98338,52.987296],[-6.983334,52.987232],[-6.983733,52.987104],[-6.984223,52.986944],[-6.984237,52.986939],[-6.984293,52.987003],[-6.984365,52.987083],[-6.984413,52.987117],[-6.984501,52.987166],[-6.984616,52.98723],[-6.984765,52.987313],[-6.984916,52.987398],[-6.984986,52.987432],[-6.985002,52.987436],[-6.985412,52.987513],[-6.985524,52.987537],[-6.985705,52.987576],[-6.985887,52.987616],[-6.986186,52.987683],[-6.986265,52.98772],[-6.986288,52.987733],[-6.986331,52.987778],[-6.98637,52.987824],[-6.986475,52.98792],[-6.986574,52.988],[-6.986691,52.988054],[-6.986792,52.988104],[-6.986912,52.98816],[-6.987079,52.988241],[-6.987134,52.988267],[-6.987235,52.988316],[-6.987309,52.988351],[-6.987388,52.988391],[-6.987446,52.98842],[-6.987526,52.988461],[-6.987573,52.988487],[-6.987613,52.988509],[-6.987694,52.988555],[-6.987774,52.988602],[-6.987845,52.988644],[-6.987889,52.988671],[-6.987929,52.988695],[-6.988003,52.988741],[-6.988073,52.988784],[-6.988153,52.98884],[-6.988215,52.988883],[-6.988262,52.988915],[-6.988328,52.988961],[-6.988399,52.989011],[-6.988492,52.989076],[-6.988568,52.989129],[-6.988637,52.989177],[-6.988688,52.989212],[-6.988755,52.989258],[-6.988831,52.989312],[-6.988923,52.989379],[-6.988988,52.989427],[-6.989043,52.989469],[-6.989112,52.989522],[-6.989192,52.989582],[-6.989251,52.989625],[-6.989316,52.989673],[-6.989384,52.989721],[-6.989444,52.989763],[-6.989502,52.989803],[-6.989551,52.989775],[-6.989758,52.989929],[-6.98982,52.989896],[-6.98987,52.989866],[-6.989962,52.989934],[-6.990002,52.989964],[-6.990029,52.989997],[-6.989989,52.990013],[-6.990077,52.990086],[-6.990096,52.990123],[-6.990201,52.990331],[-6.990252,52.990375],[-6.990338,52.990457],[-6.990359,52.990478],[-6.990341,52.990485],[-6.990357,52.9905],[-6.990323,52.990514],[-6.990411,52.990596],[-6.990463,52.990578],[-6.990519,52.99063],[-6.990542,52.990652],[-6.990726,52.990602],[-6.990807,52.990566],[-6.990913,52.990533],[-6.991167,52.990458],[-6.991219,52.990511],[-6.991296,52.990493],[-6.991353,52.990554],[-6.991369,52.990571],[-6.991438,52.990541],[-6.991493,52.990592],[-6.991556,52.990648],[-6.991627,52.990713],[-6.991522,52.990755],[-6.991339,52.990827],[-6.991288,52.990847],[-6.991277,52.990853],[-6.991412,52.990984],[-6.991468,52.991032],[-6.991516,52.991072],[-6.991562,52.991115],[-6.991612,52.991161],[-6.991649,52.991195],[-6.991704,52.991247],[-6.991764,52.991307],[-6.991816,52.991361],[-6.991783,52.991374],[-6.991759,52.991387],[-6.991893,52.991518],[-6.992011,52.991632],[-6.992072,52.991692],[-6.992492,52.992101],[-6.992575,52.99218],[-6.992869,52.992467],[-6.992956,52.992546],[-6.993008,52.992625],[-6.993122,52.992736],[-6.99208,52.99306],[-6.99198,52.99294],[-6.991836,52.992765],[-6.991697,52.992597],[-6.991691,52.992582],[-6.991733,52.992567],[-6.992029,52.992456],[-6.991982,52.992422],[-6.991998,52.992415],[-6.991771,52.992215],[-6.991095,52.991618],[-6.990842,52.991715],[-6.990777,52.991741],[-6.990639,52.991599],[-6.990623,52.991582],[-6.990529,52.991605],[-6.990517,52.991608],[-6.990319,52.991647],[-6.990105,52.991688],[-6.989886,52.991705],[-6.989901,52.991751],[-6.989904,52.991788],[-6.989945,52.991902],[-6.989965,52.991956],[-6.98998,52.991954],[-6.990021,52.992045],[-6.99007,52.992151],[-6.990097,52.992203],[-6.990169,52.992332],[-6.990189,52.992328],[-6.990223,52.992403],[-6.990216,52.992405],[-6.990236,52.99245],[-6.99023,52.992452],[-6.990257,52.992512],[-6.990351,52.992492],[-6.990436,52.992473],[-6.990477,52.992534],[-6.990512,52.992623],[-6.990603,52.992611],[-6.99065,52.992604],[-6.990693,52.992812],[-6.990787,52.993263],[-6.990841,52.993365],[-6.990681,52.993397],[-6.99057,52.99342],[-6.990448,52.993445],[-6.990499,52.993585],[-6.990553,52.993736],[-6.990581,52.993813],[-6.990601,52.993866],[-6.990527,52.993883],[-6.990454,52.9939],[-6.990401,52.993912],[-6.990366,52.99392],[-6.990289,52.993933],[-6.990252,52.99394],[-6.990213,52.993864],[-6.990198,52.993835],[-6.990187,52.993812],[-6.990177,52.993788],[-6.990168,52.993768],[-6.990162,52.993749],[-6.990157,52.993735],[-6.990151,52.993711],[-6.990134,52.993635],[-6.990123,52.993577],[-6.989942,52.993585],[-6.989841,52.993592],[-6.989732,52.993607],[-6.989657,52.993618],[-6.98961,52.99354],[-6.989634,52.993527],[-6.989468,52.99333],[-6.989441,52.993298],[-6.989426,52.993287],[-6.989371,52.993245],[-6.989188,52.993106],[-6.989132,52.99306],[-6.989113,52.993045],[-6.989062,52.993004],[-6.989008,52.99296],[-6.988968,52.992934],[-6.988906,52.99289],[-6.988669,52.992961],[-6.988568,52.992967],[-6.987281,52.993132],[-6.987226,52.993202],[-6.987289,52.993274],[-6.986654,52.993222],[-6.986126,52.993213],[-6.985709,52.993505],[-6.984061,52.994072],[-6.983958,52.993888],[-6.982888,52.994052],[-6.982834,52.994154],[-6.982796,52.994216],[-6.982771,52.994234],[-6.982758,52.994242],[-6.982722,52.994255],[-6.9827,52.99426],[-6.982609,52.99428],[-6.982139,52.994348],[-6.982028,52.994364],[-6.98199,52.994194],[-6.981853,52.993654],[-6.981835,52.9936],[-6.981755,52.993679],[-6.981694,52.993719],[-6.981605,52.993777],[-6.981588,52.993782],[-6.981573,52.993785],[-6.981533,52.993786],[-6.981505,52.993787],[-6.981463,52.993791],[-6.981094,52.993824],[-6.980667,52.993801],[-6.980636,52.993793],[-6.980616,52.993784],[-6.980598,52.993771],[-6.980582,52.993746],[-6.980575,52.993735],[-6.980527,52.993579],[-6.980523,52.993553],[-6.980378,52.993571],[-6.98014,52.993601],[-6.979911,52.99363],[-6.979689,52.993658],[-6.979448,52.993689],[-6.979351,52.993531],[-6.97919,52.993272],[-6.979133,52.993179],[-6.979097,52.993121],[-6.979081,52.993082],[-6.978927,52.993103],[-6.97885,52.993108],[-6.978745,52.993133],[-6.978544,52.993176],[-6.978285,52.993206],[-6.97825,52.993109],[-6.978212,52.993111],[-6.978174,52.992968],[-6.978173,52.992951],[-6.978125,52.992682],[-6.97842,52.992683],[-6.97842,52.992683],[-6.978606,52.99268],[-6.979326,52.99267],[-6.979221,52.992256],[-6.979227,52.992255],[-6.979187,52.992121],[-6.979168,52.99206],[-6.979137,52.991957],[-6.979116,52.991869],[-6.979486,52.991845],[-6.979486,52.991845],[-6.979803,52.991825],[-6.979863,52.991823],[-6.979966,52.991808],[-6.980043,52.991796],[-6.98015,52.99178],[-6.980243,52.991766],[-6.980361,52.991748],[-6.98054,52.991721],[-6.980672,52.991702],[-6.980771,52.991683],[-6.980751,52.991644],[-6.980742,52.991634],[-6.980988,52.991549],[-6.98113,52.991501],[-6.981269,52.99145],[-6.981273,52.991448],[-6.981348,52.991381],[-6.981319,52.991343],[-6.981307,52.991321],[-6.981317,52.991317],[-6.981346,52.991308],[-6.981344,52.991305],[-6.98136,52.9913],[-6.981357,52.991296],[-6.981387,52.991287],[-6.98139,52.991292],[-6.981426,52.991281],[-6.981392,52.991248],[-6.981292,52.991135],[-6.981244,52.99109],[-6.98116,52.991002],[-6.981084,52.991027],[-6.981044,52.99104],[-6.980947,52.991073],[-6.980854,52.991104],[-6.980644,52.991174],[-6.980421,52.991249],[-6.980413,52.991252],[-6.98026,52.991041],[-6.979872,52.99113],[-6.979737,52.990865],[-6.979726,52.990844],[-6.979556,52.99051],[-6.979505,52.990415],[-6.979505,52.990415]]]},"properties":{"aca_name":"Athy","council":"kildare","council_label":"Kildare County Council","ref":"","designation":"Architectural Conservation Area"}},{"type":"Feature","geometry":{"type":"Polygon","coordinates":[[[-6.992802,53.220925],[-6.992663,53.22078],[-6.99268,53.220733],[-6.992952,53.220533],[-6.993104,53.220319],[-6.99366,53.220274],[-6.993741,53.220305],[-6.994291,53.220434],[-6.994677,53.220434],[-6.99491,53.220475],[-6.995634,53.220501],[-6.995871,53.220584],[-6.996808,53.220893],[-6.997263,53.221015],[-6.997639,53.220985],[-6.998515,53.220931],[-6.999598,53.220914],[-7.00065,53.220887],[-7.000735,53.221185],[-7.0009,53.221276],[-7.000922,53.221376],[-6.998004,53.221502],[-6.997908,53.221644],[-6.997722,53.221921],[-6.997791,53.222147],[-6.997584,53.222377],[-6.997001,53.222147],[-6.996424,53.221917],[-6.996219,53.222088],[-6.99562,53.221838],[-6.995048,53.221732],[-6.994736,53.221811],[-6.994405,53.221534],[-6.994234,53.221389],[-6.993358,53.22162],[-6.993979,53.222063],[-6.993972,53.222135],[-6.993774,53.222228],[-6.993649,53.222214],[-6.993531,53.222128],[-6.993548,53.222108],[-6.993093,53.221744],[-6.992687,53.221388],[-6.993209,53.221177],[-6.992802,53.220925]]]},"properties":{"aca_name":"Rathangan","council":"kildare","council_label":"Kildare County Council","ref":"","designation":"Architectural Conservation Area"}},{"type":"Feature","geometry":{"type":"Polygon","coordinates":[[[-6.65964,53.220372],[-6.659327,53.220558],[-6.659052,53.22071],[-6.658976,53.220649],[-6.658962,53.22064],[-6.658924,53.220658],[-6.658887,53.22063],[-6.658902,53.220598],[-6.658846,53.220559],[-6.658802,53.220559],[-6.658792,53.220551],[-6.658667,53.220462],[-6.658627,53.220423],[-6.658568,53.220367],[-6.658543,53.220341],[-6.658523,53.22032],[-6.658513,53.22031],[-6.658506,53.220293],[-6.658448,53.220153],[-6.658427,53.220092],[-6.658424,53.220038],[-6.658425,53.219996],[-6.658428,53.219955],[-6.65843,53.219914],[-6.658423,53.219738],[-6.658423,53.219703],[-6.658429,53.219685],[-6.658425,53.219666],[-6.658423,53.219619],[-6.658431,53.219588],[-6.658438,53.219565],[-6.658379,53.219522],[-6.658309,53.219452],[-6.658276,53.219381],[-6.658251,53.219304],[-6.658234,53.21925],[-6.658241,53.219186],[-6.658228,53.219063],[-6.658396,53.219055],[-6.658727,53.219062],[-6.659125,53.21907],[-6.659108,53.219251],[-6.659094,53.219397],[-6.659551,53.219346],[-6.659677,53.219332],[-6.659849,53.219294],[-6.659823,53.21925],[-6.660249,53.219137],[-6.660376,53.21912],[-6.660575,53.219091],[-6.660719,53.219124],[-6.660822,53.219122],[-6.66112,53.219063],[-6.661564,53.219006],[-6.661782,53.21897],[-6.661857,53.218959],[-6.66198,53.218954],[-6.66202,53.218958],[-6.66204,53.218715],[-6.662113,53.218677],[-6.661982,53.218592],[-6.661863,53.2185],[-6.661799,53.218445],[-6.661693,53.218385],[-6.661537,53.218297],[-6.661407,53.218225],[-6.66136,53.21818],[-6.661328,53.218136],[-6.661315,53.218112],[-6.661298,53.218068],[-6.661249,53.217942],[-6.66122,53.217888],[-6.661119,53.21779],[-6.660998,53.21767],[-6.660899,53.217575],[-6.660821,53.217492],[-6.660788,53.217456],[-6.660768,53.217437],[-6.66021,53.217457],[-6.660078,53.217408],[-6.660271,53.217224],[-6.660439,53.217054],[-6.660531,53.216948],[-6.660758,53.216809],[-6.660948,53.21671],[-6.661209,53.216577],[-6.661391,53.216488],[-6.661866,53.216304],[-6.662301,53.216128],[-6.662649,53.21604],[-6.663107,53.215915],[-6.663435,53.215848],[-6.663797,53.21579],[-6.664152,53.215721],[-6.664415,53.21568],[-6.664448,53.215565],[-6.664495,53.215317],[-6.664564,53.215016],[-6.665209,53.215064],[-6.66517,53.2152],[-6.665609,53.215223],[-6.665605,53.215513],[-6.665819,53.215598],[-6.665863,53.215622],[-6.666079,53.215657],[-6.666294,53.215701],[-6.666484,53.215745],[-6.666534,53.215748],[-6.66646,53.215889],[-6.667085,53.215953],[-6.667415,53.21598],[-6.667387,53.216089],[-6.667312,53.216279],[-6.66738,53.216289],[-6.667525,53.216308],[-6.667704,53.216331],[-6.667745,53.216321],[-6.667838,53.216332],[-6.667855,53.216544],[-6.667854,53.216549],[-6.667958,53.216577],[-6.66807,53.216596],[-6.668161,53.216608],[-6.66814,53.216651],[-6.668119,53.216702],[-6.668057,53.216843],[-6.668026,53.216905],[-6.667996,53.216993],[-6.667903,53.216976],[-6.66783,53.217164],[-6.667719,53.217142],[-6.667699,53.217175],[-6.667681,53.217204],[-6.667581,53.217362],[-6.66749,53.217529],[-6.666645,53.217297],[-6.666621,53.217287],[-6.666611,53.217289],[-6.666549,53.217283],[-6.666498,53.217279],[-6.666325,53.217263],[-6.666318,53.217289],[-6.6661,53.217283],[-6.665735,53.217283],[-6.665629,53.217283],[-6.665551,53.217283],[-6.665549,53.217294],[-6.665267,53.217325],[-6.665219,53.217322],[-6.665107,53.217325],[-6.66498,53.217735],[-6.66479,53.218119],[-6.664557,53.218428],[-6.664743,53.218468],[-6.664902,53.218505],[-6.664896,53.218512],[-6.664959,53.218525],[-6.665169,53.218567],[-6.665138,53.218647],[-6.665152,53.218652],[-6.665086,53.218742],[-6.665079,53.21875],[-6.665047,53.218786],[-6.665023,53.218816],[-6.665242,53.218958],[-6.665511,53.219157],[-6.665353,53.219216],[-6.665171,53.219276],[-6.664994,53.219341],[-6.66498,53.219328],[-6.664812,53.219402],[-6.664811,53.219401],[-6.664773,53.219418],[-6.664696,53.219454],[-6.664666,53.21948],[-6.664061,53.219276],[-6.663997,53.219255],[-6.664014,53.219218],[-6.663993,53.219215],[-6.663911,53.219197],[-6.663386,53.219093],[-6.663307,53.219075],[-6.663173,53.21905],[-6.663139,53.219137],[-6.662813,53.219225],[-6.662784,53.219345],[-6.662761,53.219341],[-6.662737,53.219366],[-6.662714,53.21939],[-6.662683,53.219437],[-6.662956,53.219504],[-6.662816,53.219638],[-6.662596,53.219847],[-6.662516,53.219919],[-6.662623,53.219957],[-6.662766,53.220014],[-6.662934,53.22008],[-6.663117,53.220153],[-6.663258,53.220204],[-6.663588,53.220343],[-6.663546,53.220409],[-6.66352,53.220485],[-6.66347,53.220632],[-6.663438,53.220724],[-6.663404,53.220816],[-6.663373,53.220897],[-6.663267,53.220843],[-6.663194,53.220813],[-6.663076,53.220763],[-6.663036,53.22075],[-6.662906,53.220681],[-6.662868,53.22066],[-6.662602,53.220558],[-6.66173,53.220173],[-6.661549,53.220575],[-6.661452,53.220566],[-6.661381,53.220543],[-6.661365,53.220522],[-6.661285,53.220514],[-6.661212,53.220509],[-6.66113,53.220505],[-6.661062,53.220502],[-6.66107,53.220336],[-6.661079,53.22018],[-6.661057,53.22014],[-6.660908,53.220173],[-6.660788,53.220078],[-6.660732,53.220035],[-6.660512,53.220153],[-6.660489,53.22014],[-6.66041,53.220185],[-6.660287,53.220103],[-6.660206,53.22005],[-6.65964,53.220372]]]},"properties":{"aca_name":"Naas","council":"kildare","council_label":"Kildare County Council","ref":"","designation":"Architectural Conservation Area"}},{"type":"Feature","geometry":{"type":"Polygon","coordinates":[[[-6.49252,53.364089],[-6.492239,53.364123],[-6.492116,53.36414],[-6.492074,53.364147],[-6.492012,53.364158],[-6.491869,53.364187],[-6.491725,53.364215],[-6.491655,53.364229],[-6.491641,53.364231],[-6.491613,53.364237],[-6.491548,53.364251],[-6.491566,53.364279],[-6.491519,53.364287],[-6.491543,53.364339],[-6.491465,53.364328],[-6.491373,53.364313],[-6.4912,53.36424],[-6.491102,53.364263],[-6.490988,53.364288],[-6.490941,53.364298],[-6.490939,53.364293],[-6.490846,53.364315],[-6.490721,53.364346],[-6.490675,53.364357],[-6.490672,53.364367],[-6.490544,53.364366],[-6.490529,53.364368],[-6.490505,53.364361],[-6.490478,53.364365],[-6.490382,53.364362],[-6.490313,53.364362],[-6.490275,53.364366],[-6.490231,53.364372],[-6.490156,53.364385],[-6.490127,53.364394],[-6.490074,53.364408],[-6.490008,53.364429],[-6.489949,53.364445],[-6.489833,53.364479],[-6.489758,53.3645],[-6.489699,53.364518],[-6.489648,53.36453],[-6.489577,53.364544],[-6.489538,53.364554],[-6.489497,53.364564],[-6.489469,53.364571],[-6.489387,53.364591],[-6.489348,53.364599],[-6.489282,53.364613],[-6.489226,53.364623],[-6.489196,53.364628],[-6.489151,53.364638],[-6.489099,53.364649],[-6.489082,53.364655],[-6.489042,53.364667],[-6.488963,53.364694],[-6.488952,53.364691],[-6.488937,53.364696],[-6.488894,53.364712],[-6.488871,53.36472],[-6.488864,53.364725],[-6.488861,53.364729],[-6.488849,53.364746],[-6.488806,53.364797],[-6.488791,53.364812],[-6.488769,53.364839],[-6.488771,53.364848],[-6.488746,53.364843],[-6.488711,53.364836],[-6.488659,53.364826],[-6.488625,53.364819],[-6.488614,53.364816],[-6.488586,53.364808],[-6.488501,53.364791],[-6.488479,53.364788],[-6.488462,53.364788],[-6.488082,53.364804],[-6.487954,53.364825],[-6.487948,53.364835],[-6.487918,53.364975],[-6.487863,53.364983],[-6.486688,53.365155],[-6.486596,53.365172],[-6.486516,53.36519],[-6.486356,53.365219],[-6.486345,53.365224],[-6.486339,53.36523],[-6.486335,53.365239],[-6.486302,53.365243],[-6.486231,53.365251],[-6.486058,53.365273],[-6.486033,53.365274],[-6.48603,53.365265],[-6.486029,53.365245],[-6.486007,53.365051],[-6.485992,53.364909],[-6.485985,53.364853],[-6.485656,53.364803],[-6.485533,53.364796],[-6.485327,53.364781],[-6.485167,53.364771],[-6.484956,53.364755],[-6.484903,53.364752],[-6.484863,53.364749],[-6.484583,53.36473],[-6.484312,53.364711],[-6.484237,53.364706],[-6.484077,53.364695],[-6.484073,53.36466],[-6.484072,53.364574],[-6.484071,53.364492],[-6.484071,53.364466],[-6.484077,53.364445],[-6.484092,53.364415],[-6.484114,53.364387],[-6.484138,53.364364],[-6.484172,53.364339],[-6.484204,53.364322],[-6.484241,53.364308],[-6.484297,53.364297],[-6.48438,53.364284],[-6.484446,53.364277],[-6.484526,53.364272],[-6.484585,53.36427],[-6.48464,53.364269],[-6.484682,53.36427],[-6.484824,53.364278],[-6.484925,53.364284],[-6.485061,53.364293],[-6.485182,53.364301],[-6.485215,53.364302],[-6.485403,53.364315],[-6.485436,53.364318],[-6.485487,53.364224],[-6.485488,53.364216],[-6.4855,53.364148],[-6.485495,53.364136],[-6.485499,53.364089],[-6.485503,53.364058],[-6.485522,53.364059],[-6.485492,53.363807],[-6.48548,53.363807],[-6.485472,53.363752],[-6.48546,53.363666],[-6.485451,53.363613],[-6.485447,53.363587],[-6.485449,53.363549],[-6.485451,53.363527],[-6.48547,53.363331],[-6.485479,53.363242],[-6.485465,53.363241],[-6.485462,53.363156],[-6.48546,53.363114],[-6.485461,53.363112],[-6.485467,53.363108],[-6.485473,53.363106],[-6.485478,53.363106],[-6.485827,53.363139],[-6.485845,53.363138],[-6.485881,53.363158],[-6.486104,53.363177],[-6.486161,53.363186],[-6.486216,53.363194],[-6.486418,53.363225],[-6.48647,53.363235],[-6.486484,53.363229],[-6.4865,53.363227],[-6.486541,53.36323],[-6.486585,53.363237],[-6.48668,53.363253],[-6.486738,53.363261],[-6.486773,53.363263],[-6.486879,53.363266],[-6.487008,53.36327],[-6.487044,53.363272],[-6.487128,53.363279],[-6.487189,53.363284],[-6.48731,53.363294],[-6.487364,53.363299],[-6.487418,53.363304],[-6.487469,53.363308],[-6.487574,53.363315],[-6.487685,53.363321],[-6.487854,53.36334],[-6.48797,53.363353],[-6.48806,53.36336],[-6.488161,53.363364],[-6.488225,53.363358],[-6.488334,53.363342],[-6.488498,53.363309],[-6.488593,53.363289],[-6.488737,53.363255],[-6.488881,53.363219],[-6.488891,53.363226],[-6.48891,53.363234],[-6.488962,53.363248],[-6.489019,53.36326],[-6.489065,53.363262],[-6.489138,53.363258],[-6.489202,53.363253],[-6.489232,53.363248],[-6.489264,53.363237],[-6.489307,53.36322],[-6.489366,53.363186],[-6.489352,53.363159],[-6.489352,53.363153],[-6.489358,53.363149],[-6.489384,53.363135],[-6.489441,53.363107],[-6.489464,53.363097],[-6.489476,53.363087],[-6.489485,53.363076],[-6.489494,53.36306],[-6.489507,53.363041],[-6.489542,53.363004],[-6.48967,53.36272],[-6.489677,53.362685],[-6.489688,53.362631],[-6.489706,53.362566],[-6.489743,53.362446],[-6.489779,53.36233],[-6.489817,53.362219],[-6.489828,53.362177],[-6.489858,53.362139],[-6.489933,53.362045],[-6.490044,53.361907],[-6.490136,53.36179],[-6.490249,53.361646],[-6.490348,53.361513],[-6.490437,53.361393],[-6.490601,53.361184],[-6.490613,53.361169],[-6.490638,53.36113],[-6.490663,53.361091],[-6.490676,53.361081],[-6.490686,53.361067],[-6.490734,53.36102],[-6.490749,53.361005],[-6.490762,53.360989],[-6.490787,53.36095],[-6.492111,53.361374],[-6.492727,53.361934],[-6.493189,53.362675],[-6.493425,53.363061],[-6.493452,53.363089],[-6.493496,53.363136],[-6.493667,53.363319],[-6.493506,53.363373],[-6.493665,53.363521],[-6.494304,53.364033],[-6.494133,53.364082],[-6.494091,53.364097],[-6.494017,53.364123],[-6.493996,53.364131],[-6.49384,53.364182],[-6.4938,53.364162],[-6.493736,53.364139],[-6.493716,53.364133],[-6.493646,53.364115],[-6.493415,53.364058],[-6.493179,53.364003],[-6.493127,53.363991],[-6.49252,53.364089]]]},"properties":{"aca_name":"Leixlip","council":"kildare","council_label":"Kildare County Council","ref":"","designation":"Architectural Conservation Area"}},{"type":"Feature","geometry":{"type":"Polygon","coordinates":[[[-6.669157,53.39955],[-6.669152,53.399906],[-6.669148,53.399976],[-6.669139,53.400142],[-6.669151,53.400321],[-6.669146,53.400384],[-6.669013,53.40038],[-6.668992,53.40063],[-6.669059,53.400664],[-6.669078,53.400685],[-6.669091,53.400682],[-6.669154,53.400742],[-6.669125,53.400751],[-6.669172,53.400797],[-6.669179,53.400811],[-6.669133,53.400841],[-6.669077,53.400871],[-6.669207,53.40096],[-6.669213,53.400956],[-6.669345,53.401078],[-6.669498,53.401223],[-6.669452,53.401239],[-6.66944,53.401259],[-6.66948,53.401297],[-6.669607,53.401444],[-6.669696,53.401545],[-6.669755,53.401635],[-6.669835,53.401738],[-6.669709,53.401779],[-6.669607,53.401805],[-6.669498,53.401853],[-6.669389,53.4019],[-6.669191,53.402003],[-6.669106,53.402046],[-6.668933,53.402219],[-6.668872,53.402193],[-6.668762,53.402152],[-6.668738,53.40211],[-6.668616,53.402062],[-6.668569,53.402033],[-6.668481,53.401999],[-6.668436,53.401982],[-6.668341,53.401946],[-6.668077,53.401835],[-6.667762,53.401687],[-6.667676,53.401727],[-6.667611,53.401711],[-6.667448,53.401774],[-6.667384,53.401804],[-6.667388,53.401807],[-6.667373,53.401819],[-6.667293,53.401883],[-6.667359,53.401926],[-6.667264,53.40198],[-6.667135,53.401841],[-6.667078,53.401783],[-6.667005,53.401715],[-6.666981,53.401725],[-6.666951,53.401728],[-6.66689,53.401746],[-6.666775,53.401657],[-6.666469,53.401396],[-6.666412,53.401362],[-6.665881,53.401049],[-6.665837,53.401017],[-6.665825,53.400911],[-6.665813,53.400847],[-6.6658,53.400782],[-6.665785,53.400727],[-6.665782,53.400722],[-6.665706,53.400566],[-6.665721,53.400558],[-6.665713,53.400534],[-6.665687,53.400537],[-6.665648,53.400405],[-6.665601,53.400245],[-6.665553,53.400086],[-6.665547,53.400071],[-6.665534,53.400047],[-6.665495,53.399988],[-6.665263,53.399629],[-6.66519,53.399558],[-6.66512,53.399489],[-6.665234,53.399459],[-6.666032,53.399255],[-6.666064,53.399221],[-6.666117,53.399206],[-6.666534,53.399113],[-6.666551,53.399088],[-6.666846,53.398981],[-6.66715,53.398937],[-6.667456,53.39905],[-6.667611,53.3991],[-6.668131,53.39928],[-6.668247,53.399316],[-6.668379,53.399356],[-6.668452,53.399378],[-6.668502,53.399372],[-6.668552,53.399378],[-6.668629,53.399393],[-6.668749,53.399414],[-6.668829,53.399433],[-6.668857,53.399464],[-6.669069,53.399546],[-6.669076,53.39954],[-6.66909,53.399543],[-6.669157,53.39955]]]},"properties":{"aca_name":"Kilcock","council":"kildare","council_label":"Kildare County Council","ref":"","designation":"Architectural Conservation Area"}},{"type":"Feature","geometry":{"type":"Polygon","coordinates":[[[-6.755215,53.292742],[-6.754958,53.292823],[-6.754956,53.292825],[-6.754936,53.292822],[-6.754922,53.292788],[-6.754883,53.292733],[-6.754879,53.292718],[-6.754835,53.292669],[-6.754719,53.29248],[-6.754603,53.292276],[-6.754002,53.292436],[-6.753875,53.292287],[-6.753743,53.292319],[-6.753665,53.292209],[-6.753721,53.292182],[-6.753599,53.292054],[-6.752369,53.292379],[-6.752133,53.292065],[-6.751996,53.291813],[-6.751814,53.291603],[-6.753312,53.291273],[-6.752978,53.29081],[-6.7528,53.290488],[-6.752336,53.290527],[-6.752289,53.290189],[-6.751256,53.289944],[-6.752522,53.289637],[-6.752508,53.289594],[-6.752342,53.289358],[-6.752286,53.289297],[-6.751922,53.289388],[-6.751916,53.289103],[-6.751823,53.288816],[-6.750705,53.289003],[-6.750599,53.288682],[-6.751324,53.288577],[-6.751245,53.288308],[-6.753226,53.288251],[-6.753337,53.288484],[-6.753378,53.288503],[-6.753459,53.288677],[-6.753896,53.289448],[-6.754439,53.28995],[-6.755588,53.289505],[-6.755476,53.289382],[-6.755032,53.289042],[-6.755989,53.288617],[-6.756853,53.289206],[-6.756863,53.289203],[-6.754798,53.289995],[-6.754528,53.290104],[-6.754229,53.290218],[-6.754356,53.290419],[-6.75422,53.290461],[-6.754255,53.290506],[-6.754353,53.290477],[-6.75436,53.290484],[-6.754401,53.290484],[-6.754407,53.290505],[-6.754274,53.290561],[-6.754445,53.290772],[-6.754536,53.290755],[-6.754665,53.290932],[-6.754795,53.290916],[-6.755033,53.291187],[-6.754697,53.291304],[-6.755216,53.291855],[-6.755199,53.291941],[-6.755603,53.292439],[-6.755123,53.292591],[-6.755215,53.292742]]]},"properties":{"aca_name":"Properous","council":"kildare","council_label":"Kildare County Council","ref":"","designation":"Architectural Conservation Area"}},{"type":"Feature","geometry":{"type":"Polygon","coordinates":[[[-6.818222,53.008781],[-6.817809,53.009025],[-6.81797,53.009035],[-6.817963,53.009255],[-6.817324,53.009231],[-6.817186,53.009606],[-6.817168,53.009653],[-6.817152,53.009679],[-6.817141,53.009729],[-6.817129,53.009737],[-6.817044,53.009941],[-6.817334,53.009975],[-6.817624,53.010009],[-6.817647,53.010013],[-6.817684,53.01002],[-6.81739,53.010486],[-6.817414,53.010491],[-6.817286,53.010679],[-6.817157,53.010867],[-6.816967,53.010826],[-6.816777,53.010786],[-6.816504,53.010733],[-6.816231,53.010679],[-6.816236,53.010665],[-6.8162,53.010662],[-6.816164,53.010658],[-6.816073,53.010646],[-6.815949,53.010622],[-6.815824,53.010599],[-6.815478,53.010517],[-6.815353,53.010484],[-6.815371,53.010458],[-6.815061,53.01039],[-6.814975,53.010374],[-6.814973,53.010404],[-6.81494,53.010452],[-6.814719,53.010453],[-6.814459,53.010453],[-6.814449,53.010425],[-6.814434,53.010407],[-6.814309,53.010305],[-6.814251,53.010257],[-6.814144,53.010162],[-6.814132,53.010147],[-6.814119,53.010133],[-6.814111,53.010116],[-6.814102,53.0101],[-6.814105,53.010079],[-6.814109,53.010057],[-6.814121,53.010033],[-6.814133,53.010009],[-6.814159,53.00993],[-6.814185,53.009852],[-6.814186,53.009792],[-6.814187,53.009732],[-6.814167,53.009709],[-6.814159,53.009681],[-6.814151,53.009652],[-6.814153,53.009629],[-6.814156,53.009605],[-6.814131,53.009555],[-6.814107,53.009504],[-6.814085,53.009407],[-6.814084,53.009388],[-6.814075,53.009381],[-6.814066,53.009375],[-6.814063,53.009369],[-6.814059,53.009364],[-6.814062,53.009349],[-6.814065,53.009333],[-6.81407,53.00933],[-6.814075,53.009328],[-6.814074,53.009305],[-6.814074,53.009283],[-6.814078,53.009277],[-6.814082,53.009272],[-6.814083,53.009251],[-6.814084,53.00923],[-6.814077,53.009218],[-6.814069,53.009205],[-6.814071,53.009191],[-6.814074,53.009177],[-6.814073,53.009153],[-6.814071,53.00913],[-6.814065,53.009108],[-6.814059,53.009085],[-6.814211,53.009091],[-6.814363,53.009098],[-6.8145,53.009106],[-6.814637,53.009114],[-6.814866,53.009122],[-6.815095,53.009131],[-6.815173,53.009133],[-6.81518,53.008881],[-6.815188,53.008629],[-6.815222,53.008627],[-6.815257,53.008625],[-6.815365,53.00863],[-6.815473,53.008634],[-6.815551,53.008631],[-6.815659,53.008623],[-6.815767,53.008615],[-6.815851,53.008614],[-6.815935,53.008614],[-6.816006,53.008608],[-6.816077,53.008603],[-6.816287,53.008599],[-6.816496,53.008596],[-6.816883,53.008592],[-6.817269,53.008588],[-6.817293,53.008619],[-6.817386,53.008635],[-6.817479,53.008651],[-6.817481,53.008658],[-6.817483,53.008664],[-6.817853,53.008723],[-6.818222,53.008781]]]},"properties":{"aca_name":"Ballitore","council":"kildare","council_label":"Kildare County Council","ref":"","designation":"Architectural Conservation Area"}},{"type":"Feature","geometry":{"type":"Polygon","coordinates":[[[-6.913588,53.156782],[-6.913611,53.156862],[-6.913664,53.156964],[-6.913765,53.157157],[-6.913809,53.157226],[-6.91384,53.157274],[-6.913874,53.157326],[-6.913894,53.157362],[-6.913999,53.157577],[-6.91419,53.157542],[-6.914311,53.15752],[-6.914354,53.157513],[-6.914512,53.157492],[-6.914584,53.157616],[-6.914511,53.157632],[-6.914509,53.157628],[-6.914398,53.157648],[-6.91443,53.157718],[-6.914442,53.157727],[-6.914482,53.157759],[-6.91449,53.157783],[-6.914469,53.157786],[-6.914481,53.157823],[-6.914474,53.157824],[-6.91449,53.157876],[-6.914569,53.158041],[-6.914352,53.158064],[-6.914257,53.157886],[-6.914196,53.157742],[-6.914154,53.157661],[-6.91404,53.157661],[-6.913924,53.157663],[-6.913923,53.15772],[-6.913811,53.157722],[-6.913676,53.157723],[-6.913628,53.157833],[-6.913469,53.157781],[-6.913231,53.157702],[-6.913222,53.157712],[-6.913192,53.157747],[-6.913101,53.157845],[-6.913063,53.157886],[-6.913046,53.157915],[-6.912979,53.157964],[-6.912917,53.158017],[-6.912884,53.158051],[-6.912831,53.158106],[-6.912803,53.158141],[-6.912778,53.15817],[-6.912834,53.15818],[-6.912789,53.158257],[-6.912705,53.158407],[-6.912381,53.15837],[-6.9123,53.158519],[-6.912212,53.158681],[-6.912127,53.158841],[-6.912086,53.15893],[-6.91204,53.158943],[-6.911992,53.158948],[-6.911932,53.158945],[-6.911655,53.15892],[-6.911355,53.158885],[-6.911051,53.158848],[-6.91067,53.158766],[-6.910387,53.158705],[-6.910313,53.158687],[-6.91014,53.158644],[-6.909934,53.15859],[-6.909896,53.158571],[-6.909865,53.158545],[-6.909847,53.158519],[-6.909846,53.158487],[-6.909881,53.158429],[-6.9099,53.158392],[-6.909931,53.158343],[-6.90997,53.15818],[-6.909971,53.15814],[-6.909929,53.15796],[-6.909875,53.157728],[-6.909875,53.157717],[-6.909876,53.157685],[-6.909881,53.157658],[-6.909762,53.157602],[-6.909527,53.157495],[-6.909362,53.157528],[-6.90934,53.157479],[-6.90924,53.15745],[-6.908995,53.157378],[-6.908958,53.157339],[-6.908576,53.157347],[-6.908345,53.157283],[-6.908442,53.157161],[-6.908195,53.157101],[-6.907922,53.157035],[-6.907761,53.156993],[-6.90774,53.157007],[-6.907694,53.156988],[-6.90784,53.156886],[-6.908044,53.156742],[-6.907711,53.15662],[-6.907374,53.156803],[-6.907314,53.156815],[-6.906859,53.156507],[-6.906958,53.156439],[-6.907094,53.156339],[-6.907212,53.156244],[-6.907397,53.156098],[-6.907469,53.156041],[-6.90756,53.155964],[-6.907365,53.15589],[-6.90713,53.155796],[-6.906918,53.155711],[-6.906879,53.155693],[-6.906868,53.155676],[-6.906857,53.15565],[-6.906852,53.155626],[-6.906854,53.155583],[-6.906862,53.155558],[-6.906877,53.155539],[-6.90689,53.155528],[-6.907017,53.155488],[-6.907251,53.15542],[-6.907382,53.155384],[-6.907553,53.155339],[-6.907714,53.155298],[-6.907822,53.155268],[-6.90794,53.155234],[-6.908064,53.1552],[-6.908192,53.155179],[-6.908285,53.155165],[-6.908412,53.155146],[-6.908596,53.15512],[-6.908759,53.155096],[-6.908918,53.155088],[-6.909243,53.155076],[-6.90969,53.155059],[-6.910137,53.155043],[-6.910507,53.155029],[-6.910805,53.155015],[-6.910898,53.155013],[-6.910911,53.155013],[-6.910927,53.155014],[-6.910959,53.155018],[-6.911,53.155026],[-6.911031,53.155031],[-6.911061,53.155041],[-6.911111,53.155063],[-6.911141,53.15508],[-6.911165,53.155095],[-6.911204,53.155134],[-6.911241,53.155179],[-6.911285,53.155241],[-6.911305,53.155289],[-6.911319,53.155329],[-6.911321,53.155368],[-6.911322,53.155428],[-6.911317,53.15553],[-6.91145,53.155533],[-6.911556,53.155419],[-6.911749,53.155453],[-6.911804,53.155453],[-6.9118,53.155491],[-6.91184,53.155534],[-6.911746,53.155655],[-6.911792,53.155668],[-6.911783,53.155681],[-6.911792,53.15573],[-6.9118,53.155777],[-6.911792,53.155779],[-6.911802,53.155827],[-6.91181,53.155863],[-6.911817,53.155929],[-6.912048,53.155919],[-6.912253,53.155911],[-6.912563,53.155896],[-6.912597,53.156146],[-6.912606,53.156202],[-6.912276,53.15622],[-6.912269,53.156184],[-6.91202,53.156206],[-6.911996,53.156126],[-6.911479,53.156192],[-6.911535,53.156349],[-6.911723,53.156447],[-6.911864,53.156522],[-6.912148,53.156495],[-6.912501,53.156462],[-6.912865,53.156442],[-6.912907,53.156607],[-6.912947,53.156798],[-6.913588,53.156782]]]},"properties":{"aca_name":"Kildare Town","council":"kildare","council_label":"Kildare County Council","ref":"","designation":"Architectural Conservation Area"}},{"type":"Feature","geometry":{"type":"Polygon","coordinates":[[[-6.5936,53.378526],[-6.593533,53.378488],[-6.593318,53.378368],[-6.593885,53.377947],[-6.593989,53.377882],[-6.594189,53.378174],[-6.594172,53.378182],[-6.594195,53.378203],[-6.594329,53.37828],[-6.59447,53.378357],[-6.594412,53.378389],[-6.594536,53.378469],[-6.594474,53.378506],[-6.594659,53.378599],[-6.59569,53.377782],[-6.596655,53.378262],[-6.597405,53.377759],[-6.598483,53.378112],[-6.599549,53.379411],[-6.599295,53.379505],[-6.600023,53.380325],[-6.599563,53.380461],[-6.599707,53.38064],[-6.599835,53.38081],[-6.599968,53.380766],[-6.600318,53.381192],[-6.600755,53.381725],[-6.600626,53.381716],[-6.600549,53.381717],[-6.600434,53.381746],[-6.600284,53.381758],[-6.600144,53.381763],[-6.599302,53.381885],[-6.599082,53.381901],[-6.599069,53.381879],[-6.5983,53.38186],[-6.597549,53.381631],[-6.597042,53.381546],[-6.596465,53.381528],[-6.595512,53.38175],[-6.5954,53.381728],[-6.59525,53.381579],[-6.594921,53.381312],[-6.594799,53.381263],[-6.594567,53.381241],[-6.594311,53.381304],[-6.593593,53.381618],[-6.593279,53.38172],[-6.593337,53.381787],[-6.593189,53.381864],[-6.593108,53.38177],[-6.592994,53.381804],[-6.592755,53.381883],[-6.59231,53.38226],[-6.592274,53.382351],[-6.59209,53.382532],[-6.592044,53.382571],[-6.591922,53.382701],[-6.591889,53.382758],[-6.591829,53.382848],[-6.591772,53.382905],[-6.591702,53.383],[-6.591633,53.383043],[-6.591516,53.383142],[-6.591436,53.383202],[-6.591213,53.383357],[-6.591014,53.383377],[-6.590728,53.383544],[-6.590404,53.383516],[-6.589889,53.38342],[-6.589876,53.383415],[-6.588962,53.382371],[-6.588713,53.382446],[-6.588575,53.382394],[-6.588553,53.38244],[-6.588332,53.382505],[-6.586099,53.383168],[-6.585535,53.383332],[-6.585962,53.383434],[-6.586205,53.383491],[-6.586181,53.383534],[-6.58603,53.383692],[-6.58586,53.383772],[-6.58591,53.383788],[-6.585891,53.383812],[-6.585801,53.38378],[-6.585638,53.383884],[-6.585531,53.383952],[-6.585421,53.384021],[-6.585364,53.384058],[-6.585365,53.3841],[-6.585105,53.384004],[-6.585072,53.384041],[-6.58503,53.384054],[-6.584983,53.384095],[-6.584896,53.384175],[-6.584878,53.384186],[-6.584859,53.384193],[-6.584813,53.384195],[-6.584773,53.384185],[-6.584609,53.384125],[-6.584571,53.384106],[-6.584552,53.384079],[-6.584556,53.384057],[-6.584569,53.384034],[-6.584498,53.384007],[-6.584482,53.384018],[-6.584456,53.384028],[-6.58443,53.384037],[-6.584407,53.38404],[-6.584388,53.38404],[-6.584363,53.384037],[-6.584339,53.384029],[-6.584295,53.38407],[-6.584451,53.384126],[-6.584428,53.384155],[-6.584385,53.384199],[-6.584274,53.384164],[-6.584133,53.384207],[-6.583986,53.384251],[-6.583943,53.384266],[-6.583602,53.384442],[-6.583474,53.384566],[-6.583354,53.38468],[-6.583842,53.384864],[-6.584138,53.384984],[-6.584572,53.385143],[-6.584528,53.385184],[-6.582329,53.385813],[-6.580805,53.386298],[-6.576489,53.387553],[-6.575911,53.386825],[-6.574747,53.385394],[-6.574154,53.384678],[-6.575137,53.384367],[-6.575811,53.384169],[-6.576153,53.38407],[-6.576696,53.383912],[-6.577182,53.383752],[-6.577234,53.383729],[-6.577741,53.383585],[-6.578221,53.38345],[-6.57928,53.38314],[-6.580298,53.382844],[-6.581345,53.382532],[-6.581412,53.38251],[-6.581753,53.382935],[-6.582509,53.383882],[-6.583517,53.383589],[-6.584515,53.383304],[-6.585278,53.383072],[-6.585585,53.38298],[-6.585946,53.382872],[-6.58639,53.382739],[-6.58691,53.382587],[-6.587557,53.382394],[-6.58796,53.382273],[-6.587977,53.382008],[-6.58792,53.381997],[-6.586805,53.381959],[-6.58681,53.381813],[-6.586888,53.381815],[-6.586886,53.381773],[-6.586938,53.381773],[-6.58689,53.381678],[-6.587064,53.381657],[-6.587485,53.381715],[-6.587576,53.381699],[-6.587916,53.381705],[-6.588067,53.381651],[-6.588094,53.381653],[-6.588256,53.381626],[-6.58828,53.381635],[-6.588321,53.381627],[-6.588376,53.381702],[-6.589848,53.381257],[-6.589796,53.381185],[-6.589533,53.380855],[-6.589534,53.380817],[-6.589371,53.380583],[-6.589328,53.380521],[-6.589567,53.380441],[-6.589882,53.380677],[-6.59019,53.380914],[-6.590329,53.381072],[-6.590358,53.381111],[-6.591062,53.380922],[-6.591546,53.380763],[-6.59081,53.379884],[-6.590785,53.379847],[-6.590885,53.379648],[-6.591032,53.379466],[-6.590979,53.379397],[-6.590641,53.379042],[-6.590746,53.379005],[-6.590717,53.378967],[-6.590662,53.378942],[-6.590612,53.378898],[-6.590543,53.37885],[-6.590466,53.378797],[-6.590414,53.378767],[-6.590344,53.378732],[-6.590279,53.378705],[-6.590195,53.378678],[-6.590107,53.378659],[-6.589979,53.37864],[-6.589854,53.378627],[-6.589801,53.378625],[-6.5898,53.378629],[-6.589714,53.37863],[-6.589714,53.378625],[-6.589658,53.378627],[-6.58955,53.378632],[-6.589493,53.378643],[-6.58946,53.378643],[-6.589188,53.378696],[-6.588975,53.378738],[-6.588912,53.378747],[-6.58875,53.378768],[-6.588633,53.378807],[-6.588478,53.378851],[-6.588322,53.378893],[-6.588221,53.378931],[-6.588053,53.378683],[-6.588161,53.378654],[-6.588357,53.378628],[-6.588522,53.3786],[-6.589042,53.37853],[-6.58932,53.378493],[-6.589583,53.378455],[-6.589801,53.378422],[-6.589972,53.378393],[-6.590093,53.378371],[-6.590273,53.378327],[-6.590427,53.378286],[-6.590541,53.378244],[-6.590628,53.378212],[-6.590753,53.378173],[-6.590814,53.378155],[-6.590894,53.378101],[-6.590957,53.378084],[-6.591053,53.378046],[-6.591485,53.377904],[-6.591964,53.37775],[-6.592783,53.377487],[-6.592919,53.377653],[-6.591932,53.377984],[-6.591591,53.378097],[-6.591564,53.378099],[-6.591457,53.37814],[-6.591348,53.378178],[-6.5912,53.378237],[-6.591144,53.378267],[-6.59108,53.378315],[-6.59105,53.378347],[-6.590995,53.378411],[-6.590973,53.378447],[-6.590944,53.378507],[-6.590924,53.378544],[-6.590907,53.378612],[-6.59091,53.37867],[-6.590918,53.378729],[-6.590929,53.378758],[-6.590976,53.37882],[-6.591048,53.378864],[-6.591129,53.378963],[-6.591258,53.379123],[-6.591315,53.379187],[-6.59136,53.379251],[-6.59145,53.379374],[-6.591471,53.379405],[-6.59169,53.379339],[-6.591898,53.379639],[-6.592118,53.379944],[-6.592259,53.380169],[-6.592358,53.380293],[-6.592732,53.380183],[-6.592852,53.380308],[-6.593142,53.38022],[-6.593277,53.380182],[-6.593223,53.380099],[-6.593187,53.380048],[-6.593157,53.380016],[-6.593132,53.37997],[-6.593106,53.379882],[-6.593083,53.379832],[-6.593088,53.379736],[-6.593102,53.379673],[-6.593149,53.379606],[-6.593181,53.379569],[-6.593181,53.379534],[-6.593178,53.379466],[-6.593186,53.379457],[-6.593177,53.379357],[-6.593164,53.37927],[-6.593172,53.379193],[-6.593272,53.379196],[-6.59333,53.379076],[-6.593522,53.3788],[-6.593574,53.378745],[-6.5936,53.378726],[-6.593486,53.378691],[-6.59354,53.37862],[-6.5936,53.378526],[-6.5936,53.378526]]]},"properties":{"aca_name":"Maynooth","council":"kildare","council_label":"Kildare County Council","ref":"","designation":"Architectural Conservation Area"}},{"type":"Feature","geometry":{"type":"Polygon","coordinates":[[[-6.536402,53.340061],[-6.536488,53.339877],[-6.536501,53.339849],[-6.536529,53.339788],[-6.536513,53.339768],[-6.536559,53.339678],[-6.536584,53.33962],[-6.536634,53.339555],[-6.536812,53.339368],[-6.536863,53.339344],[-6.537063,53.339203],[-6.53713,53.339155],[-6.537156,53.339174],[-6.537439,53.339063],[-6.537548,53.339009],[-6.537677,53.338932],[-6.537883,53.338794],[-6.537882,53.33878],[-6.538211,53.338623],[-6.538305,53.338568],[-6.538353,53.338548],[-6.538382,53.338534],[-6.538435,53.338496],[-6.538474,53.338484],[-6.538523,53.338474],[-6.538544,53.338478],[-6.538588,53.338453],[-6.538918,53.338256],[-6.539186,53.338145],[-6.538743,53.337934],[-6.538703,53.337995],[-6.538687,53.338009],[-6.538696,53.338033],[-6.538665,53.338093],[-6.538381,53.338307],[-6.538247,53.3384],[-6.538129,53.338465],[-6.537832,53.338314],[-6.537703,53.338098],[-6.537648,53.338112],[-6.537602,53.338046],[-6.537908,53.337983],[-6.537856,53.337894],[-6.537916,53.337882],[-6.537918,53.337843],[-6.537885,53.337789],[-6.537838,53.337718],[-6.537815,53.337723],[-6.537806,53.337707],[-6.537799,53.337527],[-6.5379,53.337455],[-6.538043,53.337522],[-6.538061,53.337509],[-6.538087,53.33752],[-6.538288,53.337356],[-6.538289,53.337337],[-6.538439,53.337084],[-6.538582,53.337137],[-6.538716,53.33715],[-6.538918,53.33718],[-6.539053,53.337189],[-6.539074,53.337083],[-6.539185,53.336839],[-6.539247,53.336755],[-6.539374,53.336584],[-6.539796,53.336634],[-6.539888,53.33665],[-6.539911,53.33664],[-6.53993,53.336639],[-6.539979,53.33665],[-6.540017,53.336668],[-6.54082,53.337091],[-6.540886,53.337116],[-6.540989,53.337166],[-6.541282,53.337339],[-6.541577,53.337455],[-6.541662,53.337488],[-6.541855,53.337541],[-6.542062,53.337594],[-6.543137,53.337888],[-6.543572,53.338005],[-6.543673,53.33803],[-6.54507,53.338402],[-6.545323,53.338468],[-6.546415,53.33875],[-6.546628,53.338453],[-6.547047,53.338488],[-6.547165,53.338522],[-6.547201,53.338593],[-6.54725,53.338737],[-6.547215,53.338856],[-6.547193,53.338931],[-6.547112,53.33906],[-6.546669,53.33904],[-6.546507,53.339024],[-6.546314,53.338994],[-6.546201,53.339003],[-6.545614,53.33885],[-6.544988,53.338691],[-6.544693,53.338619],[-6.544387,53.338544],[-6.543857,53.338387],[-6.543429,53.338274],[-6.543221,53.338218],[-6.543156,53.338204],[-6.542865,53.338125],[-6.542802,53.338108],[-6.542782,53.338102],[-6.542713,53.338082],[-6.542546,53.338037],[-6.542407,53.337999],[-6.542353,53.337985],[-6.541881,53.33786],[-6.541798,53.338085],[-6.541775,53.338091],[-6.541726,53.338078],[-6.541463,53.338346],[-6.541401,53.338461],[-6.541294,53.338431],[-6.541205,53.338515],[-6.541167,53.338582],[-6.54109,53.338643],[-6.540594,53.338498],[-6.540514,53.338475],[-6.54039,53.338435],[-6.540352,53.338475],[-6.540307,53.33846],[-6.540249,53.338502],[-6.540214,53.338539],[-6.540221,53.338542],[-6.540189,53.338575],[-6.540153,53.338622],[-6.540112,53.338669],[-6.540073,53.338714],[-6.540019,53.338778],[-6.539979,53.338824],[-6.540048,53.338847],[-6.54003,53.338869],[-6.540119,53.338895],[-6.540052,53.339004],[-6.540017,53.339046],[-6.539951,53.339117],[-6.539903,53.339178],[-6.540355,53.339318],[-6.540688,53.339428],[-6.540778,53.339457],[-6.540849,53.339478],[-6.540921,53.339503],[-6.541,53.339527],[-6.541206,53.339598],[-6.541418,53.33966],[-6.541476,53.339683],[-6.541525,53.339697],[-6.541566,53.339705],[-6.541699,53.339746],[-6.541968,53.339827],[-6.541964,53.339831],[-6.542035,53.339854],[-6.542054,53.339863],[-6.542102,53.339877],[-6.542176,53.339899],[-6.542242,53.339921],[-6.542314,53.339946],[-6.542411,53.339979],[-6.542593,53.340041],[-6.542555,53.340084],[-6.54252,53.340121],[-6.542457,53.340186],[-6.54233,53.340318],[-6.542271,53.340383],[-6.542243,53.340407],[-6.5422,53.340454],[-6.542182,53.340476],[-6.542105,53.340559],[-6.542082,53.340583],[-6.542074,53.340583],[-6.542047,53.340579],[-6.541975,53.340648],[-6.541895,53.340738],[-6.541836,53.340812],[-6.541829,53.340822],[-6.541817,53.340832],[-6.541531,53.340759],[-6.541443,53.340739],[-6.54142,53.340734],[-6.541318,53.340706],[-6.541223,53.34068],[-6.541113,53.340649],[-6.541073,53.34064],[-6.541049,53.340634],[-6.54097,53.340615],[-6.540889,53.340596],[-6.540784,53.340568],[-6.540572,53.340506],[-6.540523,53.340491],[-6.540506,53.340512],[-6.540458,53.34056],[-6.540441,53.340554],[-6.540309,53.340695],[-6.539951,53.34058],[-6.539901,53.340567],[-6.539806,53.340541],[-6.53952,53.340463],[-6.539229,53.340382],[-6.539077,53.340343],[-6.539007,53.340426],[-6.538928,53.340512],[-6.538866,53.340579],[-6.538925,53.340601],[-6.538886,53.340642],[-6.538791,53.340745],[-6.538774,53.340738],[-6.538719,53.340797],[-6.538658,53.34086],[-6.538601,53.340921],[-6.538542,53.340983],[-6.538244,53.340856],[-6.538057,53.34078],[-6.537994,53.340847],[-6.538013,53.340854],[-6.537977,53.340895],[-6.53794,53.340935],[-6.538171,53.341034],[-6.538109,53.341086],[-6.538017,53.341156],[-6.537906,53.341114],[-6.537889,53.341131],[-6.537835,53.341172],[-6.537939,53.341228],[-6.537997,53.341256],[-6.537871,53.34133],[-6.538131,53.341525],[-6.538228,53.341571],[-6.538643,53.341785],[-6.538852,53.341907],[-6.539073,53.342034],[-6.539234,53.34214],[-6.539483,53.342274],[-6.539523,53.342297],[-6.539769,53.342432],[-6.53981,53.342455],[-6.539997,53.342537],[-6.54002,53.34252],[-6.540099,53.342553],[-6.54019,53.342593],[-6.540305,53.342644],[-6.540401,53.342692],[-6.540508,53.342742],[-6.540483,53.34276],[-6.540459,53.342773],[-6.540637,53.34287],[-6.540715,53.342913],[-6.540827,53.342974],[-6.541376,53.343288],[-6.54142,53.343313],[-6.541716,53.343471],[-6.541756,53.343497],[-6.541806,53.343524],[-6.541857,53.343558],[-6.541711,53.343648],[-6.541607,53.343745],[-6.54146,53.343787],[-6.5413,53.343836],[-6.541154,53.343882],[-6.541296,53.344237],[-6.541353,53.34438],[-6.541193,53.344418],[-6.541036,53.344456],[-6.540918,53.344484],[-6.540739,53.344527],[-6.539641,53.344789],[-6.539541,53.344812],[-6.53949,53.344736],[-6.539413,53.344617],[-6.539385,53.344576],[-6.539327,53.344491],[-6.539323,53.344481],[-6.539288,53.344429],[-6.539249,53.344373],[-6.539103,53.344154],[-6.539025,53.34404],[-6.539004,53.344005],[-6.538995,53.343992],[-6.539021,53.343986],[-6.53905,53.34398],[-6.539047,53.343976],[-6.539263,53.343914],[-6.539485,53.343862],[-6.539792,53.343799],[-6.539874,53.34378],[-6.539977,53.343759],[-6.540231,53.343715],[-6.540592,53.343628],[-6.540586,53.343598],[-6.540641,53.343591],[-6.540735,53.34357],[-6.540801,53.343563],[-6.540995,53.34353],[-6.540737,53.343383],[-6.540587,53.343275],[-6.540549,53.343251],[-6.540538,53.343257],[-6.540372,53.343159],[-6.540159,53.343041],[-6.540027,53.342975],[-6.539916,53.342984],[-6.539768,53.342912],[-6.539336,53.342703],[-6.538762,53.342401],[-6.53865,53.342345],[-6.538531,53.342285],[-6.538568,53.342259],[-6.538493,53.342214],[-6.538465,53.34223],[-6.53835,53.342159],[-6.538338,53.342154],[-6.538354,53.342141],[-6.537915,53.341832],[-6.537909,53.341826],[-6.53769,53.341902],[-6.537624,53.341925],[-6.537385,53.341569],[-6.537076,53.341631],[-6.53702,53.34164],[-6.536879,53.341766],[-6.536835,53.341801],[-6.536502,53.341707],[-6.536251,53.341951],[-6.535817,53.341827],[-6.535808,53.341786],[-6.535776,53.341741],[-6.535713,53.341717],[-6.535608,53.341685],[-6.535422,53.341634],[-6.53537,53.34162],[-6.535382,53.341602],[-6.535427,53.34148],[-6.535453,53.341447],[-6.535503,53.341379],[-6.535554,53.3413],[-6.535639,53.341187],[-6.535672,53.341162],[-6.535704,53.341143],[-6.535748,53.341129],[-6.535875,53.340952],[-6.53599,53.340801],[-6.536074,53.340696],[-6.536138,53.340608],[-6.536131,53.340532],[-6.536223,53.340443],[-6.53625,53.340288],[-6.536366,53.340125],[-6.536389,53.340088],[-6.536395,53.340075],[-6.536402,53.340061]],[[-6.547992,53.331252],[-6.548282,53.331003],[-6.548403,53.330845],[-6.54848,53.330842],[-6.548559,53.330768],[-6.548467,53.330734],[-6.548489,53.330689],[-6.548529,53.330629],[-6.548534,53.330623],[-6.548524,53.33062],[-6.548647,53.330381],[-6.548696,53.330361],[-6.548715,53.330326],[-6.548695,53.330296],[-6.548905,53.329869],[-6.549117,53.329406],[-6.549126,53.329385],[-6.549218,53.329358],[-6.549238,53.329312],[-6.549188,53.329259],[-6.549231,53.32916],[-6.549259,53.329098],[-6.549291,53.329024],[-6.549329,53.328922],[-6.549361,53.328882],[-6.54942,53.328732],[-6.549503,53.328539],[-6.549531,53.328487],[-6.550066,53.328574],[-6.550066,53.328574],[-6.550093,53.328578],[-6.550067,53.32862],[-6.55001,53.328756],[-6.549982,53.328816],[-6.549909,53.328907],[-6.54989,53.328955],[-6.549864,53.329008],[-6.549712,53.32929],[-6.54965,53.329365],[-6.549435,53.329795],[-6.549403,53.329939],[-6.549176,53.330572],[-6.549097,53.330795],[-6.549138,53.33081],[-6.549145,53.330803],[-6.549155,53.330809],[-6.549075,53.330899],[-6.548958,53.330989],[-6.548662,53.331215],[-6.548567,53.331171],[-6.548505,53.331218],[-6.548542,53.331238],[-6.548324,53.331408],[-6.547992,53.331252]]]},"properties":{"aca_name":"Celbridge","council":"kildare","council_label":"Kildare County Council","ref":"","designation":"Architectural Conservation Area"}},{"type":"Feature","geometry":{"type":"Polygon","coordinates":[[[-7.06781,53.137285],[-7.067917,53.137379],[-7.068425,53.137646],[-7.068936,53.137428],[-7.069267,53.13763],[-7.070084,53.138158],[-7.0691,53.138623],[-7.067919,53.137922],[-7.068296,53.137683],[-7.06769,53.137295],[-7.06781,53.137285]],[[-7.066738,53.143393],[-7.066135,53.14417],[-7.065797,53.144595],[-7.065222,53.14445],[-7.064474,53.143565],[-7.065152,53.143303],[-7.063397,53.141507],[-7.063643,53.141437],[-7.064521,53.140849],[-7.064789,53.140749],[-7.064561,53.140559],[-7.064639,53.140517],[-7.064539,53.140411],[-7.064579,53.140392],[-7.064476,53.140296],[-7.064397,53.140178],[-7.064583,53.140096],[-7.064483,53.140001],[-7.064212,53.140101],[-7.064128,53.140004],[-7.064247,53.139934],[-7.064092,53.139713],[-7.064017,53.139666],[-7.063957,53.139666],[-7.063913,53.139612],[-7.063761,53.139657],[-7.063715,53.139609],[-7.063602,53.139504],[-7.063175,53.139367],[-7.063133,53.139259],[-7.062738,53.139393],[-7.062388,53.139149],[-7.061996,53.138863],[-7.061889,53.138845],[-7.061715,53.138789],[-7.061259,53.139045],[-7.06107,53.139127],[-7.060602,53.138607],[-7.060075,53.13856],[-7.060201,53.138445],[-7.063681,53.137765],[-7.06441,53.138775],[-7.064768,53.139037],[-7.065445,53.139404],[-7.065753,53.139556],[-7.06602,53.139672],[-7.066309,53.13985],[-7.066386,53.139907],[-7.066559,53.140085],[-7.066863,53.140503],[-7.066959,53.140674],[-7.067037,53.140778],[-7.067097,53.140912],[-7.067149,53.14099],[-7.06721,53.141056],[-7.067289,53.141179],[-7.067386,53.14128],[-7.06756,53.141476],[-7.067721,53.141633],[-7.066884,53.141929],[-7.066821,53.141871],[-7.065713,53.142277],[-7.06673,53.143393],[-7.066738,53.143393]]]},"properties":{"aca_name":"Monasterevin","council":"kildare","council_label":"Kildare County Council","ref":"","designation":"Architectural Conservation Area"}}]}